Cod_Barra;PLU;Nombre;Ventas_Total
"22129";"22129";"PIE DE FRAMBUESA";"64"
"30825";"30825";"CINNAMON ROLLS MARLEY";"80"
"30845";"30845";"BERLIN MANJAR ";"44"
"30822";"30822";"CARROT CAKE MARLEY ";"57"
"30824";"30824";"NY COOKIE MARLEY ";"85"
"30844";"30844";"BERLINES DE PASTELERA ";"86"
"30846";"30846";"CALZONES ROTOS";"43"
"183";"183";"PIZZA JAMON QUES0";"37"
"16016";"16016";"PAN CON CHICHARRONES pnd";"1465"
"6970";"6970";"SANDWICH BAGEL JAMON QUESO";"255"
"6972";"6972";"SANDWICH CROISSANT JAMON QUESO ";"300"
"6962";"6962";"SANDWICH CROISSANT AVE MAYO PALTA";"199"
"30826";"30826";"ALFAJOR BONBON MARLEY ";"74"
"30498";"30498";"POSTRE MOTE CON HUESILLO 600 ML APROX";"91"
"23";"23";"PICHANGA FRIA  rtc";"575.7509999999997"
"30830";"30830";"CINNAMON ROLLS ";"31"
"608";"608";"PICHANGA PREMIUN";"1.2000000000000002"
"6305";"6305";"ESCALOPA  PIERNA DE CERDO KG";"11.452"
"799";"799";"CARBONADA DE CERDO  ";"6.759"
"12532";"12532";"PASTA FIDEOS CON CAMARON Y SALSA THAI 350 GRS APROX DISTRIBUIDOR";"7"
"12553";"12553";"PASTA ÑOQUI CON SALSA BOLOÑESA 350 GRS APROX DISTRIBUIDOR";"5"
"12552";"12552";"PASTA ÑOQUI AL PESTO 350 GRS APROX DISTRIBUIDOR";"5"
"12531";"12531";"PLATO CHILENO PASTEL DE CHOCLO 300 GRS APROX DISTRIBUIDOR";"11"
"30373";"30373";"PLATO CHILENO PASTEL DE CHOCLO 300 GRS APROX";"142"
"30495";"30495";"PLATO CHILENO MERLUZA A LA SIDRA CON PAPAS GRATINADAS 360 GRS APROX";"19"
"30340";"30340";"PASTA LASAÑA BOLOÑESA 300 GRS. APROX";"162"
"12534";"12534";"PASTA LASAÑA FAMILIAR 4 PORCIONES 1100 GRS APROX DISTRIBUIDOR";"4"
"12801";"12801";"PASTA LASAÑA VEGETARIANA 500 GRS APROX DISTRIBUIDOR ";"10"
"12502";"12502";"PASTA LASAÑA BOLOÑESA 300 GRS APROX DISTRIBUIDOR";"13"
"12557";"12557";"PASTA RAVIOLES CON SALSA BOLOÑESA 350 GRS APROX DISTRIBUIDOR";"12"
"12802";"12802";"GOHAN SALMON 450 GRS APROX DISTRIBUIDOR";"18"
"918";"918";"MARRAQUETA";"2079.175"
"12511";"12511";"PASTA LASAÑA BOLOÑESA HALOPACK 400 GRS APROX DISTRIBUIDOR";"7"
"12533";"12533";"PASTA FIDEOS CON POLLO Y SALSA THAI 350 GRS APROX DISTRIBUIDOR";"2"
"12537";"12537";"PLATO INTER. SALMON CON RISOTTO DE CHAMPIÑONES 350 GRS DISTRIBUIDOR";"6"
"54";"54";"HALLULLA";"11024.532"
"12526";"12526";"ENSALADA CESAR POLLO 300 GRS DISTRIBUIDOR";"12"
"12512";"12512";"PLATO CHILENO PASTEL DE CHOCLO 400 GRS APROX DISTRIBUIDOR";"12"
"12562";"12562";"WRAP SALUDABLE PROTEICO 350 GRS APROX DISTRIBUIDOR";"31"
"12800";"12800";"GOHAN POLLO TERIYAKI 450 GRS APROX DISTRIBUIDOR";"7"
"90200";"90200";"PAN DE QUESO ,JAMON SERRANO ,OREGANO 230 GR APROX";"42"
"16047";"16047";"PAN DE QUESO TEJA FOO  230 APROX";"25"
"65252";"65252";"MALLA MORRON ROJO 2";"19"
"506";"506";"PAN QUESO ENVASADO 350 GRS APROX";"16"
"30417";"30417";"ENSALADA CEVICHE DE COCHAYUYO 320 GRS APROX";"66"
"30337";"30337";"POKE ATUN SPICY 350 GRS APROX";"22"
"6957";"6957";"ENSALADA JAMON SERRANO 350 GRS APROX";"41"
"6959";"6959";"ENSALADA DEL MAR 350 GRS APROX";"39"
"30703";"30703";"PASTA LASAÑA VEGETARIANA MEDIANA 500 GRS";"8"
"6993";"6993";"ENSALADA DE POLLO 350 GRS APROX";"26"
"30815";"30815";"TARTA CITRON MARLEY  ";"58"
"30816";"30816";"CHEESCAKE FRAMBUESA NUEVO MARLEY ";"140"
"30819";"30819";"BROWNIE AVELLA EUROPEA MARLEY ";"50"
"30821";"30821";"TORTA CHOCO CAFE MARLEY ";"42"
"30823";"30823";"PROFITEROL CRAQUELINE CHOCOMARACUYA MARLEY";"50"
"30827";"30827";"TARTA QUEEN FIZZ MARLEY ";"36"
"30710";"30710";"WRAP FALAFEL Y HUMMUS 350 GRS APROX";"11"
"30384";"30384";"POKE SALMON SPICY 350 GRS APROX";"7"
"30450";"30450";"WRAP SALUDABLE PROTEICO 350 GRS APROX";"141"
"30396";"30396";"ENSALADA CEVICHE SALMON 320 GRS. APROX";"137"
"30800";"30800";"NY COOKIE & CREAMS";"85"
"30817";"30817";"CHEESECAKE CARAMELO SALADO MARLEY ";"81"
"30818";"30818";"TARTA CHOCOBOM CARAMEL MARLEY ";"48"
"30820";"30820";"BROWNIE MARQUIS MARLEY ";"43"
"30342";"30342";"PASTA ÑOQUIS CON SALSA BOLOÑESA 360 GRS";"42"
"30403";"30403";"PASTA SPAGHETTI ALFREDO 350 GRS APROX";"27"
"30431";"30431";"PLATO CHILENO PASTEL DE CHOCLO VEGETARIANO 500 GRS APROX";"50"
"30335";"30335";"PLATO CHILENO PASTEL DE PAPA MEDIANO 500 GRS APROX";"84"
"30449";"30449";"PLATO CHILENO PASTEL DE CHOCLO 500 GRS APROX";"101"
"30427";"30427";"PLATO CHILENO PASTEL DE CHOCLO FAMILIAR 4 PORCIONES 1100 GRS APROX";"6"
"30407";"30407";"PASTA SPAGHETTI ALFREDO CON POLLO 350 GRS APROX";"32"
"30406";"30406";"PASTA RAVIOLES CON SALSA BOLOÑESA 350 GRS APROX";"51"
"30702";"30702";"PASTA ÑOQUIS AL PESTO 350 GRS APROX";"28"
"7898";"7898";"PLATO CHILENO PASTEL DE PAPA 2 PORCIONES 800 GRS APROX";"20"
"9979";"9979";"PASTA ÑOQUIS CON SALSA BOLOÑESA FAMILIAR 1100 GRS APROX";"3"
"30492";"30492";"PLATO CHILENO LENGUA NOGADA CON PURE 360 GRS APROX";"15"
"30705";"30705";"PLATO INTER. SALMON CON RISOTTO DE CHAMPIÑONES 350 GRS APROX";"36"
"7802107001705";"800008161";"SIX PACK CERVEZA KUNSTMANN LAGER BLANC 330 CC";"12"
"30385";"30385";"PLATO INTER. RIÑONES AL JEREZ CON ARROZ 350 GRS APROX";"5"
"30464";"30464";"PLATO CHILENO QUESO DE PATA 320 GRS APROX";"8"
"30504";"30504";"PLATO CHILENO CHUPE DE JAIBA 2 PORCIONES 800 GRS APROX";"21"
"30514";"30514";"PLATO CHILENO GUATITAS A LA JARDINERA CONA ARROZ 350 GRS APROX";"38"
"30706";"30706";"PLATO INTER. BUTTER CHICKEN CON ARROZ 350 GRS. APROX";"42"
"30362";"30362";"PLATO CHILENO CHUPE DE JAIBA 300 GRS APROX";"15"
"30708";"30708";"PLATO INTER. SALMON CON RISOTTO AL PESTO 350 GRS APROX";"31"
"7802107000913";"800001973";"PACK X6 CERVEZA KUNSTMANN VALDIVIA 330 CC";"13"
"30405";"30405";"PASTA FIDEOS CON CAMARON Y SALSA THAI 350 GRS APROX";"146"
"30440";"30440";"PASTA FIDEOS CON POLLO Y SALSA THAI 350 GRS APROX";"123"
"30429";"30429";"PIZZA SALAME PEPPERONI INDIVIDUAL 380 GRS APROX";"35"
"6968";"6968";"PIZZA POLLO BARBECUE INDIVIDUAL 400 GRS APROX";"34"
"6955";"6955";"PIZZA VEGETARIANA INDIVIDUAL 380 GRS APROX";"24"
"30369";"30369";"PIZZA HAWAIANA INDIVIDUAL 400 GRS APROX";"18"
"7903";"7903";"PLATO CHILENO MERLUZA CANCATO CON QUINOA VERDE 360 GRS APROX";"17"
"1010";"1010";"ENSALADA CESAR POLLO 300 GRS APROX";"130"
"363";"363";"PAN MOLDE CON CERVEZA  450  APROX";"98"
"61212";"61212";"PAN HAMBURGUESA CON CERVEZA 580 GR APROX";"69"
"807";"807";"PASTEL TORTA CALUGA ";"64"
"915";"915";"BAGUETTE MASA MADRE";"11"
"16014";"16014";"PAN MOLDE INTEGRAL ";"157"
"16083";"16083";"PAN HOTELERO 700GR";"132"
"30954";"30954";"HOTELERO INTEGRAL";"89"
"326";"326";"SANDWICH BAGEL CHAMPIÑON QUESO CREMA PESTO 220 GRS";"94"
"60541";"60541";"GALLETON AVENA PASAS Y NUECES";"557"
"22156";"22156";"GALLETON AVENA / FRUTOS ROJOS";"200"
"322";"322";"SANDWICH BAGEL QUESO DE CABRA PESTO TOMATE 220 GRS ";"80"
"9894";"9894";"CIABATTA RUSTICO  INTEGRAL KG";"352.298"
"550";"550";"CIABATTA RUSTICO INTGRAL ENV 400 GR";"97"
"7802920009612";"800007931";"PACK X 6 LECHE SEMI DESCREMADA ";"4"
"7802920008325";"800007785";"PACK 3 LECHE CAPPUCCINO COLUN 330ML";"1"
"7802920801872";"11800";"PACK 6 LECHE ENTERA COLUN 200ML";"19"
"7802920009513";"800007935";"PACK X 3 LECHE CON CHC LIGHT 330ML";"1"
"180";"180";"PIZZA SALAME PEPPERONI 630 GRS APROX";"47"
"6945";"6945";"PIZZA CUATRO QUESOS 620 GRS APROX";"20"
"254";"254";"PIZZA POLLO BBQ 630 GRS APROX";"37"
"182";"182";"PIZZA VEGETARIANA 630 GRS APROX";"28"
"13490";"13490";"PIZZA CAMARON QUESO 660 GRS APROX";"60"
"7802920009674";"80033";"PACK 6 LECHE CHOC COLUN S/LACTOSA 200ML ";"9"
"7802920106120";"80022";"PACK 6 LECHE VAINILLA COLUN 220ML";"7"
"7802920011615";"80098";"PACK 6 LECHE CHOCOLATE ORIGEN COLUN 220ML";"27"
"7802900003500";"80065";"PACK X 6 LECHE COOKIES SOPROLE 220ML";"1"
"7802920759166";"80094";"PACK 6 LECHE FRUTILLA COLUN 220ML";"17"
"6944";"6944";"PIZZA HAWAIANA 615 GRS APROX";"23"
"6947";"6947";"PASTA LASAÑA DE SALMON Y ESPINACA 2 PORCIONES 800 GRS APROX";"21"
"7802900197070";"9987";" LECHE CHOCO ZERO LACTO 200 ML";"7"
"30381";"30381";"POSTRE PANNA COTTA CON COCO Y MANGO 190 GRS APROX";"15"
"30380";"30380";"POSTRE ARROZ CON LECHE 230 GRS APROX";"10"
"30419";"30419";"POSTRE SEMOLA CON SALSA DE MARACUYA 190 GRS APROX";"25"
"30435";"30435";"POSTRE PANNA COTTA CON FRAMBUESA 190 GRS APROX";"29"
"6996";"6996";"PLATO CHILENO PASTEL DE CHOCLO 2 PORCIONES 800 GRS APROX";"29"
"30394";"30394";"SANDWICH PAN DE CERVEZA JAMON SERRANO 240 GRS APROX";"13"
"30412";"30412";"PASTA LASAÑA BOLOÑESA HALOPACK 400 GRS APROX";"39"
"30438";"30438";"SANDWICH PAN DE CERVEZA SALMON AHUMADO EN FRIO 240 GRS APROX";"25"
"6974";"6974";"PLATO INTER. ALBONDIGAS ATOMATADAS CON POLENTA CREMOSA 350 GRS APROX";"14"
"30422";"30422";"HAMBURGUESA PAN DE CERVEZA 370 GRS APROX";"44"
"30414";"30414";"PLATO CHILENO PASTEL DE CHOCLO HALOPACK 400 GRS APROX";"21"
"30395";"30395";"PLATO CHILENO CARNE MECHADA CON PAST. DE CHOCLO 360 GRS APROX";"49"
"30704";"30704";"PLATO INTER. AJI DE GALLINA CON ARROZ 360 GRS APROX";"36"
"30372";"30372";"PLATO INTER. POLLO CON SALSA DE CHAMPIÑONES Y PURE 350 GRS APROX";"37"
"30186";"30186";"TORTA PINA 19 CM";"8"
"917";"917";"PAN HAMBURGUESA FABR PROPIA";"182.68300000000002"
"30371";"30371";"PLATO INTER. POLLO CON SALSA CUATRO QUESOS Y PAPAS ASADAS 350 GRS APROX";"31"
"22021";"22021";"POSTRE PIE FRAMBUESA 145 GR APRO";"15"
"22136";"22136";"KUCHEN DE ARANDANO";"34"
"7902";"7902";"PASTA LASAÑA VEGETARIANA 2 PORCIONES 800 GRS APROX";"13"
"90123";"90123";"POSTRE PAI LIMON 145 GR APROX";"16"
"94156";"94156";"POSTRE PIE MARACUYA 145 APROX ";"14"
"22050";"22050";"PIE DE LIMON ENTERO pst";"96"
"22085";"22085";"KUCHEN DE FRAMBUESA";"175"
"22115";"22115";"PASTEL FIESTA VALDIVIANA IND.";"20"
"6946";"6946";"PASTA LASAÑA BOLOÑESA 2 PORCIONES 800 GRS APROX";"37"
"22041";"22041";"MENDOCINOS pst";"259"
"30480";"30480";"GOHAN CHAMPIÑON 450 GRS APROX";"87"
"30486";"30486";"GOHAN ACEVICHADO 450 GRS APROX";"286"
"30428";"30428";"GOHAN POLLO TERIYAKI 450 GRS APROX";"811"
"30434";"30434";"GOHAN SALMON 450 GRS APROX";"291"
"30488";"30488";"GOHAN CAMARON 450 GRS APROX";"276"
"22258";"22258";"PASTEL FLOR DE LOTO IND.";"45"
"928";"928";"PAN ITALIANO KG";"1936.0020000000004"
"104";"104";"PAN TOSCANO";"336.596"
"22072";"22072";"TORTA FIESTA VALDIVIANA 19 CM";"15"
"22006";"22006";"BRAZO DE REINA";"61"
"94159";"94159";"TORTA WHISKY ";"2"
"22102";"22102";"TORTA  ONCOL  19 CM";"27"
"60598";"60598";"VASO SELVA NEGRA";"13"
"30300";"30300";"TORTA FLOR DE LOTO 19 CM";"5"
"71240";"71240";"TORTA CELESTIAL VASO";"29"
"6949";"6949";"TORTA TIRAMISU VASO";"40"
"71239";"71239";"TORTA BAILEYS OTOÑAL VASO";"17"
"408";"408";"PAN CIABATTA RUSTICO GRANEL";"1163.2759999999994"
"30445";"30445";"CHEESECAKE FRAMBUESA";"16"
"60594";"60594";"TORTA CALUGA M";"26"
"22056";"22056";"TARTALETA DE FRUTAS";"25"
"60612";"60612";"PIE RELLENO DE MARACUYA";"31"
"22126";"22126";"BRAZO DE REINA CHOCOLATE GRANILLO";"59"
"9654";"9654";"TORTA CELESTIAL M ";"23"
"30447";"30447";"CHEESECAKE MARACUYA";"10"
"30465";"30465";"STRUDEL ALEMAN";"13"
"22153";"22153";"TORTA BELZEBOO";"1"
"778433576";"778433576";"PAN DE PASCUA TEJAFOOD";"118"
"60532";"60532";"TORTA ZANAHORIA M";"11"
"22248";"22248";"KUCHEN DE NUEZ";"48"
"65099";"65099";"KUCHEN FRUTOS DEL BOSQUE TEJA MARKET";"94"
"30409";"30409";"QUEQUE ARTESANAL TEJA FOOD";"16"
"7802100006424";"800007547";"SIX PACK LEMON STONES SANDÍA LATA 350 CC";"9"
"9981";"9981";"PERNIL DE CERDO AL HORNO";"3"
"90";"90";"GALLETON AVENA ZANAHORIA ";"31"
"60614";"60614";"TARTA MANZANA MURTA";"24"
"916";"916";"MIX DE TARTAS ";"21"
"16038";"16038";"PAN MOLDE INTEGRAL SEMILLAS";"254"
"30490";"30490";"POSTRE VASO MIX DE FRUTA 300 GRS APROX";"116"
"23017";"23017";"POLLO ASADO ENTERO KG";"603.764"
"6995";"6995";"SANDWICH PITA SALMON AHUMADO";"158"
"2606952006909";"6952";"SANDWICH MIGA AVE PIMIENTO";"84"
"7606";"7606";"CARNE MOLIDA NAC TEJA FOOD KG";"258.231"
"20";"20";"CHULETA CENTRO KG AUTOSERV";"0.612"
"18";"18";"TUTO LARGO DE POLLO KG AUTOSERV";"1"
"50087";"50087";"POLLO ASADO CON PAPAS FRITAS";"74"
"30387";"30387";"PASTA FLORA INDIVIDUAL";"145"
"30563";"30563";"CHEESECAKE DE MURTA";"5"
"30297";"30297";"TORTA PINO HUACHO ";"22"
"30443";"30443";"CHEESECAKE INDIVIDUAL";"92"
"21214";"21214";"PIE DE FRAMBUESA IND.";"187"
"22241";"22241";"PASTEL FRAMBUESA IND";"4"
"117";"117";"KUCHEN MIGA RELLENO";"51"
"30476";"30476";"BIENENSTICH (KUCHEN DE NUEZ RECETA ALEMANA)";"9"
"22240";"22240";"TORTA PANQUEQUE CHOC , MANJAR , NUEZ ";"9"
"22167";"22167";"TORTA SELVA VALDIVIANA";"20"
"87";"87";"TARTALETA PASTA FLORA";"20"
"7770";"7770";"TORTA CELESTIAL ";"15"
"22055";"22055";"TARTALETA DE FRUTA INDIVIDUAL";"75"
"22076";"22076";"TRUFA MANJAR";"813"
"30301";"30301";"BROWNIE MANT MANI CHOC BLANCO";"47"
"60605";"60605";"QUEQUE INGLES RED";"8"
"540";"540";"PAN HAMBURGUESA  ENVASADO 430 GRS APROX";"123.256"
"89890";"89890";"BROWNIE MANJAR";"93"
"523";"523";"PAN DOBLADITA ENVASADO 310GRAS APROX";"19"
"334";"334";"QUEQUE NARANJA 500 GRS. APROX";"35"
"345";"345";"QUEQUE CHIPS DE CHOCOLATE 500 GRS APROX";"41"
"30716";"30716";"PAN CHILOTE TEJA MARKET";"277.74300000000005"
"7600";"7600";"CARNE TARTARO TEJA FOOD NAC KG";"295.78000000000003"
"7759";"7759";"CARNE PARA HAMBURGUESA NAC";"48.515"
"935";"935";"ESCALOPA POSTA NEGRA KG";"83.90900000000002"
"7607";"7607";"CARNE CUBO NAC TEJA FOOD (POSTA ROSADA)";"88.04499999999999"
"7609";"7609";"CARNE BISTEC NACTEJA FOOD (ASIENTO)";"161.785"
"95953";"95953";"BROWNIE FRAMBUESA CHOCOLATE";"66"
"30455";"30455";"QUEQUE BROWNIE 600 GRS.";"52"
"551";"551";"PIE DE MARACUYA IND.";"71"
"304";"304";"QUEQUE PLATANO";"38"
"7610";"7610";"CARNE A LA JULIANA NAC TEJA FOOD";"71.85000000000001"
"60600";"60600";"QUEQUE DE FRAMBUESA";"28"
"355";"355";"OSOBUCO PIERNA VACUNO AUTOSS";"76.497"
"8587";"8587";"ALBONDIGA TEJA FOOD (P. ROSADA)";"25.584999999999997"
"6999";"6999";"CARNE MOLIDA 10% GRASA";"571.8640000000001"
"796";"796";"LOMO DE CERDO EN MEDALLONES";"32.565"
"9984";"9984";"PAN FUGAZZA CEBOLLA";"78"
"9983";"9983";"PAN FUGAZZA TOSCANO";"39"
"2011";"2011";"CAFE MARLEY MEDIANO ";"122"
"2010";"2010";"CAFE MARLEY ESPRESSO";"8"
"2012";"2012";"CAFE MARLEY GRANDE";"86"
"7802100005991";"800006848";"SIX PACK CERVEZA LATA LEMON ST BERRIES 350 CC";"16"
"80808";"80808";"POSTRE VASO DE FRUTILLAS CON YOGURT 250 GRS APROX";"102"
"71236";"71236";"POSTRE TRILOGÍA DE SÉMOLA CON LECHE 320 GRS APROX";"14"
"30690";"30690";"POSTRE VASO DE PIÑA 250 GRS APROX";"77"
"920";"920";"PAN BAGUETTE INTEGRAL ";"64"
"335";"335";"QUEQUE NUEZ 500 GRS APROX";"35"
"22051";"22051";"PIE DE LIMON INDIVIDUAL";"200"
"22112";"22112";"PASTEL  SELVA VALDIVIANA IND.";"42"
"22246";"22246";"PASTEL PINO HUACHO IND.";"30"
"7802820191929";"800006090";"PACK X6 NECTAR ANDINA MULTI FRUTILLA 200CC";"6"
"7891991305686";"800005959";"SIX PACK CERVEZA CORONA CERO 330 ML";"20"
"7802107001255";"800005471";"PACK X4 CERV KUNSTMANN VALDIVIA 473 CC LATA";"380"
"8852";"8852";"QUESO ROBLE TZ";"52.888"
"7802100001573";"800004898";"SIX PACK LEMON STONE MANGO LATA 350CC";"16"
"7802107001170";"800004852";"PACK X4 CERVEZA KUNSTMANN TOROBAYO LATA 470CC";"294"
"8802";"8802";"QUESO LAS PARCELAS TZ";"98.63999999999997"
"8812";"8812";"QUESO RIO CRUCES TZ";"132.1"
"16013";"16013";"PAN MOLDE BLANCO ";"71"
"7802100002532";"800004391";"SIX PACK LEMON STONES MARACUYA LATA 350 CC";"28"
"7802100002754";"800001219";"PACK X6 CERVEZA ROYAL LATA 470 CC";"24"
"7802130001765";"800003289";"PACK X6 CERVEZA STELLA ARTOIS 473 CC";"32"
"7804615340413";"800003202";"PACK 4 UNDS CERVEZA KROSS 5 ANOS 330 CC";"1"
"7802130002922";"800003041";"PACK CERV. CUSQUENA LATA GOLD 473ML X6";"53"
"7802130002496";"800003004";"PACK X6 CERV BUDWEISER 473CC LATA";"76"
"4008400221021";"800002863";"PACK X 10 CHOCOLATE KINDER MAXI 21GR";"24"
"7802820550511";"5433";"PACK X6 NECTAR ANDINA DURAZNO 200CC";"6"
"7802820700107";"5464";"PACK X6 NECTAR ANDINA NARANJA 200CC";"11"
"7802820700299";"5469";"PACK X6 NECTAR ANDINA PINA 200CC";"2"
"7802820700480";"800002464";"PACK X6 NECTAR ANDINA MANZANA 200CC";"9"
"164";"164";"PAN INTEGRAL pnd";"278.02700000000004"
"60568";"60568";"PAN PITA INTEGRAL";"373.195"
"7802100003539";"800001072";"PACK X6 CERVEZA COORS LATA 470CC";"14"
"7802100003553";"800001040";"PACK X6 CERVEZA HEINEKEN 470CC LATA";"71"
"922";"922";"PAN BAGUETTE FABR PROPIA";"259"
"914";"914";"PAN COPIHUE FABR PROPIA";"449.1139999999999"
"16037";"16037";"PAN PITA";"441.0769999999999"
"7802130002274";"800000262";"PACK CORONA 330 ML X 6 UNDS";"26"
"7802100003249";"700045";"CERVEZA COORS 1873 X 6 355CC";"18"
"7802107000487";"778431988";"PACK CERVEZA KUNSTMANN IPA 330 CCX4";"2"
"7802107000210";"778431916";"PACK X 4 CERVEZA KUNSTMANN 330CC MIEL ";"4"
"7804615340260";"4952";"PACK 4 UNDS KROSS MAIBOCK 330CC";"12"
"7792798012947";"778433253";"PACK X6 CERVEZA QUILMES LATA 473CC";"93"
"7802100003294";"778432547";"PACK CERVEZA HEINEKEN S/ALCOHOL 6X330CC";"38"
"7802100002723";"98754";"PACK 6 CRISTAL CERO RADLER 350CC";"27"
"7802100505583";"40200";"PACK BOT ROYAL 6X330CC";"62"
"7802100505354";"4103";"PACK CERVEZA CRISTAL LAGER LATA 6 X 470CC";"20"
"7802100106094";"4644";"SIX PACK LEMON STONES LATA 350 CC";"28"
"7804615340024";"4863";"CERVEZA KROSS GOLDEN 330 X4";"19"
"7802107000272";"5011179";"PACK KUNSTMANN S/ALCOHOL 4X330CC";"14"
"7802107001378";"4880";"PACK CERVEZA KUNSTMANN BOCK X 4 UNDS";"4"
"7802100002730";"5011012";"PACK CERVEZA CRISTAL CERO RADLER BOT 355CC";"22"
"7802100001122";"4893";"PACK BOT CRISTAL CERO X 6 UNDS 355 ML";"20"
"7802100505378";"4709";"PACK ESCUDO X 6 UNDS 470CC";"37"
"7802107001354";"4896";"PACK CERVEZA KUNSTMANN LAGER X 4 UNDS 330CC";"4"
"034100175054";"4775";"PACK X6 CERVEZA MILLER BOTELLIN 330CC";"6"
"7802100001139";"4803";"PACK CRISTAL CERO X 6 UNDS 350 CC";"19"
"7804615340055";"4955";"PACK 4 UND KROSS PILSNER 330CC";"3"
"7804615340031";"40207";"PACK CERVEZ KROSS STOUT 4X330ML";"6"
"7802107001408";"4879";"PACK X 4 CERVEZA KUNSTMANN TOROBAYO ";"25"
"381519180767";"800007985";"ACONDICIONADOR HERBAL ESS ROSA HIPS 400 ML";"13"
"8003753900438";"800002425";"CAFE ILLY MOLIDO TOST CLASICO LATA 250 GRS";"4"
"799192715969";"800008000";"SANDWICH VEGETAL DOBLE QUESO 180GR";"12"
"7792640000283";"800002495";"SHAMPOO CAPILATIS ANTICASPA 410 ML";"2"
"4792252934719";"800008012";"TE BASILUR MAGIC FRUIT 40 BLS";"9"
"739802463521";"800002501";"CAFE PREMIUM LLANQUIHUE OSORNO 250 GR";"14"
"799192904882";"800008016";"MERMELADA DULCERIA MILLARAY DAMASCO 230GR";"4"
"7802410004042";"800002749";"BICARBONATO GOURMET 250 GRS FCO";"8"
"7801909001357";"800008035";"CARNE MOLIDA ESPECIAL PV 20UX250G (5K)";"23"
"7790520992949";"800002907";"CERA BLEM LIQUIDA INCOLORA 800ML";"6"
"614143234132";"800008044";"YERBA MATE SENSORIAL FOCO 250G TARRO";"10"
"5908249946897";"800002958";"TABACO TENNESIE UVA 40 GR					";"7"
"7801220006130";"800008060";"PULPA MARACUYA MINUTO VERDE 500GR";"13"
"7500435160544";"800003054";"DETERGENTE LIQ.1.8 LTS. ARIEL POWER";"16"
"7802245092511";"800008063";"CONEJO PAT. CHOC LECHE ENTRELAGOS120GR";"19"
"7803468002905";"800003060";"PAN HAMBURGUESA CASTANO 460GR";"75"
"7804676652586";"800008076";"ENCAPSULADOR OLORES DOÑA GABY DORMITORIO 250 ML";"6"
"7802175002710";"800003136";"PISCO MISTRAL NOBEL BARRICA TOSTADA 40  750 CC";"4"
"041224871229";"800008080";"ACEITE DE SESAMO ROLAND 185 ML";"7"
"0788070682974";"800003276";"AJI REY TREBOL 200 GRS";"6"
"8004325601753";"800008087";"PASSATA DE POMODORO TOSTANI 680 GRS";"21"
"800003381";"800003381";"CAFE ROASTY GUATEMALA 250GRS";"7"
"2007781003129";"800008125";"PALETA CHOCOLATE CONEJO TDS 20GR ";"50"
"7755120921102";"800003408";"VELAS PALITOS X12 UN GLOBAL P.";"51"
"859940002403";"800008150";"CAFE MARLEY GRANO MOLIDO ONE LOVE 227 GRS";"7"
"7755120812905";"800003433";"VASO POLIPAPEL 350 CC BLANCO X 10";"14"
"781159004124";"800008157";"CAPSULA CAFE MARLEY ONE LOVE X10 U";"10"
"7801235000291";"800003509";"CHORITOS SAN JOSE NATURAL 425 GRS";"9"
"7804603923659";"800008169";"WHISKY BUCHANANS 750 ML + VASO";"3"
"650240050114";"800003697";"MAQUINA AFEITAR GROOMEN 300 1 MANGO + 3 CART";"3"
"7891150102880";"800008178";"ACONDICIONADOR DOVE HIDRAT+HILAUR VIT 370 ML";"5"
"7793253004323";"800003714";"AMBIENTAL POETT ESPIRITU PLAY 360CC";"8"
"7802820774122";"800008181";"BEBIDA HIDRATANTE FASTLYTE SANDIA 625 ML";"25"
"606110077385";"800003835";"DETERGENTE EN LAMINAS CHISPEZA 120 GRS";"5"
"7802820002706";"800008185";"BEBIDA ISOT POWERADE CONTRA ATAQUE 850 CC";"99"
"8000070018808";"800003938";"CAFE  ESPRESSO ITALIANO 250 G  LAVAZZA";"9"
"7801300004285";"800008210";"ACAI FRUTOS DEL MAIPO CUBOS DOYPACK 350GR";"11"
"6301618000128";"800004081";"GRANOLA MIX AURICO 330G TERRANUT";"7"
"7802175003489";"800008221";"COCTEL CAMPANARIO SOUR LITRO";"10"
"6301618000821";"800004115";"AVENA INTEGRAL TERRANUT 400G";"26"
"15";"15";"GUATA DE VACUNO";"74.783"
"0765066727468";"800004306";"TABACO SPRINGFIELD CHERRY 40 GR";"8"
"559";"559";"CHOCLILLO CAT V";"65.905"
"7804654940391";"800004466";"ALFAJOR DULCE LLUVIA MARACUYA 45 GRS";"53"
"675";"675";"PEPINILLO COCTEL";"22.081"
"7804661490124";"800004606";"CRANBERRY SWEETENS KOE 150 G";"20"
"795";"795";"PALANCA VACUNO CAT";"63.752"
"7804661490445";"800004610";"AZUCAR DE COCO KOE 150 G";"15"
"1202";"1202";"LOMO KASSLER LAMINADO 120G";"26"
"4006581001777";"800004701";"CAFE MOVENPICK MOLIDO HIMMLISCHE 500G";"10"
"5056701000530";"1433";"TE LIPTON YELLOW LABEL 20 BLS";"29"
"7794626010811";"800004771";"TOALLA KOTEX NORMAL EXTRA SUAVE 8U";"23"
"7801875065049";"1494";"YERBA MATE SUPREMO BRASIL 250G ";"11"
"7802575534033";"800004893";"ARENA SANITARIA AGLUTINANTE MASTER 2 KLS";"14"
"7802200266001";"1513";"JUGO VIVO NARANJA 8 GRS";"48"
"7804000002148";"800004940";"CREMA DE AVELLANAS EN LINEA FCO 350 GRS";"3"
"7802337101039";"1563";"VINAGRE TRAVERSO BLANCO 500CC.abt";"25"
"7804000001677";"800004958";"CAJA BARRA CEREAL EN LINEA CHOCOLATE 90 GRS";"25"
"7790250096061";"2329";"TOALLA HIG LADYSOFT ULTRASECA MALLA  X8";"35"
"7804000002223";"800004960";"CAJA BARRA CEREAL EN LINEA CRANBERRY 90 GRS";"10"
"7793253025601";"2499";"LIMPIADOR POETT PRIMAVERA 900ML";"14"
"7804000002049";"800004962";"CAJA BARRA CEREAL EN LINEA CREMA AVELL 120 GRS";"13"
"7790580587901";"3226";"HUEVO PASCUA PANUELO BON O BON 55 GRS";"50"
"7804000002087";"800004975";"CHOCOLATE BARRA EN LINEA NUSS 50 GRS";"47"
"7802200113480";"3411";"CARAMELOS ARBOLITO AMBROSOLI 430 GRS";"7"
"7804000002834";"800004996";"SET CAFE EN LINEA MOKA 8 SOBRES";"9"
"7802215515071";"3563";"GALLETA DE CHAMPANA 140G  COSTA abt";"42"
"7804661490919";"800005074";"BIG CORN KOE 100 GRS";"36"
"7613287778109";"3987";"GALLETA AGUA MCKAY 180 GRS";"61"
"7802410004431";"800005121";"SALSA STREET GOURMET BURGER 250 GRS";"7"
"7804300123925";"4307";"VINO SANTA HELENA TTA.2000CC BLANCO lvb";"35"
"4792252916517";"800005138";"TE BASILUR MASALA CHAI 25 BLS";"16"
"7804320328164";"4431";"VINO LATE HARVEST SAUVIGNON BLANC  375 CC";"29"
"7802200129870";"800005171";"GOMITAS AMBROSOLI AMBERRIES 90G";"73"
"7804300131715";"4640";"VINO GATO MERLOT 1.5 BOTELLA";"40"
"7802820410204";"800005199";"NECTAR ANDINA NARANJA 400CC PET";"47"
"7802175455103";"4726";"LICOR FEHRENBERG MANZANILLA 700 ML";"8"
"7802820678024";"800005222";"BEBIDA ISOT POWERADE LIMA LIMON 1.1 LTS";"31"
"4840";"4840";"CEREGLI CHOCO/NUEZ UND ORIENTAL PRODUCTOS";"43"
"7802225590297";"800005242";"TABLETA BON O BON 95 GRS";"36"
"7804602380361";"4899";"ESPUMANTE VINAMAR DEMISEC 750CC";"9"
"7804661490438";"800005340";"CREMA DE COCO KOE 400 ML";"26"
"7804320098791";"4935";"VINO SANTA EMILIANA CHARDONNAY 700ML";"26"
"7804627650968";"800005352";"PAPAS FRITAS BUKA FLOW CORTE AMER 200 GRS";"52"
"7801610005194";"5052";"BEBIDA LATA SPRITE 350CClvb";"54"
"7802000017100";"800005418";"RAMITAS EVERCRISP QUESO 230 GRS";"151"
"7801610005651";"5059";"BEBIDA SPRITE 3LT. DESECHABLE LVB";"77"
"9780201419436";"800005488";"CERVEZA TOTEM AMBER ALE LATA 475CC";"26"
"7801620001902";"5182";"NECTAR WATTS MANZANA 1.5 CC";"76"
"0764451481800";"800005494";"BARQUILLO XL VALQUILLO CREMA AVELL X2U";"98"
"7801620011666";"5220";"NECTAR WATTS DURAZNO 300CC ";"53"
"7804320756509";"800005511";"VINO DIABLO GOLDEN CHARDONNAY 750CC";"9"
"7801620852962";"5295";"AGUA MINERAL CACHANTUN S/G 1.6 LT";"86"
"7801620009854";"800005580";"ICE TEA LIPTON LIMON TE VERDE 1.5 LTS";"34"
"7802820021950";"5371";"AGUA MINERAL VITAL sin gas 1600CC DESECHABLE lvb";"146"
"7801235002981";"800005586";"CHOCLITOS COCKTAIL GENTIL 425 GRS";"16"
"7802820250268";"5612";"KAPO MANSOO FRAMBUESA 252 ML";"11"
"7804315013112";"800005611";"VINO ALIWEN CAB. SAUV DESALCOHOLIZADO 750 CC";"6"
"7801620009700";"5719";"AGUA MINERAL CACHANTUN LIGHT 600 CC";"117"
"736372938633";"800005738";"MERMELADA RUIB/FRUTI 450 GRS CALLE CALLE";"12"
"7801620005177";"5936";"GATORADE NARANJA 1 LTS";"109"
"4066600292326";"800005782";"CERVEZA PAULANER LATA WEISSBIER 500 CC";"21"
"7899916913244";"6152";"JUGO FRESCO NARANJA QUILLAYES 900ML";"50"
"7803520003239";"800005791";"GALLETA ECOVIDA CHIPS CHOCO 100 GRS";"19"
"6335";"6335";"JAMON PIERNA MOLDEADO LAM BRAUNAU";"6.428000000000001"
"7803520003048";"800005795";"SNACK ECOVIDA CHIPS TOMATE ALBAHACA 100G";"14"
"6381";"6381";"QUESO FRESCO OREGANO DEL PRADO APROX 600G";"70"
"736372938671";"800005822";"JUGO FRAMBUESA CALLE CALLE 450CC";"6"
"7802926001580";"6556";"POSTRE SAN FCO COOKIES & CREAM 1LT";"29"
"799192075223";"800005910";"CERVEZA EL GROWLER IPA 330 CC LATA";"22"
"7804920012166";"7045";"JABON LIQ BALLERINA YOG ARANDANOS 750 ML DP";"15"
"7804646450228";"800005922";"ESTUCHE X4 BARRITA NATURAL MIZOS ARANDANO";"14"
"7802930004829";"7094";"YOG QUILLAYES GRIEGO 0% FRUTILLA 800GR";"27"
"745853858568";"800006006";"PASTA DE AJO CHILOTE P.COLONOS 142G";"9"
"8001230001708";"7328";"GRANA PADANO CUNA FERRARI 200G";"18"
"7801305005560";"800006018";"FRUTILLAS  WASIL 500 GRS TETRA";"21"
"7809569600286";"8425";"JAMON ACARAMELADO PACEL 250 GRS";"62"
"7802000014574";"800006066";"CHIS POP TUTTI FRUTI 200 GRS";"45"
"8572";"8572";"PERNIL AH SIN HUESO LLANQUIHUE KG";"10.782"
"7801230004898";"800006092";"CHAMPIÑONES LAMINADOS LAS CARABELAS 425 GRS";"8"
"7802920000732";"8655";"QUESO FRESCO COLUN 320 GRS";"42"
"793969039142";"800006170";"GRANOLA GRANOLERA CACAO SACHET 30 GRS";"12"
"7802900022143";"9181";"POSTRE SEMOLA SOPROLE SALSA CARAMELO 140GR ";"107"
"7804655191143";"800006180";"GUANTES DOÑA GABY CONVENIENTES TALLA S";"23"
"7802900300302";"9291";"YOG BATIDO SOPROLE CHIRIMOYA 165G";"116"
"7804661491039";"800006208";"TE LANDI NEGRO CEYLAN JENGIBRE 20 BLS";"14"
"7802920463100";"9458";"QUESO CREMA COLUN NATURAL 100 GR";"79"
"6301618100095";"800006279";"CAFE TERRANUT COLOMBIA GRANO MOLIDO 250G";"14"
"78041097";"9532";"YOGHURT CHIQUITIN NESTLE 45GR FRUTILLA LCT";"192"
"7804676650827";"800006283";"ESPONJA DORADA DOÑA GABY CON MANGO UNID";"12"
"7802920000749";"9708";"QUESILLO COLUN 320 GR";"105"
"7804655192027";"800006313";"TOALLA PAPEL BLANCO DEL SUR DH 100 MTS X1";"120"
"7802900235222";"9751";"YOGHURT S/LACTOSA FRUTILLA  120 GR SOPROLE";"72"
"7862135440037";"800006342";"CAFE COSECHA ROJA INTENSO GRANO 340GRS";"4"
"7802900195076";"9826";"LECHE ZERO LACTO CHOCOLATE 1 LTS TTRA";"23"
"7804655192522";"800006381";"JABON LIQUIDO LS CREMA HUMECT 750 ML DP";"11"
"7802930004713";"9873";"QUESO CHACRA QUILLAYES 400 GRS";"2"
"7806500752134";"800006410";"PANAL BABYSEC SUPER PREMIUM XG 14 UNI.";"2"
"7808709501995";"9976";"LECHE SURLAT TTRA S/LACTOSA DESCREM 1 LTS";"28"
"7804660620546";"800006487";"POPCORN PURIPOP CHOCOLATE 170 GRS";"17"
"7804918450017";"10171";"PRESERVATIVOS LIFE STYLES NUDA 3UNI";"7"
"78029729";"800006495";"CHICLE BIGTIME ULTRA POCKET MENTA 24 GRS";"20"
"7806545010114";"10478";"ALGODON AMERICANO PRENSADO 50 GRS";"3"
"4792252947580";"800006509";"TE BASILUR ASSORTED INFUSIONES 20 BLS";"21"
"78026513";"10534";"LUCKY BLUE SIN AD BL X20";"201"
"2007781003563";"800006590";"CHOCOLATE BARRA TDS BITTER S/AZUCAR 5O G ";"15"
"7804650390329";"10763";"MANJAR RUNCA 500G";"14"
"7801235004367";"800006617";"CHIPS FLIP PAPAS MERKEN 140 GRS";"7"
"7804650390558";"10770";"QUESO UNTABLE OREGANO RUNCA 115G";"16"
"799192165030";"800006642";"KOMBUCHA PINDA ARMONIA INTERIOR 330CC";"38"
"10901";"10901";"PATA VACUNO";"35.884"
"07363727060119";"800006646";"SANDWICH EXQUISITO BURGER 300 GRS NETO VEGY";"9"
"7802247022356";"11041";"DULCES DE ANIS MERELLO 90 GRS.";"25"
"7804680980118";"800006762";"CERVEZA MAD CHARLIE´S CRANBERRY ALE 473 CC";"19"
"7802247301352";"11085";"GOMITA DANESA MERELLO 90 G";"18"
"7804600874350";"800006811";"VINO KORTA BARREL SEL GRAN RSVA MALBEC 750CC";"3"
"7802247400208";"11114";"VASO MIX GOMITAS MERELLO 250G";"7"
"78031135";"800006883";"KENT ACTRON 20";"19"
"7802926001085";"11329";"POSTRE SAN FCO BROWNIE 1LT";"31"
"7790580588007";"800006976";"HUEVO PASCUA PANUELO BCO BON O BON 55 GRS";"28"
"7802926000965";"11359";"POSTRE SAN FCO CHOCOLATE NUSS 1 LT";"28"
"7622210835550";"800007008";"HUEVOS CHOCOLATE MILKA MILCHCREME 86G";"68"
"7802910008069";"11404";"LECHE PROTEIN CHOC LONCO 200CC";"53"
"7802337939090";"800007033";"SOPA TRAVERSO QUESO POTE 65 G ";"18"
"070177197377";"12152";"TE TWININGS LADY GREY 10U";"9"
"793969039272";"800007054";"MIX TRAIL GRANOLERA CIMA DOYPACK 350 GRS";"10"
"070177197230";"12193";"TE VERDE TWININGS CON MENTA 10U";"2"
"7801610333167";"800007084";"BEBIDA SCHWEPPES TONICA 310 LATA";"53"
"7802800533589";"12328";"PAPAS FRITAS KRYZPO CREMA CEBOLLA 130 GRS";"94"
"7798422620168";"800007105";"ENERGETICA MONSTER PEACHY KEEN 473 ML";"76"
"7802800533572";"12387";"PAPAS FRITAS KRYZPO SABOR QUESO 130 GRS";"60"
"78031258";"800007157";"PALL MALL AZUL 18S";"52"
"7809611709851";"13502";"ALITAS SUPER POLLO 800 GRS";"15"
"7804676652357";"800007195";"AMBIENTAL DOÑA GABY AMB MAGICOS PUREZA 320 ML";"11"
"7809562400852";"14376";"CASTANAS ALMIBAR PERELLO LATA 500 GRS";"3"
"850835000726";"800007283";"TE PUKKA VAINILLA CHAI 20 BLS";"5"
"78016293";"15077";"LUCKY STRIKE C&R 10";"35"
"7500435254953";"800007294";"DETERGENTE ARIEL REGULAR 700G";"23"
"30068926";"15119";"PAPELILLOS OCB 1 1/4 PLOMO";"208"
"7804676652272";"800007309";"CEPILLO DENTAL TOTALWHITE RADIANTE UNIT";"13"
"78019317";"15132";"LUCKY STRIKE RED X 20 SIN AD";"70"
"8445291790001";"800007337";"CHOCOLATE TABL SAVORY CHOCOLITO 88 GRS";"30"
"7801970001744";"15219";"MORTADELA LISA LAM LLANQUIHUE 150GR";"33"
"6301618100101";"800007385";"CAFE TERRANUT COLOMBIA MOLIDO INTENSO 250G";"9"
"7797453000468";"17071";"SOBRE PEDIGREE CACHORRO CARNE 85 GRS";"83"
"7804671600896";"800007388";"VINO 2 X 2 STATE CAB SAUV 750 CC";"31"
"7791293049540";"20560";"DESODORANTE REXONA W ACTIVE EMOTION 150 ML";"23"
"745853399948";"800007437";"CAFE MARLEY LIOFIL DESCAFEINADO HIGH 100 GRS";"30"
"7802000020186";"800007475";"DORITOS QUESO 285 GRS.";"146"
"7803468005333";"800007495";"PAN MOLDE CASTANO MULTIGRANO PROTEINA 400GR";"69"
"798190253787";"800007517";"ENERGETICA SCORE GORILA ZERO 473CC";"71"
"7804655192225";"800007554";"LUSTRAMUEBLES DOÑA GABY VAINILLA GATILLO 500ML";"3"
"7798422620199";"800007592";"ENERGETICA MONSTER PIPELINE PUNCH 473 ML";"60"
"7804684890741";"800007619";"PASAS RUBIAS GESCHMACK 250 GRS";"2"
"659525154097";"800007657";"CERVEZA TRECA LA PANCHI 473 CC";"3"
"2007781001644";"800007709";"CUCHUFLI TDS BITTER 55%";"44"
"7809611701121";"800007732";"ESTUCHE HAMBURGUESA LA CRIANZA POLLO 1 KILO";"7"
"7804615874963";"800007775";"MIEL SUR NATURALE 400G";"3"
"7801235004862";"800007811";"JUGO LIMON SUTIL 333GR COOKGREEN ";"2"
"7804677280191";"800007844";"GALLETAS SANTIAGO MANTEQUILLA 18X250 GRS";"11"
"7899970400940";"800007890";"CHOCOLATE  SPECIAL DARK NARANJA 85G HERSHEYS";"18"
"7899970401657";"800007892";"CHOCOLATE  SPECIAL DARK ORIGINAL 73%  85G HERSHEYS";"32"
"7802351002244";"800007905";"PAPAS FRITAS RUSTICAS INFERNO 175 G INFERNO";"31"
"9556001025272";"800007914";"CAFE HELADO NESCAFE LATTE 240 CC";"6"
"7791290789906";"800007928";"LIMPIADOR CIF EXPERT BAÑO 500 ML";"10"
"7791290795617";"800007966";"LIMPIADOR CIF VIDRIOS Y MULTIUSO 500 ML";"19"
"7801420001775";"800007977";"GALLETAS DE ARROZ TUCAPEL CLASICAS 150 GRS";"28"
"381519180743";"800007980";"SHAMPOO HERBAL ESS MANZANILLA 400 ML";"17"
"7804676870003";"800007998";"BARRA PROTEINA UNDER FIVE ALMENDRA 45 GRS";"32"
"4792252920866";"800008010";"TE BASILUR SWEET CHERRY 25 BLS";"17"
"799192196355";"800008098";"CAFE MARLEY LIOFILIZADO POSITIVE 100 GRS";"14"
"7804654941022";"800008120";"HUEVO CHOC VEGANO 54% S/AZUCAR 1OO G";"16"
"7802920010823";"23411";"YOG BAT COLUN LIGHT S/LACT FRUTILLA 120G";"108"
"799192196294";"800008152";"CAPSULA CAFE MARLEY BLUES CHAI LATTE X10 U";"5"
"7802810034052";"24123";"DULCE DE MEMBRILLO WATTS 500GRabt";"30"
"7802820774139";"800008180";"BEBIDA HIDRATANTE FASTLYTE UVA 625 ML";"25"
"7802950004571";"24211";"CREMA DE CHOCLOS MAGGI 79GR.abt";"4"
"7802950008777";"24246";"POLVO HORNEAR IMPERIAL SOBRE 100GR.abt";"58"
"7803960000355";"24382";"PURE DE PAPAS HOFFMANN 1KG .abt";"15"
"7805000322502";"24699";"KETCHUP HELLMANNS 900 GRS DOYPACK";"43"
"8445291296473";"24787";"CEREAL ZUCOSOS 270 GRS";"21"
"011210000018";"24843";"SALSA TABASCO ORIGINAL SAUCE 60 ML";"12"
"7801875055101";"24945";"TE SURTIDO SUPREMO 6 SABORES 20 UNDS";"23"
"7801875047076";"25154";"TE SUPREMO CANELA 100 BLSITAS";"8"
"7802410416302";"25185";"SALSA DE SOYA GOURMET 165 CC";"43"
"7802410070801";"25199";"ALCAPARRAS GOURMET 110 GRS";"59"
"7802410000532";"25218";"CREMA CAMARONES GOURMET 50 GRS";"7"
"7802410021384";"25272";"ALINO COMPLETO GOURMET 15 GRS";"34"
"7802410061373";"25298";"CANELA MOLIDA GOURMET 15 GRS";"89"
"7891021006927";"25359";"CAFE MELITTA EXTRA FUERTE 250 GRS";"45"
"7802118000018";"25428";"LICOR ESTOMACAL ARAUCANO 900CC";"22"
"5014271360423";"25442";"MERMELADA ST DALFOUR NARANJA 284 GRS";"1"
"7797453000413";"800006434";"SOBRE WHISKAS SALMON 85GR";"70"
"7802410000921";"25505";"SALSA BLANCA GOURMET 36 GRS";"55"
"7801230004980";"800006447";"ATUN OTUNA LOMITO AGUA 140 GR ";"391"
"7802810002198";"25519";"ACEITE CHEF PEPITA UVA 500 ML";"13"
"7804655190757";"800006451";"ESPONJA ACERO DOÑA GABY INOX 1 UNDS";"22"
"7802410371021";"25537";"SOPA P/UNO TOMATE GOURMET 14 GRS";"34"
"7804676650971";"800006468";"PASTA DENTAL TOTALWHITE KIDS 50 GRS";"17"
"7802410370239";"25570";"CREMA TOMATE AL PARMESANO GOURMET 53 GRS";"24"
"7802920011035";"800006478";"YOG COLUN ORIGEN CHIRMOYA 120 GR";"247"
"7802337939014";"25631";"SOPA TRAVERSO CARNE POTE 65 G";"36"
"8445291296732";"800006489";"CEREAL CHOCAPIC 260 GRS";"55"
"7801505231950";"25651";"AZUCAR RUBIA IANSA 500 GRS";"80"
"7891150090279";"800006501";"MAIZENA DROPA CAJA 100GR ABT";"30"
"7802410101765";"25690";"CHOCOLATE GRANULADO 100 GRS";"19"
"7802800001934";"800006506";"JUGO ZUKO PINA 20G";"57"
"7808743602498";"25738";"GARBANZOS BONANZA S/PIEL G2 1KG ";"13"
"7802215512384";"800006548";"GALLETA FRAC CHOCOLATE 110 GR";"195"
"7805080100021";"26178";"CLORO CONCENTRADO CLORINDA 1000CC ABT";"43"
"7803468003483";"800006555";"PAN MOLDE CASTANO FAMILIAR BLANCO XL";"11"
"7805080140027";"26180";"ESCOBILLON CLORINDA MEDIANOS";"3"
"7804676650582";"800006566";"TOALLITA HUMEDA SEQUITOS 50 UNDS C/TAPA";"132"
"7806810014007";"26375";"TRAPERO SIMPLE VIRUTEX  50 X 70";"28"
"7804627651149";"800006569";"SNACK BUKA SUFLE MANI 200 GRS";"28"
"7802337801038";"26593";"JUGO LIMON TRAVERSO 500CC";"41"
"7500435231237";"800006580";"SHAMPOO H&S ANTI COMEZON 375ML";"11"
"7801875058102";"26675";"HIERBA SUPREMO PAICO 20 UNDS";"12"
"7802420008641";"800006605";"PAPAS FRITAS MARCO POLO CASERAS 170 GRS";"132"
"7802351461201";"26907";"PICKLE SURTIDO 360 GRS D.JUAN";"54"
"7802810010193";"800006611";"MERMELADA WATTS S/AZUCAR FRUTILLA 200G";"43"
"7801875150455";"26914";"ALU PLAST 15 METROS  ECON";"11"
"7802225689083";"800006613";"GALLETAS SELZ CRACKER OREGANO OLIVA 90 GRS";"223"
"7802950072358";"27063";"CHOCOLATE SAHNE- NUSS 14GR NESTLE  pcr";"124"
"7801235004343";"800006615";"CHIPS FLIP PAPAS SAL DE MAR 140 GRS";"24"
"7803525999544";"27792";"BROWNIE CHIPS NUTRA BIEN 62 GRS";"285"
"7804676651848";"800006624";"PANUELO DESECH BLANCO DEL SUR TH 6 UNDS";"50"
"7802200230293";"28434";"CALUGAS SUNY 360 GRS CLASICA";"22"
"5413121351602";"800006659";"CHOCOLATE NEW BELGIAN HEARTS 65 G";"13"
"7803520140217";"28447";"EMPAREDADOS HIGO ECOVIDA 150 GRS";"4"
"7792860004542";"800006666";"CARAMELO PICO DULCE BLISTER 5 UNDS";"29"
"7613034891730";"28695";"GALLETAS KUKY CHIP CHIPERS 190 GR";"55"
"7803468005005";"800006676";"PAN MOLDE FAMILIAR INTEGRAL CASTANO 600GR";"114"
"7790520002273";"29156";"INSECTICIDA RAID CASA Y JARDIN 235 GRS";"15"
"7802410005032";"800006718";"AJO GRANULADO GOURMET 200 GRS";"7"
"7802810006189";"29952";"MERMELADA WATTS S/AZUCAR DURAZNO 200G";"24"
"7790380270119";"800006725";"MANTECOL CAFE 111 GRS";"44"
"7806500966036";"30319";"TAMPONES LADYSOFT SUPER PLUS 8 UND";"14"
"7806500406884";"800006730";"TOALLA NOVA CLASICA 3 ROLLOS";"186"
"5060033820162";"32549";"QUITAMANCHAS THE PINK STUFF POLVO BLANQUEADOR 1KG";"2"
"8445290794932";"800006733";"HELADO BILZ Y PAP SAVORY";"24"
"7312040350063";"40043";"VODKA ABSOLUT RASPBERRI 750 ML 40 ";"9"
"7802800001958";"800006735";"JUGO ZUKO FRUTILLA 15 GRS";"74"
"080432400432";"40307";"WHISKY CHIVAS 12 ANOS 40  1LTS";"3"
"7804654940896";"800006738";"CERVEZA BUNDOR BELZEBOO 473 CC LATA";"92"
"7809611718655";"48916";"CUBITOS DE PULPA  SUPER CERDO 500GR";"4"
"7804655190702";"800006742";"ESPONJA LISA DOÑA GABY AGRASIVA 4X2";"46"
"7802800001941";"50081";"JUGO ZUKO DURAZNO 15GR";"30"
"7802215512391";"800006746";"GALLETA FRAC CLASICA CHOCOLATE 110 GR";"193"
"8001665706933";"50205";"GNOCCHI TOMATE MOZZARELLA RANA 400 GRS";"6"
"7801610003046";"800006750";"BEBIDA FANTA ORIGINAL 1500CC DESECH";"163"
"7801930017242";"50502";"SALAMINI SNACK REC ABUELO 100GR";"50"
"7803403003042";"800006753";"PAN IDEAL ARTESANO INTEGRAL 600GR";"63"
"7801930014067";"55555";"ESCALOPA KAYSER VAC RDA 120 GR";"57"
"799192075254";"800006764";"CERVEZA EL GROWLER MIGUEL GOSÉ 330 CC LATA";"20"
"7803908006173";"60182";"NECTAR GUALLARAUCO MANGO PET 1L";"1"
"7802130003653";"800006772";"CERVEZA LEYENDAS DE ORIGEN TRAUCO 473CC";"147"
"7802930005253";"60250";"QUESO CABRA QUILLAYES 200G";"17"
"7501055386635";"800006794";"NECTAR DEL VALLE MANZANA 340 CC LATA";"67"
"7804635611814";"60668";"MERLUZA FILETE GLOBLA FROZEN 1K";"73"
"7801620010744";"800006800";"AGUA MINERAL CACHANTUN STRONG 1.6 LTS";"228"
"7802080001129";"61405";"QUESO FRESCO LIGHT S/LACT LOS TILOS 350G";"26"
"7801235003223";"800006822";"PAILA MARINA COLORADO 425 GRS";"5"
"7613287506399";"61803";"MILO PROTEIN UP 330ML";"36"
"7803525001704";"800006849";"GALLETA NUTRABIEN AVENA MANZ 150GR";"6"
"7809611714428";"65112";"EMPANADA MECHADA QUESO LA CRIANZA 460G";"18"
"7804682660285";"800006853";"CERVEZA VOLCANES PREM LAGER 470CC LATA";"183"
"7802900003661";"65205";"LECHE ZEROLACTO FRUTILLA SOPROLE 200C";"47"
"7804655192065";"800006856";"SERVILLETAS BLANCO DEL SUR 200 UNDS";"68"
"7804666475430";"65417";"CHUTNEY DE MURTA 160GR SUR NATURALE";"3"
"7802215501579";"800006908";"PACK X6 GALLETA COSTA CRACKELET 137G";"42"
"7801930021133";"65522";"VEGAN BURGER RDA 100G";"90"
"7808760901062";"800006948";"ACEITE MARAVILLA-OLIVA MONTECRISTO 500 ML";"7"
"7899916913282";"65796";"JUGO QUILLAYES MANGO 900ML";"17"
"7891024134429";"800006952";"PASTA DENTAL COLGATE SENSITIVE 100 G";"5"
"7801300004124";"67462";"HELADO BITES FRAMBUESA 150GRS FM";"72"
"041333014630";"800007013";"PILA AA DURACELL X2";"183"
"753153701866";"67703";"PALETA HELADO KREEMS MARACUYA";"18"
"7802337976347";"800007035";"SALSA BBQ TRAVERSO 240 CC PET";"4"
"753153701903";"67709";"PALETA HELADO KREEMS FRAM LECHE CONDENSADA";"29"
"7804627651187";"800007049";"DIP UNTABLE BUKA GUACAMOLE 180 GRS";"89"
"753153701828";"67732";"PALETA HELADO KREEMS YOG GRIEGO";"14"
"7896045112333";"800007077";"CAFE CRUZEIRO GRANO MOLIDO MAX INTENS 250 GRS";"18"
"7802955011277";"70539";"YOG OIKOS CARAMEL CRUNCH  142G";"90"
"7803403003110";"800007093";"PAN INTEGRAL IDEAL MAS PROTEIN 10 640 GRS";"27"
"701822709583";"70958";"SEMILLAS CHIA LOS FRUTOS 100GR";"11"
"7808304351513";"800007097";"QUESO CHAPUCO TZ MERKEN 250 GR";"18"
"799192427749";"74512";"TORTA CHOCOLATE LICOR S/GLUTEN 330GR ";"19"
"8445291312685";"800007103";"SALSA TOMATE CARNE TUCO MAGGI 200 GRS";"32"
"7802900004446";"78451";"LECHE CONDENSADA 396 GRS SOPROLE";"21"
"7804619042412";"800007111";"VINO COLO COLO CENTENARIO RED BLEND 750 CC";"1"
"0658325422498";"80014";"TOCINETA EL ARRIERO PICANTE 100GR";"28"
"7808725408759";"800007123";"VINO PENINSULA RSVA CARMENERE 750 CC";"26"
"7809569601344";"89547";"QUESO MANTECOSO DOÑA RAFAELA 300GR";"15"
"7805000324018";"800007131";"MAYONESA HELLMANNS FRASCO 430 GRS";"52"
"7802920007168";"90125";"LECHE COLUN VAINILLA 1LT ";"41"
"7802175003304";"800007134";"GIN KANTAL CITRUS 470 CC LATA ";"97"
"7802920006529";"90134";"QUESO COLUN UNTABLE NATURAL 100 GR";"19"
"8445291263673";"800007155";"PURE DE PAPAS INST.MAGGI 187 GRS";"34"
"7501072210289";"94580";"ALIMEN HUMEDO DOGCHOW ADUL POLLO 100GR";"40"
"7802810011770";"800007181";"ACEITE CHEF MARAVILLA SPRAY 180 ML";"3"
"7891000244012";"94589";"ALIMENT HUMEDO CATCHOW GATITO POLLO 85GR";"60"
"7790380026419";"800007188";"CREMA DE MANTECOL UNTABLE 250 GRS";"4"
"7808709505160";"95462";"LECHE SURLAT WHEY PROTEIN CHOCOLATE 200ML";"26"
"8002200602116";"800007193";"CAFE KIMBO EXPRESSO NAP MOLIDO 250 GR BOLSA BRICK";"19"
"793969904440";"97842";"ALFAJOR PROTEIN CHOC BLANCO 80GR ACTIVA2";"161"
"7891150098206";"800007210";"PASTA DENTAL PEPSODENT INT 18H LIMP FROF 75 ML";"68"
"7808709504422";"98664";"LECHE SURLAT PROTEINA  CHOCOLATE 200ML ";"16"
"7702011104137";"800007229";"GALLETA WAFER COLOMBINA FRUTILLA 140GRS";"19"
"78025332";"300008";"KENT TUBE SILVER 20";"153"
"7622202286698";"800007237";"CHOCOLATE MILKA BLANCO 90GR";"54"
"80177173";"300536";"NUTELLA 350GR";"45"
"7802000020261";"800007259";"SNACK DE TODITO I 275 GRS";"154"
"7613036185318";"300718";"HELADO MEGA ALMENDRA SAVORY 90ML";"23"
"7802000020346";"800007261";"PAPAS FRITAS LAYS CORTE AMERICANO 330 GRS";"149"
"7613033822315";"300793";"CALDO MAGGI COSTILLA X 8 UND";"14"
"4017602700715";"800007274";"CARAMELOS COMPASS CLASSIC MENTA EXTRA";"10"
"735051016372";"300830";"KETCHUP HEINZ  DOYPACK 397GR";"22"
"7804676652296";"800007311";"CEPILLO DENTAL TOTALWHITE SENSIBLE UNIT";"10"
"7613035779037";"303192";"HELADO CRAZY FRAMBUESA 170 ML SAVORY";"261"
"7790380026426";"800007316";"OBLEA MANTECOL 27 GRS";"93"
"7802237000821";"303380";"LENTEJA ROJA SUK 500GR ORIENTAL";"8"
"7802420007309";"800007332";"CACAO DULCE EDRA 200 G";"41"
"7802920010007";"303609";"MANJAR SIN AZUCAR COLUN 380G";"20"
"8445291790308";"800007338";"CHOCOLATE TABL SAVORY CROCANTY 88 GRS";"30"
"7802420010194";"500090";"PAPAS FRITAS MARCO POLO SERRANO 180 GRS";"41"
"8445291719910";"800007345";"GALLETA TRITON NARANJA 116GR ";"95"
"7802351241032";"500118";"AJI MERKEN DON JUAN PET 240G";"37"
"7802410002161";"800007362";"PREMEZCLA GOURMET BROWNIE 300 GRS";"17"
"7802900004194";"655245";"YOG PROTEIN GRANOLA BERRIES SOPROLE 150 GR";"57"
"7804673910085";"800007375";"SET X5 BARRA WILD PROTEIN CHOCOLATE MANI";"8"
"7804666810033";"849562";"NAT CRACKERS CAJU PASAS JENGIBRE 160GR";"5"
"7804673913963";"800007380";"SHAKE & GO WILD PROTEIN VAINILLA 310 ML";"1"
"78022010";"5008680";"LUCKY STRIKE WILD 10";"13"
"7803403003967";"800007406";"TAKIS XLPOSION 190 GRS";"19"
"4003084881608";"5009059";"GOMITAS LUNCH BAG TROLLI 77.5 GRS";"26"
"8434165443235";"800007408";"GALLETA CUETARA MARIA 100 GRS";"42"
"7809620700641";"5009118";"MIEL TINEO KLAASSEN 1 KGS.";"2"
"7802900004798";"800007433";"YOG KEFIR BAT BERRIES SOPROLE 120G";"155"
"7803516000099";"5009192";"CURRITOS GRISSINES AJO 85GR";"119"
"781159840708";"800007440";"DISPLAY CAFE MARLEY MOCACCINO 8 SOBRES";"4"
"7804920350831";"5009438";"JABON LIQ.BALLERINA CREMA HUM DP 750CC DP";"7"
"7804627651231";"800007447";"MAYONESA BUKA CRAZY CHICKEN 330G SQUEEZE";"90"
"7802410002239";"5009486";"POLVO HORNEAR GOURMET 100GRS";"28"
"7802410005414";"800007452";"PIMENTON GOURMET 160 GRS FRASCO";"10"
"7702367000404";"5009547";"ATUN TRI OLIVA 16X80 GRS VAN CAMPS";"23"
"7802225590457";"800007468";"CHOCOLATE TABL CON GALLETA BON O BON 41G";"132"
"8410376036862";"5009635";"GALLETA GULLON MEGA DUO VAINILLA 500 GRS";"32"
"7804685330000";"800007490";"MERMELADA ALTO PALENA ROSA MOSQUETA 250G";"41"
"7800000162561";"5009805";"NIDO PASCUA PETIT CHICO";"16"
"7804660620997";"800007511";"CEREALES PURI ESTRELLITAS MIEL 220 GRS";"3"
"8000368202605";"5009829";"ESPUMANTE RICCADONNA PROSECCO 750ML";"6"
"8445291770027";"800007523";"PICADO NESTLE CARNE/FIDEOS 205G ";"33"
"7801930013985";"5010124";"SUPREMA POLLO JQUESO RDA 120GR";"91"
"7802100006417";"800007543";"CERVEZA LATA LEMON STONES SANDÍA 350CC";"39"
"9002859066078";"5010417";"ESTUCHE BOMBONES MAITRE TRUFFOUT CAFE 200 G SURT";"6"
"7801620006204";"800007546";"NECTAR WATTS PIÑA GUAYABA 1L VID";"69"
"5010588";"5010588";"HUEVITOS MILKA UNIDAD";"71"
"745853529222";"800007551";"ALFAJOR DULCE SAN VALENTIN MANJAR FRAMB 50G";"57"
"7804626930054";"5010865";"VINO MIGUEL TORRES GRAN RSVA CARMENERE 750CC";"9"
"7804616480194";"800007568";"CERVEZA DOLBEK MAQUI LATA 470 CC";"61"
"7804315002383";"5011636";"VINO ALIWEN CAB. SAUV UNDURRAGA 750 CC";"3"
"7802215504594";"800007579";"GALLETA NIK CHIRIMOYA ALEGRE 71GR";"241"
"4067700018243";"5011716";"LICOR JAGERMEISTER 700CC";"27"
"8445291970922";"800007593";"CHOMP SAVORY  PISTACHO 225ML ";"16"
"7801875029010";"5011812";"TE MILDRED GRANEL 125GRS";"39"
"7803111003631";"800007608";"DIP DE AJO PERFECT CHOICE 220 GRS";"9"
"7801930010809";"5011909";"HAMBURGUESA MAMUT RDA185GR";"131"
"7802107001675";"800007634";"CERVEZA KUNSTMANN RADLER LATA 470 CC";"64"
"5012073";"5012073";"MERMELADA SRA VIOLA MOSQUETO ALUL 500G";"4"
"799192446702";"800007638";"CERVEZA TROPERA STRONG 473 CC";"48"
"7801420001522";"5012278";"HARINA DE ARROZ TUCAPEL 500 GRS";"11"
"798190273884";"800007642";"ENERGETICA SCORE RADICAL WHITE  473CC";"102"
"0025215499678";"5012328";"AUDIFONO MAXELL M/LIBRES AZUL ";"2"
"7702103130112";"800007644";"CEREAL ZUCARITAS 350 GRS";"42"
"7809569600422";"5012524";"MORTADELA JAMONADA 125G PACEL";"57"
"6922235801396";"800007681";"BEBIDA GUNY´S POPPING BOBA PIÑA 350 ML";"23"
"78026414";"78026414";"KENT NEO ROSE";"70"
"6922235801341";"800007684";"BEBIDA GUNY´S POPPING BOBA DURAZNO 350 ML";"27"
"608875007713";"778431221";"KETCHUP HEINZ DOYPACK 900 GRS";"3"
"7803403004360";"800007687";"TAKIS CHILI LIMON 190 GRS";"51"
"7804654940070";"778431540";"CERVEZA BUNDOR KALI 330CC";"27"
"2007781001446";"800007708";"CUCHUFLI TDS LECHE 35%";"52"
"7797453001571";"778431927";"ALIMENTO PEDIGREE ADULTO RAZA PQNA 3 KLS";"7"
"8445291770218";"800007719";"COLADO NESTLE CRECIDITOS POLLO C/VERDURAS 205GR.";"17"
"7500435113618";"778432113";"PANAL PAMPERS PREMIUM CARE XXG X 16";"5"
"7801220002408";"800007723";"ARVEJA MINUTO VERDE PREMIUM 400GR";"22"
"7891991000826";"778432404";"BEBIDA GUARANA ANTARTICA 350ML";"81"
"7613035760301";"800007735";"MULTIPACK SAVORY DANKY MINI NOGATONGA 80 ML X5";"18"
"7800000162318";"778432504";"BOLSA DE 10 HUEVOS X12GR PETIT";"115"
"7804617470729";"800007744";"QUESO SURLAT PROTEINA LAM 200GR";"25"
"7802940001795";"778432530";"VINO REQ TORO DE PIEDRA GR RSVA CARMENERE 750CC";"40"
"7804330010356";"800007755";"COCTEL 120 SPRITZ BLANCO 1.5 LT";"6"
"7805000312329";"778432713";"MAYONESA HELLMANNS 670 GRS DP";"22"
"7891515537968";"800007769";"LASAGNA SADIA BOLOGNESA 350GRS ";"18"
"7791293049465";"778432783";"DESODORANTE REXONA MEN INVISIBLE 150ML";"25"
"7804673913932";"800007777";"BARRA WILD PROTEIN LEMON PIE 45 GRS";"5"
"8002270696831";"778433037";"JUGO SAN PELLEGRINO ARANC ROSSA 330ML";"30"
"7802810012012";"800007795";"ACEITE BELMONT VEGETAL CON CANOLA 750 ML";"12"
"7808704700973";"778433170";"ESPUMANTE MISIONES ROSE 750CC";"48"
"7801235004848";"800007809";"FRUTA CONG PIÑA LIGHT 333GR COOKGREEN ";"13"
"9002859036231";"778433535";"MANJAR CASERO 500 GRS CALLE CALLE";"9"
"7802410005445";"800007823";"FIDEOS GOUDELS GOURMET CARNE 65 GRS POTE";"10"
"7802175458371";"778433582";"COCTAIL SABOR ANDINO MANGO PREMIUM 700CC";"10"
"7801505001737";"800007835";"ENDULZANTE IANSA CERO K STEVIA SUC 180 ML";"34"
"7808729601156";"778433737";"VINO CASAS PATRONALES GRAN RSVA CAB/SAU 750CC";"14"
"4006581061030";"800007853";"CAFE EN CAPSULAS MOVENPICK CREMA LUNGO 10U";"10"
"7802200400078";"800000049";"MERMELADA VIVO FRAMBUESA 175 GRS";"11"
"7802420008887";"800007856";"PAPAS FRITAS RÚSTICAS ALBAHACA Y OLIVA 185G MARCO POLO ";"86"
"7804668160020";"800000074";"SIDRA DELLA CHA MANZANA LIMONA 330CC";"6"
"7802420010811";"800007858";"PAPAS FRITAS RÚSTICAS MOSTAZA MIEL 185G MARCO POLO ";"62"
"8716200672610";"800000151";"SUCEDANEO DE CREMA BELLA HOLANDESA 170 GR";"16"
"7898961400242";"800007866";"CHARQUI JACK LINKS JERKY ORIGINAL 25G  ";"10"
"7891000098240";"800000342";"TIRA ASADO MASCOTAS DOGUITO 65 GRS";"44"
"7899970400452";"800007879";"CHOCOLATE AIREADA 85G BR HERSHEYS";"70"
"7500435020299";"800001085";"ACONDICIONADOR PANTENE FUERZA RECONT 400ML";"9"
"7899970402807";"800007881";"CHOCOLATE BLANCO 4X18X82GR HERSHEYS";"52"
"7804658020303";"800001177";"JUGO AMA ORGANICO MANZ-KIWI 300 CC";"13"
"7899970402821";"800007886";"CHOCOLATE EXTRA CREMOSO 82G BR HERSHEYS";"49"
"8696630142825";"800001375";"AMBIENTAL RECARGA WINNEX LAGO Y MONTAÑA 250CC";"6"
"6936756268217";"800007909";"GOMITAS MIX FRUTA RELLENA 80G AMOS";"74"
"4101540705113";"800001578";"QUEQUE SCHLUNDER MARZIPAN 400 GRS";"7"
"799192694882";"800007919";"KOMBUCHA PINDA ARANDANO LAVANDA 350 ML LATA";"144"
"8410342006585";"800002080";"CHOCOLATE TORRAS CLASSIC NGR 72% CACAO 75G";"32"
"7802575204073";"800007923";"ACEITE DE OLIVA TRATTORIA 500 CC";"1"
"8410342005731";"800002090";"CHOCOLATE TORRAS CLASSIC BCO/FRESAS 75G";"13"
"7805000324674";"800007933";"MAYONESA HELLMANNS 630 GRS DP";"262"
"7803111001682";"800002276";"BRUSCHETTA ALCACHOFA PERFECT CHOICE 280 GRS";"53"
"800007957";"800007957";"SUSHI ROLL CALIFORNIA SAKE (10 PIEZAS)";"68"
"7792834000624";"800002293";"SIDRA RAMA CAIDA DEMI SEC 710 ML";"9"
"0799192488016";"800007970";"GIN REBELLION 750ML ";"11"
"7896451920973";"800002309";"GOMITAS DOCILE BEBIDA COLA ACIDA 80 GRS";"44"
"7801930009919";"113";"MORTADELA JAMONADA RDA 150 GR";"46"
"7802920011066";"10606";"YOGURT COLUN ORIGEN FRUTILLA 900ML";"166"
"147";"147";"PIERNA DE CERDO";"108.20199999999998"
"7802910009141";"10630";"YOG LONCO FULL PROTEIN NATURAL 150G";"67"
"157";"157";"CHULETA AHUMADA SABROSUR";"24.361"
"7804665210056";"10672";"JUGO MANZ LIMON JENGIBRE BLESS 30ML";"9"
"166";"166";"LOMO VETADO VACUNO CAT V";"70.37899999999999"
"793969113644";"10700";"ALFAJOR MANT MANI FRAM DEL CERRO";"182"
"175";"175";"SALAME AHUMADO GRANEL PF";"29.027000000000005"
"764451515604";"10702";"BROWNIE DEL CERRO";"193"
"189";"189";"SALAME ITALIANO GRANEL PF";"43.72800000000001"
"764451515598";"10705";"MUFFIN ARANDANO DEL CERRO";"286"
"201";"201";"FILETE SALMON AHUMADO GRAN VON";"46.42"
"7801300003820";"10720";"PAPAS PREFRITAS GAJO F MAIPO 500G";"38"
"203";"203";"JAMON SANDWICH PF";"115.648"
"793969113668";"10733";"MUFFIN NARANJA AMAPOLA DEL CERRO";"281"
"247";"247";"PECHUGA ENTERA DE POLLO";"1203.992"
"793969113699";"10738";"TORTA VASO FRAMBUESA MANJAR DEL CERRO 310GR";"44"
"275";"275";"ABASTERO DE VACUNO CAT V";"38.721000000000004"
"7804650390053";"10761";"QUESO RUNCA TROZO 350G";"64"
"297";"297";"PALETA DE CERDO";"158.13400000000001"
"7804650390473";"10764";"MANTEQUILLA RUNCA 250G";"198"
"400";"400";"SALMON BABY VON FACH KG";"53.666"
"7802910008922";"10801";"ALIMENTO ALMENDRAS LONCOLECHE 1LT";"23"
"451";"451";"QUESO COLUN RANCO LAMINADO";"674.6450000000003"
"8445291976245";"10825";"CHOCOLATE TRENCITO 14G";"60"
"501";"501";"PAN PITA INTEGRAL ENVASADO 500GRS APROX";"313"
"10850";"10850";"BOLSA PP KRAFT TEJA MARKET";"3133"
"535";"535";"PAN COMPLETO  ENVASADO 350 GRS APROX";"329"
"7802920011271";"10912";"YOG COLUN PROT SQZ FRUTILLA S/A 150 GRS";"306"
"561";"561";"GANSO  CAT V NACIONAL";"162.6060000000001"
"7613032657185";"11087";"CASSATA 1LT CHOCOLATE SUIZO SAVORY ";"34"
"612";"612";"EMPANADA ACEITUNA QUESO P. VARAS";"101"
"7802247390370";"11091";"GUAGUITA MERELLO 70 G";"98"
"615";"615";"EMPANADA BARROS LUCO P. VARAS";"289"
"7802710566219";"11196";"CHARLOT 1LT VAINILLA SAVORY";"11"
"618";"618";"EMPANADA CAMARON AJILLO P. VARAS";"120"
"7802710835155";"11204";"CASSATA 1LT CHIRIMOYA ALEGRE SAVORY";"28"
"620";"620";"EMPANADA CHAMPIÑON QUESO P. VARAS";"93"
"40685939";"11260";"PURE DE MANZ STOLLENWERK 720ML";"15"
"622";"622";"EMPANADA CAMARON QUESO P. VARAS";"293"
"40685601";"11273";"REPOLLO ROJO PRE COC STOLLENWERK";"32"
"624";"624";"PECHUGA COCIDA SOPRAVAL";"114.591"
"11320";"11320";"GELATO BRUMA 1 LT";"5"
"627";"627";"EMPANADA JAMON QUESO P. VARAS";"98"
"11343";"11343";"GELATO BRUMA SIMPLE";"364"
"629";"629";"EMPANADA NAPOLITANA P. VARAS";"201"
"11350";"11350";"GELATO BRUMA 473ML";"13"
"631";"631";"EMPANADA PRIETA QUESO P. VARAS";"66"
"8445290262707";"11357";"LA CREMERIA FUDGE BROWNIE SAVORY 1LT";"24"
"634";"634";"EMPANADA VEGETARIANA P. VARAS";"79"
"7802926000101";"11379";"POSTRE SAN FCO PLATANO MANJAR 1LT";"25"
"638";"638";"EMPANADA PASTEL CHOCLO P, VARAS";"113"
"8445291225275";"11501";"POSTRE GOODNESS PROTEIN CARAMELO 115G";"163"
"673";"673";"CEBOLLA PERLA";"4.648"
"8716200675208";"12030";"SUCEDANEO CONDENSADA BELLA HOLAND 397G";"15"
"676";"676";"PICKLES";"59.746000000000016"
"070177197292";"12137";"TE TWININGS EARL GREY 10UNDS";"19"
"681";"681";"PEPINILLO DILL";"63.659"
"070177197179";"12218";"INFUSION TWININGS MANZANILLA 10U";"23"
"686";"686";"CHUCRUT";"24.554000000000006"
"7802000019371";"12318";"LAYS STAX ORIGINAL 36 GRS";"138"
"708";"708";"JAMON AHUMADO G2 SUPER CERDO";"105.01400000000002"
"7802000013607";"12344";"LAYS STAX ORIGINAL 134 GRS";"173"
"726";"726";"PECHUGA AHUMADA SOPRAVAL";"108.856"
"7802800535590";"12355";"PAPAS FRITAS KRYZPO PIZZA 37 GRS";"69"
"765";"765";"SALAME LLANQUIHUE PIEZA 1,6";"91.707"
"7802000016387";"12393";"TWISTOS JAMON IBERICO  100 GR";"160"
"774";"774";"JAMON PIERNA ARTESA RDA KG ";"64.651"
"7809611700261";"13375";"CROQUETA DE POLLO SUPER POLLO 80 GR";"544"
"779";"779";"POLLO GANSO CAT V";"76.22300000000001"
"7809611700667";"13379";"NUGGET DE POLLO 400 GRS SUPER POLLO";"113"
"797";"797";"PECHUGA DESHUESADA POLLO";"1656.8109999999997"
"7809611708410";"13385";"HAMBURGUESA MASTODONTE LA CRIANZA 185 GR.";"200"
"828";"828";"LOMO LISO CAT U NACIONAL";"278.88300000000004"
"7809611707468";"13395";"FILETE SUPER POLLO 700 GRS";"84"
"847";"847";"LONGANIZA CHAPUCO GRANEL KG";"35.512"
"7801300500527";"13443";"PAPAS PREFRITAS F DEL MAIPO 2.5 KL ";"57"
"7804681960096";"892";"CHORIZO PARRILLERO GRAU 400GR";"34"
"7801300000706";"13572";"CHAPSUI WOK F.DEL MAIPO 500 GRS";"9"
"898";"898";"SALCHICHA ARTESANAL GRAU 300GR";"26"
"7801300000447";"13600";"PAPAS DUQUESAS 1 KG FRUTOS DEL MAIPO";"117"
"934";"934";"LOMO VETADO CAT U NACIONAL";"109.48700000000001"
"13622";"13622";"PONCHO PARRILLERO CAT V";"57.141"
"961";"961";"MORTADELA LISA FINA LLANQUIHUE KG";"2.911"
"7801235131117";"14015";"JUREL AL NATURAL SAN JOSE 425GR abt";"208"
"996";"996";"LOMO LISO CAT U PORCIONADO";"21.895999999999994"
"7801305003658";"14060";"ARVEJAS ESP.  WASIL TTR 340GRABT";"39"
"7613030049883";"1026";"LECHE CONDENSADA NESTLE 397GR. abt";"70"
"7801365000284";"14072";"CHAMPINONES ENTEROS NATURES 200 GRS";"661"
"1191";"1191";"PAN SCHROTBROT INTEGRAL 500 GR LEHMANN";"310"
"7809562401163";"14379";"CREMA DE CASTANAS PERELLO 230 GRS";"5"
"1196";"1196";"PAN HOTELERO  500 GR LEHMANN";"67"
"7702367463421";"14418";"ATUN VAN CAMPS EN AGUA 320G ";"34"
"070177197285";"1214";"TE TWININGS INDIAN CHAI 10U";"18"
"7801305004143";"14478";"POROTOS GRANADOS WASIL 380 GR";"4"
"78013322";"1354";"FLAN VAINILLA 100 GRS COLUN ";"215"
"7801305004150";"14480";"POROTOS WASIL 380GR";"26"
"7801420250142";"1372";"ARROZ TUCAPEL GRANEADO G 1 X 1KG ";"92"
"14548";"14548";"VASO COCA COLA UNIDAD";"207"
"7801505231974";"1404";"AZUCAR FLOR IANSA 500GRabt";"49"
"78024878";"15050";"LUCKY STRIKE CLICK & ROLL HL 20";"76"
"7801875047113";"1455";"TE SUPREMO CEYLAN PREMIUM 20 BOLSITAS abt";"100"
"78025059";"15092";"PALL MALL BOOST XL";"177"
"7801875058065";"1462";"TE HIERBAS MANZANILLA SUPREMO X20.abt";"105"
"78019065";"15128";"PALL MALL MENTA X10 UND BOX";"60"
"7802200266063";"1517";"JUGO VIVO MANZANA 8 G";"81"
"78026384";"15134";"KENT BELMONT NEO 20";"129"
"7802351441203";"1597";"CHUCRUT DON JUAN 180GR ";"97"
"78028074";"15138";"LUCKY STRIKE BLUE BOX X 20";"47"
"798190093437";"1668";"CUCHUFLI CHOCOLATE 4U LOS TORREONES";"119"
"78028814";"15202";"LUCKY STRIKE CC FRESH WILD X20";"33"
"7802575002235";"1697";"FIDEOS ESPIRALES CAROZZI 400GR abt";"58"
"7801970002185";"15213";"LONGANICILLA DE CAMPO LLANQUIHUE 250GR";"43"
"7802575004635";"1705";"FIDEOS TALLARINES 87 CAROZZI 400GR";"162"
"7801970002208";"15216";"LONGANICILLA ORIGEN TRADICION LLANQUIHUE 200GR";"13"
"7802575007421";"1736";"SEMOLA CAROZZI 500GR.";"46"
"7803473001603";"16022";"PIZZA X 2 C/TOQUE CEBOLLA";"39"
"1821";"1821";"LONGANIZA GOURMET 400G CECINAS GRAU";"21"
"7803473002242";"16029";"TORTILLA MEXICANA 18 CMS TIA ROSA 10 UN.";"208"
"1839";"1839";"PEREJIL";"137"
"7797453000482";"17069";"SOBRE PEDIGREE POLLO RAZA PEQ 100 GRS";"64"
"7802640102037";"1887";"MAIZENA DROPA 250GR. abt";"34"
"7802575533180";"17078";"ALIMET MASTER DOG CARNE/VEG 700 GRS";"5"
"7802640400287";"1893";"MOSTAZA JB PET 240GR.abt";"22"
"7797453972345";"17128";"WHISKAS CARNE 1 KG";"16"
"7802640720538";"1915";"KETCHUP HELLMANNS 500GR.abt";"46"
"701822709378";"18228";"MANI SALADO LOS FRUTOS 180GR";"21"
"7802640810178";"1926";"KETCHUP JB 250GR.ABT";"84"
"7802920008639";"19433";"QUESO FRESCO COLUN LIGHT S/LACTOSA 400GR";"85"
"7801875069153";"2634";"BOLSA DE BASURA SUPERIOR 80X110";"59"
"7802920009506";"19435";"LECHE CHOCOLATE 330CC LIGHT COLUN";"77"
"7801875069368";"2639";"BOLSA DE BASURA SUPERIOR 70X90";"131"
"7804920350176";"20541";"JABON LIQ BALLERINA HUMECTANTE 350 ML FCO";"9"
"7702026173494";"2709";"TOALLA HIG NOSOTRAS NORMAL C/ ALAS 8U SUAVE";"23"
"21079";"21079";"CAFE CHICO NESCAFE";"206"
"7702026180959";"2718";"TOALLA HIG NOSOTRAS NORMAL S/ALAS X10 SUAVE";"20"
"22010";"22010";"FATAYER MANZANA UND ORIENTAL PRODUCTOS";"51"
"7805000141271";"2893";"SUAVIZANTE SOFT 1000CC. ABT";"32"
"22557";"22557";"QUESO KELLER PARA FUNDIR 250G";"3"
"42247371";"3013";"CHICLE ORBIT BUBLEMINT";"103"
"23022";"23022";"CEBOLLA";"586.873"
"3018";"3018";"MANDARINAS KG";"154.37"
"23024";"23024";"MANZANA ROJA GRANEL";"315.9309999999999"
"8445291774322";"3047";"GALLETA TRITON INTENSA VAINILLA 79 GRS";"26"
"23028";"23028";"CILANTRO ";"518"
"8445290480538";"3127";"CHOCOLATE SAHNE NUSS BITTER 65% 160G";"49"
"23037";"23037";"ZAPALLO ITALIANO UNID";"533"
"78007505";"3336";"CHICLE BIGTIME SANDIA 11 GR";"278"
"23039";"23039";"CEBOLLIN";"158"
"7702174084062";"3423";"CHUPETE FLIPY AMBROSOLI 208 GRS";"13"
"23042";"23042";"LIMON KG";"1045.4730000000002"
"7802215101106";"3448";"CHOCOLATE COSTANUSS 250GRPCR";"14"
"7804617570054";"23049";"CIBOULETTE UND.";"378"
"7802215303241";"3495";"GALLETA GRAN CEREAL FIBR DE CACAO 135G ";"217"
"23052";"23052";"AJOX3";"286"
"7802215501838";"3500";"GALLETA AGUA COSTA 175 GRS";"26"
"23057";"23057";"MANZANA VERDE";"219.072"
"7802215502002";"3504";"GALLETA SODA VIVO COSTA 123 GRS abt";"44"
"23063";"23063";"PEPINO UN";"998"
"7802215504655";"3512";"GALLETA NIK BOCADO COSTA 71GR";"214"
"23068";"23068";"PERA GRANEL";"89.44899999999998"
"7802215502293";"3516";"GALLETAS MINI NIK 30 GRS";"89"
"23071";"23071";"UVA BLANCA ";"1237.761"
"7802215505140";"3520";"GALLETA CHOCO CHIPS COSTA 125GR abt";"160"
"23081";"23081";"KIWI KG";"116.5"
"7802215505287";"3524";"GALLETA CHOCOLATE COSTA 140 GRS abt";"68"
"23094";"23094";"LIMON SUTIL";"109.85600000000005"
"7802215505300";"3526";"GALLETA DE VINO COSTA  160 GRS  abt";"205"
"23104";"23104";"MANGO KG";"152.881"
"7802215508523";"3536";"GALLETAS DONUTS CHOCOLATE DE LECHE 105G";"176"
"23200";"23200";"AJI INFERNO";"14.611000000000002"
"7802215508547";"3538";"GALLETAS DONUTS ORAN BITTER 100 GR";"232"
"7802800576418";"24053";"JUGO LIVEAN NARANJA 7 GRS ";"112"
"7802215502033";"3541";"GALLETA SODA LIGHT CLASICA 160G COSTA";"52"
"7802800576456";"24057";"JUGO LIVEAN PINA 7 GRS";"81"
"7802215514333";"3555";"GALLETAS OBSESION MANI COSTA 85 GRS";"137"
"7802800576715";"24062";"JUGO LIVEAN MANGO 7GRS.abt";"79"
"7802215515026";"3561";"GALLETAS GRETEL BLANCO 85 GR";"91"
"7802810012029";"24101";"ACEITE BELMONT VEGETAL 1 LT";"32"
"7802225272056";"3621";"GALLETA DEU HOLANDA SURTIDO 400GR ";"79"
"7802810031037";"24111";"MERMELADA WATTS MORA 225 GRS";"64"
"7802225569613";"3763";"BOLSA HUEVITOS DOS EN UNO X 70 UN";"71"
"7802810034045";"24122";"DULCE MEMBRILLO WATT´S 250Rabt";"38"
"7802225640558";"3852";"GALLETA RIGOCHOC CLASICO 113Gabt";"146"
"7613034868237";"24161";"MILO SACHET 28 GR";"81"
"7802230070012";"3944";"CHOCOLATE TRENCITO 80GR NESTLE pcr";"338"
"7802950002119";"24174";"CAFE NESCAFE TRADICION 50GR.TARRO";"134"
"7802230070227";"3946";"CHOCOLATE SAHNE- NUSS 250GR NESTLE  PCR";"128"
"7802950002133";"24176";"CAFE NESCAFE TRADICION 100GR.abt";"38"
"7802230076298";"3954";"CHOCOLATE SAHNE NUSS PASAS AL RON 250GR pcr";"55"
"7802950005028";"24213";"POLVO HORNEAR IMPERIAL TARRO 200GR.abt";"31"
"7792410010009";"4061";"WHISKY BLENDERS PRIDE 1000CC.LVB";"13"
"7803010031056";"24284";"LEVADURA COLLICO SECA 125GR";"96"
"7802100430038";"4089";"CERVEZA ROYAL 350C LATA";"30"
"7803600981532";"24345";"SAL PARRILLERA LOBOS 750 GRS";"18"
"7802150002810";"4241";"COGNAC TRES PALOS 38º MITJANS 1 LT";"4"
"7803960000072";"24378";"AVENA TRADICIONAL OSO 500GR ABT";"93"
"7802180068008";"4280";"ESPUMANTE VALDIVIESO MOSCATO 750CC.LVB";"41"
"7803960000379";"24384";"PURE DE PAPAS HOFFMANN 250GR.abt";"45"
"7804300000363";"4286";"VINO SANTA HELENA TTA.1000CC BLANCO";"80"
"7803960100208";"24389";"TRIGO MOTE OSO HOFFMANN 500GR. abt";"7"
"7804300121440";"4294";"VINO GATO TTA.2000CC. TINTO lvb";"87"
"7808743600555";"24582";"ACEITE BONANZA VEGETAL 900CC ";"10"
"7804300122140";"4299";"VINO GATO TTA.500CC TINTO lvb";"48"
"7801875000743";"24686";"TE SUPREMO EARL GREY 20 BLS";"29"
"7804315000235";"4341";"ESPUMANTE UNDURRAGA DEMI SEC 750 CC";"15"
"7792710002063";"24736";"YERBA MATE AMANDA LIMON 500 GRS";"8"
"7804330352210";"4475";"VINO GRAN 120 BOTELLON 1500CC. BLANCO ";"14"
"7803010000311";"24760";"LEVADURAS COLLICO 38 GRS";"56"
"7802100001115";"4645";"CERVEZA CRISTAL CERO LATA 350CC.";"10"
"5056701000516";"24800";"TE LIPTON YELLOW LABEL 100 BLS";"27"
"7802100505347";"4672";"CERVEZA ESCUDO LATA 470CC";"66"
"7801505000518";"24913";"AZUCAR IANSA LIGHT STEVIA 500 GRS";"6"
"7804300122157";"4693";"VINO GATO TTA BLANCO 500CC";"73"
"7802500007021";"24966";"FIDEOS TALLIANI SPAGHETTI 5 400 GRS";"77"
"7802107001439";"4883";"CERVEZA KUNSTMANN S/ALCOHOL 330 CC";"16"
"7802640810161";"24973";"MOSTAZA JB DPK 250 GRS";"46"
"7804300122959";"4901";"VINO CASTILLO DE MOLINA RSVA CARMENERE 750CC";"104"
"7804165000027";"25005";"HUEVOS BLANCO GRANDE X12 EL MONTE";"748"
"7798339251509";"4946";"CERVEZA GUINNESS EXTRA STOUT 473 ML LATA";"35"
"7804165000119";"25027";"HUEVOS COLOR GRANDE X6 EL MONTE";"228"
"7801610001196";"5028";"BEBIDA LATA COCA COLA 350CC  lvb";"428"
"7801875001849";"25144";"TE SUPREMO VERDE MATCHA 20 BLSTA";"9"
"7801610001622";"5035";"BEBIDA COCA COLA 1500CC. DESECHABLE  ";"1091"
"8801055709274";"25152";"CAFE NESCAFE FINA SELECCION DAW 200 GRS FRCO";"34"
"7801610382028";"5062";"BEBIDA SCHWEPPES AGUA TONICA 1500CC.DESECHABLE";"63"
"7802410102120";"25182";"OREGANO ENTERO GOURMET 50 GRS";"38"
"7801610022528";"5066";"BEBIDA COCA COLA LIGHT 2.5CC.DES";"157"
"7802410282426";"25188";"CARNE VEGETAL GOURMET 300 GRS";"22"
"7801610223284";"5092";"BEBIDA SPRITE ZERO 2000CC.RETORNABLE lvb";"26"
"7802410051374";"25191";"CANELA ENTERA GOURMET 15 GRS";"90"
"7801610323236";"5102";"BEBIDA COCA COLA 3000CC DESECH";"21"
"7802410452003";"25202";"SALSA P UNTAR AJO/OREGANO GOURMET 200 GRS";"8"
"7801610350355";"5109";"BEBIDA LATA COCA COLA ZERO 350CC  LVB";"214"
"7802410350668";"25211";"SAZONADOR PARA TACOS GOURMET 48 GRS";"37"
"7801610350850";"5113";"BEBIDA COCA COLA ZERO 2.5CC. DESECHABLE lvb";"498"
"7802410506249";"25269";"SALSA CHOCOLATE GOURMET 280 GRS";"12"
"7801620001841";"5179";"NECTAR WATTS FRUTILLA 1500CC DES";"112"
"7802410231370";"25280";"PIMIENTA BLANCA MOLIDA GOURMET 15 GRS";"7"
"7801620011604";"5215";"NECTAR WATTS NARANJA 1.5 CC DES";"259"
"7802410053514";"25282";"AJO EN POLVO GOURMET 15 GRS";"149"
"7801620011628";"5217";"NECTAR WATTS DAMASCO 1500CC.DES";"98"
"7802410001379";"25286";"AJI COLOR GOURMET 15 GRS";"37"
"7801620011659";"5219";"NECTAR WATTS NARANJA 300CC ";"163"
"7802410594383";"25290";"ROMERO GOURMET 10 GRS";"39"
"7801620015688";"5225";"BEBIDA PEPSI 2000CC RETORNABLE";"7"
"7802410141389";"25299";"CURRY EN POLVO GOURMET 15 GRS";"26"
"7801620017552";"5240";"BEBIDA PEPSI 3000CC DESE";"178"
"7802410350323";"25305";"SALSA PESTO GOURMET 30 GRS";"11"
"7801620290191";"5258";"BEBIDA BILZ 2000CC DESECHABLE  lvb";"137"
"7802575341136";"25310";"SALSA TOSCANA BOLOGNESA CAROZZI 200 GRS";"133"
"7801620340216";"5276";"BEBIDA LIMON SODA 2000CC.DESECHABLE lvb";"155"
"7802810006202";"25331";"MERMELADA WATTS S/AZUCAR MORA 200 GRS";"41"
"7801620360214";"5286";"BEBIDA CANADA DRY 2000CC DESECHABLE LVB";"124"
"7802410101963";"25375";"LAUREL GOURMET 5 GRS";"33"
"7801620852689";"5292";"BEBIDA LATA PEPSI 350CC lvb";"219"
"7802500008042";"25389";"FIDEOS TALLIANI SPIRALI 400 GRS";"44"
"7801620853396";"5300";"NECTAR WATTS NARANJA LIGHT 1500CC DESE.";"262"
"7802410708247";"25474";"GELATINA S/SABOR GOURMET 30 GRS";"35"
"7802575220141";"5318";"NECTAR SPRIM PINA 190 ML.lvb";"47"
"7801505000235";"25531";"ENDULZANTE LIQUI IANSA CEROK SUCRAL 250 ML";"7"
"7802820441123";"5414";"BENEDICTINO 500CC GASIFICADA";"433"
"7802410137108";"25547";"SOLO P/UNO CREMA CHAMPINONES 15 GRS";"30"
"7802820441529";"5416";"AGUA BENEDICTINO C/GAS 1.5CC ";"677"
"7802410370109";"25569";"CREMA ESPARRAGOS GOURMET 53 GRS";"34"
"7802820550504";"5432";"NECTAR ANDINA DURAZNO 200CC ";"159"
"7802410110101";"25619";"AJI COLOR 100 GRS GOURMET";"24"
"7802820700251";"5443";"NECTAR ANDINA PINA 1.5 LTS";"40"
"7801875047137";"25647";"TE SUPREMO PREMIUM 100 BLSITAS";"42"
"7802820700282";"5468";"NECTAR ANDINA PINA 200CC";"179"
"7802410350804";"25678";"BASE HAMBURGUESA GOURMET 90 GRS";"20"
"5511";"5511";"PALTA MALLA KG";"173.75499999999997"
"7802810009586";"25742";"ACEITE CRISTAL 900 ML";"43"
"7802900480042";"5529";"NECTAR SOPROLE TTA.1000CC DAMASCO.lvb";"40"
"7805025692079";"26054";"VELAS LUMINOSA GIGANTE 4 UND abt";"21"
"7802900480134";"5531";"NECTAR SOPROLE TTA 1000CC DURAZNO";"48"
"7805045001622";"26149";"SUAVIZANTE POPEYE HIPOAL 1 LT DPACK";"15"
"7802820441000";"5568";"BENEDICTINO 500CC S/G";"270"
"7806300010021";"26218";"FOSFOROS COPIHUEX10";"31"
"5575";"5575";"TICKET BEBIDA EMBONOR";"40"
"7806500221128";"26227";"SERVILLETA ELITE COCTEL 50 UNDS";"247"
"7802820678062";"5597";"BEBIDA ISOT POWERADE NARANJA 1.1 LTS";"36"
"7806810005005";"26364";"PANO SPONGI VIRUTEX 1UN.";"57"
"7802820250220";"5603";"KAPO PINA 252 ML MANSOOO";"49"
"7806810103015";"26565";"ESPONJA  VIRUTEX ACERO ABT";"32"
"7801620003500";"5615";"NECTAR WATTS TUTTIARANDANO 1.5 LTS";"100"
"7802575040206";"26634";"RAVIOLI CARNE 400 GRS CAROZZI";"64"
"7801620001988";"5651";"BEBIDA KEM XTREME DESCH 1.5 LTS";"45"
"7805000313715";"26726";"DETERGENTE OMO MATIC BOLSA 800 GRS";"49"
"7801610000601";"5677";"BEBIDA COCA COLA ZERO AZUCAR 591 ML";"439"
"7802351451400";"26814";"PEPINO DILL DON JUAN 180 GRS";"139"
"7801620015855";"5714";"AGUA MINERAL CACHANTUN LIGHT 1.6 LT";"227"
"7806500509592";"26835";"PAPEL HIG. CONFORT X 4 100 MTS";"83"
"90415319";"5850";"ENERGETICA RED BULL ENERGY AZUL 250 ML";"128"
"26917";"26917";"ASADO DE MALAYA BRAUNAU ";"27.056"
"7801620009830";"5955";"ICE TEA LIPTON DURAZNO PET 1.5LTS";"95"
"78068308";"27093";"CHICLE BIGTIME REFRESCANTE 10GR pcr";"94"
"7801620007171";"5976";"AGUA TONICA LIGHT CANADA DRY 1.5 LTS ";"102"
"7702174083669";"27370";"GOMITAS AMBROSOLI GUSANOS ACIDOS 90G";"71"
"7802626100026";"6005";"HARINA COLLICO EXTRAFINA  1 KILO";"166"
"27727";"27727";"CALUGA SUNY UNIDAD";"57"
"7801220004303";"6029";"PAPAS GAJO MINUTO VERDE 700G";"33"
"7806500225812";"27844";"SERVILLETA ELITE 400 UND";"26"
"7801220004037";"6104";"SOFRITO CON AJO 150G MINUTO VERDE ";"84"
"7802225280655";"28047";"MORF TRADICIONAL 120 GRS";"72"
"7801220801247";"6323";"PRIMAVERA MINUTO VERDE 500G";"69"
"7802225689830";"28102";"GALLETA TRIPACK CHIA SALVA.519 G";"67"
"6327";"6327";"ASADO BRAUNAU CERDO LOMO VET/LISO";"26.463"
"7613034276490";"28166";"CHOCOLATE TRENCITO 24 GR. NESTLE";"84"
"6344";"6344";"BRATWURST TIPO CHORIZO X 8 BRAUNAU";"14.621999999999996"
"7803525999681";"28216";"QUEQUE BROWNIE NUTRA BIEN FAM 250 GRS";"77"
"6351";"6351";"SALAME BRAUNAU";"22.724000000000004"
"7613034721051";"28232";"CHOCOLATE SAHNE NUSS 160 GRS";"132"
"7804650730101";"6356";"PATE CERDO BRAUNAU 150GR";"46"
"079344007242";"28241";"QUEQUE MARMOLADO SCHLUNDER 400 GRS";"10"
"7804650730118";"6360";"PATE TERNERA BRAUNAU 150G";"68"
"022000018465";"28267";"SKITTLES ORIGINAL 61.5 GRS";"54"
"6367";"6367";"YOG SKYR DEL PRADO 500G";"97"
"7802215121258";"28328";"ROLLS CROCANTE 150 GRS";"98"
"7802900002220";"6380";"YOG NATURAL 1+1 AZUCARDO SOPROLE 155G";"215"
"079344007228";"28354";"QUEQUE SCHLUNDER MAZAPAN 400 GRS";"26"
"6385";"6385";"YOG NATURAL DEL PRADO 1LT";"74"
"5941021005122";"28398";"CHOCOLATE TABLETA HEIDI CRANBERRY 80 GRS";"8"
"6524";"6524";"SALMON FRIO CANAPE VON FACH 200G";"5"
"7802215104848";"28587";"VIZZIO ALMENDRA 120 GRS";"19"
"7801930001197";"6537";"VEGAN BURGER QUESO AZUL RDA 100G";"56"
"6722";"6722";"ROLLITO CANELA MOULIN";"289"
"7802100002709";"6898";"CERVEZA CRISTAL CERO RADLER LATA 350 CC";"30"
"8001665704847";"7063";"TORTELLONI SALMONE RANA 250G";"30"
"7805000318062";"7088";"HELADO MAGNUM POSTRE CHOC NUSS 900ML";"15"
"798190093444";"7474";"ALFAJOR CHOCOLATE LOS TORREONES";"163"
"7802920010632";"7506";"YOG COLUN KEFIR PIÑA 120G";"252"
"7755";"7755";"COSTILLAR AHUM CORTE CRUZ LLANQUIHUE";"16.259999999999998"
"7802900004866";"7846";"POSTRE SOPROLE PROTEIN CHOCOLATE 130 G";"67"
"7802225571609";"7988";"ZANAHORIA HUEVITOS DEU 102 GR";"168"
"7804627650210";"8004";"PASTA DE ALCACHOFA BUKA 220 GR";"92"
"7801970026099";"8196";"SALCHICHAS A/V LLANQUIHUE 250GRS  NATURAL";"146"
"7802351121204";"8210";"ACEITUNAS HUASCO DON JUAN 340 GRS";"40"
"7809569600248";"8221";"SALCHICHA PACEL  6UN.250GR RTC";"252"
"000042017013";"8230";"BUTIFARRA TXAFQUINTUN 350GRS";"8"
"7802920460208";"8355";"QUESO CREMA COLUN NATURAL 200 GR";"98"
"7809569600361";"8429";"MORCILLA BLANCA PACEL 120 GRS";"60"
"7801970004783";"8470";"SALCHICHA LLANQUIHUE TRADICIONAL 500 GRS";"126"
"7801970001805";"8475";"LOMO LACHS LLANQUIHUE 100GR";"99"
"7801970001843";"8481";"LOMO KASSLER LAM LLANQUIHUE 100G";"203"
"7801930008745";"8497";"SURTIDO COCKTAIL REC DEL ABUELO 150 GRS";"32"
"7801930008615";"8501";"JAMON SERRANO REC DEL ABUELO 100 GRS";"7"
"7802920005829";"8535";"QUESO COLUN FUNDIDO CHEDDAR 160 GR";"75"
"8553";"8553";"JAMON ARTE ACARAMELADO LLANQUIHUE";"7.527"
"7801970026488";"8567";"SALCHICHA HOT DOG 250 GRS LLANQUIHUE";"133"
"7801970001768";"8599";"TOCINO AHUMADO LAM LLANQUIHUE 150G";"197"
"8645";"8645";"ACEITUNA NEGRA ANILLO";"13.496000000000004"
"7801970001126";"8665";"ANTICUCHO LLANQUIHUE X 6 UNDS A/V";"6"
"8676";"8676";"QUESO LAS PARCELAS";"116.84599999999999"
"7801970001829";"8762";"JAMON TIPO SERRANO LLANQUIHUE 100G";"66"
"8842";"8842";"QUESO RUNCA TZ";"158.40999999999997"
"7802926410856";"8942";"POSTRE SAN FCO TIRAMISU 900 ML";"19"
"7613030058618";"9012";"CHAMYTO X 6 UNDS ORIGINAL NESTLE";"64"
"7613032414580";"9061";"CREMA DE LECHE  NESTLE 157GR";"76"
"7613032436001";"9064";"CHAMYTO X 6 UNDS FRAMBUESA NESTLE";"60"
"78013292";"9149";"JALEA NARANJA COLUN 100 GR ";"652"
"7802900105013";"9193";"CREMA ESPESA SOPROLE 200CC.LCT";"250"
"7802900220082";"9218";"POSTRE SEMOLA SOPROLE SALSA FRAMBUESA 140GR";"101"
"7802900001520";"9285";"LECHE PROTEIN SOPROLE CHOCOLATE 200CC";"187"
"7802900300050";"9289";"YOG BATIDO SOPROLE VAINILLA 165G";"81"
"7802900332419";"9319";"YOG 1+1 SOPROLE CHOCOKRISPIS 140G";"201"
"7802900401016";"9372";"POSTRE MANJARATE SOPROLE 80G";"379"
"7802900001407";"9388";"YOG PROTEIN + FRUTILLA SOPROLE 155G ";"223"
"7802920000084";"9406";"LECHE COLUN DESCREMADA  1L";"641"
"7802920000176";"9408";"YOGURT COLUN MORA 1K";"16"
"7802920000435";"9413";"CREMA POSTRE Y COCINA 1000 CC COLUN";"145"
"7802920000923";"9424";"YOGURT BATIDO COLUN NATURAL 125GR";"241"
"7802920000947";"9426";"YOGURT BATIDO COLUN FRAMBUESA 125GR";"702"
"7802920000961";"9428";"YOGURT BATIDO COLUN DAMASCO 125GR";"431"
"7802920000985";"9430";"YOGURT BATIDO COLUN PLATANO 125GR";"487"
"7802920001005";"9432";"YOGURT BATIDO COLUN CEREZA 125GR ";"621"
"7802920010960";"9434";"YOG ALERCES DAMASCO 120G";"186"
"7802920010953 ";"9439";"YOG ALERCES FRAMBUESA 120G";"152"
"7802920011097";"9441";"YOG ALERCES VAINILLA 120G";"138"
"7802920106106";"9449";"LECHE COLUN VAINILLA 200 ML";"140"
"7802920203300";"9452";"MANTEQUILLA COLUN 250 GR";"1078"
"7802920221458";"9456";"MANJAR COLUN 1KG lct";"46"
"7802920009636";"9460";"LECHE COLUN DESCRE S/LACT 200CC";"181"
"7802920777542";"9464";"LECHE COLUN ENTERA COLUN 1L";"1736"
"7802950009408";"9478";"MANJAR NESTLE BOLSA 200GR lct";"80"
"7802920008141";"9494";"LECHE CAPPUCCINO 330 CC LIGHT COLUN";"86"
"8445291792722";"9542";"CHANDELLE LUCUMA NESTLE 125G.LCT";"20"
"7613037839746";"9544";"COMPOTA PERA NESTLE 120GR.lct";"75"
"8445291219236";"9584";"SEMOLA SALSA DE FRAMBUESA NESTLE 130G";"49"
"8445291792531";"9586";"CHANDELLE CREMA DE CHOCOLATE  130G.LCT";"185"
"7802920801681";"9595";"YOGURT COLUN VAINILLA 1K";"139"
"7802920242514";"9597";"YOGURT COLUN FRUTILLA 1K";"135"
"7802920242521";"9623";"YOGURT COLUN FRAMBUESA 1K";"104"
"7802900120283";"9677";"POSTRE GOLD PANNACOTTA FRAM SOPROLE 120 GRS";"80"
"7802900238346";"9682";"UNO 6 PACK BOT MULTIFRUTA 80ML";"71"
"7802900000356";"9706";"YOG GOLD SOPROLE TRADICIONAL 165G";"495"
"78013308";"9710";"JALEA LIMON COLUN 100 GR ";"484"
"78017788";"9721";"FLAN TRES LECHES 100 GRS COLUN";"40"
"7802920010779";"9733";"YOG BAT COLUN LIGHT END NAT MORA 120 GR";"130"
"7802920010700";"9741";"YOG BAT COLUN LIGHT END NAT FRUTILLA  900G";"45"
"7802920008110";"9760";"LECHE CAPPUCCINO 330 CC COLUN";"85"
"7802920001135";"9793";"QUESILLO COLUN LIGHT 320 GR";"43"
"9817";"9817";"PACK M GOOD MEAL";"31"
"7802920005294";"9865";"YOGURT COLUN S/LACTOSA VAINILLA 125 GR";"171"
"7802930004874";"9874";"YOG QUILLAYES NATURAL 800 GR";"39"
"7802920001203";"9885";"LECHE CULTIVADA COLUN LIGHT FRUTILLA 1L";"40"
"7802810022387";"9890";"MARGARINA SURENA 500 GRS";"45"
"7802920000701";"9904";"QUESO FRESCO COLUN 160 GRS";"38"
"3";"3";"AJI ORO";"24.049000000000003"
"7802920423814";"9909";"QUESO COLUN RALLADO REGGIANITO 80GR";"115"
"12";"12";"SOBRECOSTILLA CATEGORIA V  rtc";"182.763"
"7802920106168";"9919";"LECHE COLUN DESCREMADA 200 ML";"131"
"19";"19";"OSOBUCO PIERNA DE VACUNO ";"179.817"
"7802900235239";"9934";"YOGHURT ZEROLACTO CHIRIMOYA 120 GRS";"56"
"32";"32";"CHULETA CENTRO DE CERDO rtc";"262.895"
"7802930000128";"9949";"CREMA ACIDA QUILLAYES 200 GRS";"15"
"40";"40";"MORTADELA LISA PACEL";"97.74199999999998"
"041333000985";"10023";"PILA DURACELL D X 2UNDS ";"19"
"7809569600200";"47";"PATE DE TERNERA PACEL 135 GRS";"45"
"7804617471078";"10504";"YOG PROB FRUTILLA  SURLAT SL 4X80 	";"20"
"51";"51";"CHULETA VETADA ";"337.436"
"8445291533110";"10525";"TRENCITO PALETA SAVORY";"16"
"77";"77";"GRILLWURST CZISCHKE";"17.442"
"7802920006345";"10559";"QUESO RIO BUENO LAM 150 GR";"284"
"85";"85";"LONGANIZA ARTESANAL TXAFKINTUN";"17.970000000000002"
"7802910008380";"10575";"YOG LONCO PROTEIN GRANOLA 142G";"59"
"102";"102";"PUNTA PICANA  CAT V";"69.55500000000002"
"7802920011059";"10604";"YOGURT COLUN ORIGEN NATURAL 900ML";"269"
"8076809579346";"800003491";"PESTO BARILLA ALLA GENOVESE 190 GRS";"21"
"7804165000058";"25006";"HUEVOS COLOR GRANDE X 12 EL MONTE";"238"
"7801235000277";"800003511";"SURTIDO MARISCOS SAN JOSE 425 GRS";"15"
"7802410607243";"25196";"CREMA CHANTILLY GOURMET 60 GRS";"8"
"7793253004231";"800003840";"AMBIENTAL POETT LAVANDA 360 ML";"16"
"7802410351207";"25210";"BASE PARA CHAPSUI GOURMET 33 GRS";"4"
"6301618001255";"800004123";"TE YOGUI 70GR TERRANUT";"2"
"7802410101567";"25274";"CLAVO DE OLOR MOLIDO GOURMET 5 GRS";"10"
"6301618000500";"800004247";"HARINA DE ALMENDRA TERRANUT 330GR";"11"
"7805025693731";"26057";"CLORO CLOROX ROPA COLOR 370G abt";"15"
"7803183180452";"800004548";"HELADO YOGHURT CHERRY PUDU";"12"
"27264";"27264";"MASTICABLES UNIDAD";"96"
"7804661490667";"800004621";"VINAGRE DE MANZANA ORGANICO KOE 1 LT";"6"
"4000417701008";"28251";"CHOCOLATE RITTER BLANCO C/AVELL ENT 100 GRS";"11"
"7896089016291";"800004627";"CAFE PILAO EXTRA FORTE 250 GRS";"11"
"7840131003838";"28560";"GRISINES IDEAL CIBOULETTE MANTEQUILLA 120 G";"9"
"4066600211815";"800004884";"CERVEZA PAULANER LATA MUNCHNER 500 CC";"40"
"7622202807855";"28608";"GALLETAS CHIPS AHOY 111 GRS";"58"
"7804600779273";"800004914";"VINO OVEJA NEGRA RED BLEND 750CC";"15"
"7806500966012";"30320";"TAMPONES LADYSOFT REGULAR 8 UND";"14"
"7750168001953";"800004920";"PACK GALLETA OREO 6 UNDS 216 GRS";"48"
"7802150088814";"40230";"JARABE GOMA MITJANS 700 ML";"14"
"7804000001653";"800004946";"CEREAL EN LINEA KIDS HOJUELAS MAIZ 330 GRS";"9"
"7802175454021";"40313";"RON SIERRA MORENA BLANCO 750 ML ";"9"
"7804000001875";"800004948";"CEREAL EN LINEA INFLADO TRIGO 300 GRS";"11"
"7804315000228";"40450";"ESPUMANTE UNDURRAGA BRUT 750 ML";"22"
"7804000002643";"800004977";"BALLS EN LINEA 85% CACAO 90 GRS";"12"
"7802955011260";"50260";"YOG OIKOS CHOCO CRUNCH 142 GRS";"48"
"7804000002858";"800005002";"GALLETAS EN LINEA COCO 120 GRS";"21"
"7801552007300";"56984";"CASSATA BAILEYS TRENDY 1L";"7"
"7804000002889";"800005005";"GALLETAS CUBIERTA EN LINEA CACAO 100 GRS";"21"
"7802410506348";"60157";"SALSA FRUTILLA 300 GR GOURMET";"4"
"4792252919983";"800005147";"TE BASILUR MASALA CHAI 10 BLS";"23"
"7802900028374";"60245";"LECHE CHOCOLATE ORIGINAL SOPROLE 1LT";"8"
"7801620009717";"800005232";"AGUA MINERAL CACHANTUN S/G 600CC LVB";"101"
"7801930001852";"61001";"LASANA BOLONESA PF LISTO 350G";"5"
"7809634100727";"800005276";"CERVEZA AUSTRAL CALAFATE 500 CC";"131"
"8445290587947";"62209";"MEGA DELTA FRAMBUESA 650ML";"10"
"7802215301490";"800005306";"SET X5 BARRA PROTEIN VIVO MANI CARAMELO 40GR";"5"
"7801552006495";"68200";"CASSATA MILKA 1LT";"13"
"0659525280819";"800005397";"YERBA MATE LAYMI DIGESTIVO 320 GRS DP";"2"
"7891515482022";"88891";"LASAGNA SADIA CREMA ESPINACA 600 GR";"9"
"0764451481794";"800005493";"BARQUILLO XL VALQUILLO MANTEQ MANI X2U";"53"
"8445291533059";"94563";"MEGA TRIO TRES CHOCOLATES 450 ML SAVORY ";"3"
"7804664800074";"800005607";"ESPUMANTE S/ALC HAPPY BUNNY FRUTILLA 750CC";"8"
"7613035951495";"94576";"ALIMEN GATO CATCHOW PESCADO 3KG";"8"
"8002650001163";"800005615";"CAFE SAQUELLA BAR ITALIA MOLIDO 250G LATA";"8"
"7754GINGBEER2";"95487";"GINGERBEER 330CC VONCATS";"12"
"7804671160062";"800005683";"SOUR NATURAL MENTA JENGIBRE 1 LTLA PIZKA";"15"
"5014271400426";"300285";"MERMELADA ST DALFOUR FRUTILLA 284 GR";"4"
"7805040004697";"800005767";"TRAPERO HUMEDO VIRGINIA MANZ 10 UNDS";"35"
"7797453001533";"300619";"ALIMENTO PEDIGREE ADULTO CARNE POLLO CER 3KG";"9"
"745853004811";"800005846";"CERVEZA KUFEO GOLDEN 500CC";"11"
"7891008113952";"300799";"BOMBONES GAROTO CAJA SURTIDA 250 GRS";"4"
"7804387001314";"800006003";"VINO CASA LAPOSTOLLE CUVEE CARMENERE 750CC";"3"
"7804300158422";"303237";"VINO CASTILLO DE MOLINA GRAN RSVA RED BLEND 750CC";"1"
"7804315001072";"800006019";"VINO PINOT SAUV/BLANC 750CC";"1"
"6301618001224";"303590";"INFUSION PAUSA TERRANUT 50GR";"4"
"8032793977674";"800006076";"ESPUMANTE BOSIO DEMISEC 750";"1"
"7804454000202";"500013";"VINO CASA SILVA RSVA CAB SAUV 750 ML";"3"
"8711000532904";"800006155";"CAFE JACOBS CRONAT GOLD 200 GRS";"13"
"7802920009865";"652011";"LECHE COLUN POLVO 0% 800GR";"11"
"793969039159";"800006171";"GRANOLA GRANOLERA POLINESIA SACHET 30 GRS";"14"
"7802175453253";"5009113";"PISCO MISTRAL NOBEL 40  750CC";"11"
"7804676650476";"800006223";"BASTONCITOS SEQUITOS ANAT SEGUR 60U";"19"
"7804407006299";"5009329";"VINO MONTGRAS DE VINE RVA CAB SAV 750CC";"4"
"7804655192478";"800006379";"JABON LIQUIDO LS ARANDANOS 750 ML DP";"15"
"8076809523738";"5009499";"PASTAS LASAÑA COLLEZIONE BARILLA 500G ";"4"
"7622300498429";"800006535";"CHOCOLATE MILKA YOG FRUTILLA 100 GRS";"46"
"0614143234040";"5009730";"TE SENSORIAL TIERRA DE MURTAS 50GRS";"16"
"7804652980320";"800006706";"SALSA BARBECUE BY MARIA 450 GRS";"1"
"7802100501196";"5010804";"CERVEZA HEINEKEN LATA 470CC ";"40"
"7802215507274";"800006714";"GALLETAS GRETEL PIE DE LIMON 85 GR";"44"
"7804642980668";"5010944";"GORDAS SURENAS 360GR SCHWENCKE";"20"
"7802100005830";"800006802";"CERVEZA SOL SPRITZ 350 ML LATA";"9"
"084773602548";"5010967";"PICADILLO MARISCOS NATURAL ROBINSON CRUSOE 425 GRS";"4"
"7591446002176";"800006893";"MALTA SIN ALCOHOL MALTIN 355 LATA";"38"
"7808770200025";"5011002";"VINO PEREZ CRUZ CARMENERE LIMITED EDITION 750ML";"4"
"7809604031686";"800007023";"PANAL HUGGIES ACTIVE SEC XXXG 10 UNDS";"11"
"7804621470111";"5011084";"TRIPACK SALMON AGUA ROBINSON CRUSOE 240 GR";"3"
"793969039227";"800007053";"MIX TRAIL GRANOLERA CIMA DOYPACK 250 GRS";"10"
"7804632980005";"5011296";"QUESO BRIE 120GRS ARTISAN";"15"
"7804407006336";"800007178";"VINO MONTGRAS DE VINE RVA CHARDONNAY 750CC";"16"
"7804632980104";"5011303";"QUESO CAMEMBERT PIMIENTA 150GRS ARTISAN";"12"
"7791293038759";"800007214";"ACONDICIONADOR DOVE REGENERACION EXTR 400 ML";"5"
"7802080000108";"5011445";"QUESO AHUMADO LOS TILOS 250GRS";"26"
"78033795";"800007268";"VAP VUSE GO 3000 RASPBERRY";"5"
"7808734200122";"5011568";"VINO LEYDA CAB SAUV 750CC";"17"
"798190253701";"800007343";"ENERGETICA SCORE GORILA 473CC";"160"
"7806810011334";"5011724";"ESCOBILLON ECO VIRUTEX";"13"
"7804673913949";"800007374";"SET X5 BARRA WILD PROTEIN LEMON PIE";"7"
"75072537";"5012208";"CHICLE BOT MENTOS PB MENTA VERDE";"15"
"7804673910887";"800007379";"SET X5 BARRA WILD PROTEIN MOKKA";"7"
"084773623826";"5012410";"SARDINAS EN ACEITE ROBINSON CRUSOE 425 GR";"20"
"7802215167034";"800007402";"CEREAL MONO ROLLS 230 GRS";"20"
"6301618000388";"20213150";"SNACK HAZELNUT TERRANUT 90 GRS";"11"
"070177029623";"800007411";"TE TWININGS EARL GREY 100G LATA";"8"
"778431570";"778431570";"MIX NATURAL POTE EL ALMENDRO 200GRS";"23"
"7804654941039";"800007435";"CERVEZA BUNDOR SIN ALCOHOL 355 ML LATA";"55"
"5411663002853";"778431871";"CERVEZA GULDEN DRAAK 9000 750ML";"1"
"7802410005407";"800007451";"MERQUEN GOURMET 130 GRS FRASCO";"10"
"7802100003270";"778432545";"CERVEZA HEINEKEN CERO BOT 330CC";"18"
"78032750";"800007569";"VAP VUSE GO 1000 GREEN APPLE";"5"
"715126000017";"778432645";"VINO MONTES CLASSIC CAB/SAU 750CC";"14"
"7730976823541";"800007581";"JUGO 100 % NATURAL MANZANA GROW 1 LT";"30"
"8410793262936";"778432788";"CERVEZA DAURA DAMM S/GLUTEN 330CC";"10"
"745853975432";"800007635";"CERVEZA TROPERA DON MANU 473 CC";"21"
"7804319009609";"778433004";"VINO SANTA EMA GRAN RSVA CARMENERE 750CC";"3"
"6922235801389";"800007682";"BEBIDA GUNY´S POPPING BOBA MANZANA 350 ML";"21"
"778433058";"778433058";"SALAME LAMINADO GRAU 100 GRS ";"19"
"6902088976564";"800007706";"DETERG DRIVE LIQ EXPERT BOTELLA 1.8 LTS";"6"
"7804300149291";"778433168";"SANGRIA EPICA 750CC";"6"
"7804681960034";"800007714";"ARROLLADO ARTESANAL 450G CECINAS GRAU";"39"
"080686001409";"778433291";"BOURBON JIM BEAM ORIGINAL 750CC";"1"
"7801220002552";"800007728";"POROTO VERDE MINUTO VERDE PREMIUM 400GR";"48"
"7804642980583";"778433420";"SALCHICHA SCHWENCKE 500 GRS ";"29"
"7804664500325";"800007797";"RAMITA DE GARBANZO WANIA 180GR";"12"
"7808760900713";"778433970";"ACEITE OLIVA 1000 CC OLAVE PREMIUM";"8"
"7801235001663";"800007812";"CHORITO SIN CONCHA X300G";"13"
"7804621470746";"778434384";"CHORITOS NATURAL B/SODIO ROBINSON CRUSOE 190 GR";"33"
"8495390951568";"800007850";"BOMBON VALENTTE T-18 225 GRS CAJA CUADRADA";"17"
"7804668160013";"800000075";"SIDRA DELLA CHA MANZANA LIMONA 750 CC";"3"
"7891962060477";"800007877";"TOSTADA MULTIGRANOS BAUDUCCO 142 G ";"9"
"7804632980500";"800000280";"QUESO FETA CABRA ARTISAN 175GR";"21"
"6936756285214";"800007908";"GOMITAS DE ROBOTS AMOS 100G AMOS";"28"
"7702027042010";"800001076";"TOALLA HIG NOSOTRAS MATERNAL X 10UNDS";"1"
"7802900004255";"800007917";"FLAN ZEROLACTO SOPROLE CARAMELO 110GR";"36"
"7798108839501";"800001233";"ESPUMANTE CALLIA DULCE TORRONTES 750CC";"1"
"799192092602";"800007976";"CALUGAS DE LECHE VALQUILLO 100GR";"11"
"8711000535806";"800001264";"CAFE JACOBS DESCAFEINADO 100 GRS";"12"
"381519180750";"800007986";"ACONDICIONADOR HERBAL ESS MANZANILLA 400 ML";"10"
"2664697029782";"800001560";"TULIPAN MACETA BLUME";"14"
"7500435193740";"800007988";"ACONDICIONADOR HERBAL ESS LAVANDA 400 ML";"6"
"7804600778917";"800001819";"VINO OVEJA NEGRA GRAN RSVA CARMENERE 750 CC";"6"
"7801909001296";"800008033";" HAMB. PAMPAVERDE VAC 150G ";"18"
"6946357133166";"800001998";"CEPILLO VIAJERO LOTUS DEEP CLEAN CLASSIC";"17"
"799192217425";"800008042";"ROOIBOS SENSORIAL CHAI AUSTRAL 100G";"5"
"8410342004796";"800002127";"CHOCOLATE TORRAS ZERO NGR 85% CACAO 100G";"29"
"7802245000936";"800008069";"CONEJO ALFRED BLANCO ENTRELAGOS 85GR";"16"
"7790290101473";"800002274";"FERNET BRANCA MENTA 750 CC";"3"
"7804676652593";"800008077";"ENCAPSULADOR OLORES DOÑA GABY LIVING 250 ML";"3"
"030772155356";"800002466";"DETERGENTE LAVAVAJILLAS CASCADE PLAT ACT 12U";"5"
"7808709505344";"800008126";"LECHE NATURAL PROTEIN WHEY SURLAT 1L";"10"
"7802626001477";"800002583";"HARINA PAN MASA MADRE COLLICO 1KG";"8"
"7804606296965";"800008146";"SET CAFE JUAN VALDEZ CAPUCC TRADICIONAL 6 SOBRES";"4"
"7802337910822";"800002727";"AJI TRAVERSO PATAGONIA 200 CC";"3"
"7802820774108";"800008183";"BEBIDA HIDRATANTE FASTLYTE COCO LIMON 625 ML";"19"
"811751021561";"800003039";"VODKA STOLICHNAYA GLUTEN FREE 750 ML";"4"
"7790272001029";"800008217";"ACEITE NATURA 100 MARAVILLA 1.5 LT";"27"
"4008455423814";"800003482";"LIMPIA HORNOS DR BECKMANN 375CC ";"8"
"76";"76";"PLATANO 2DA ";"7.271999999999999"
"7803111003365";"800003552";"ESPARRAGOS DON GIUSEPPE 425 GRS TARRO";"15"
"101";"101";"SALAME CZISCHKE";"8.622"
"0761847043581";"800003583";"RELISH CEBOLLA NOBLEZA ARTESANAL 220G";"1"
"7801915000856";"272";"JAMON PIERNA CT PLUMA LA CRIANZA 120G";"29"
"5000299628034";"800003852";"WHISKY BALLANTINES 7 AÑOS 750CC";"5"
"7801305003368";"1324";"MERMELADA DE FRUTILLA  REGIMEL 200 GRS";"13"
"8445290216816";"800004076";"SET 4U CAFE STARBUCKS SACHET CARAMEL LATTE 21.5G";"7"
"7802575002037";"1696";"FIDEOS RIGATONI CAROZZI 400GR abt";"25"
"0765066727499";"800004309";"TABACO SPRINGFIELD CHOCOLATE 40 GR					";"7"
"7802575006035";"1723";"FIDEOS CORBATAS CAROZZI 400GR abt";"48"
"7803183180360";"800004380";"HELADO MENTA CHIPS PUDU";"12"
"1743";"1743";"PUERRO PAQUETE";"56"
"7804654940162";"800004455";"BOMBONES DULCE LLUVIA ILUSTR CAJA X 16U";"11"
"7802100505323";"4102";"CERVEZA CRISTAL LATA 470CC";"25"
"7803111003259";"800004556";"PALMITOS RODAJA DON GIUSEPPE 400 GRS";"11"
"7804330004355";"4452";"VINO GRAN EDICION 120 SYRAH CABERNET 1500CC";"12"
"7803600002350";"800004640";"SAL ROSADA LOBOS DOYPACK 400 GRS";"14"
"5011013100132";"4667";"LICOR CREAM BAILEYS 750CC IRISH";"42"
"7802110002614";"800004882";"PISCO ALTO DEL CARMEN ENVEJ BARR SEL 750CC 40 ";"2"
"7804320985633";"4926";"VINO CASILLERO DEL DIABLO MERLOT 750ML";"8"
"7804000002131";"800004972";"MUESLI EN LINEA MULTI SEMILLA 700 GRS";"14"
"6363";"6363";"QUESO CAMEMBERT DEL PRADO 180G APROX";"58"
"7804000002872";"800005004";"GALLETAS EN LINEA CHIPS CHOC 120 GRS";"3"
"7791293049489";"6787";"DESODORANTE REXONA MEN V8 150 ML";"22"
"7792410779258";"800005509";"WHISKY BLENDERS APPLE 750ML";"10"
"7802930004850";"7097";"YOG QUILLAYES GRIEGO 0% PAPAYA 800GR ";"32"
"7804676651015";"800005543";"FOSFOROS PARRILLEROS DOÑA GABY 40 UNDS";"12"
"7802900002091";"7317";"MANTEQUILLA SOPROLE QUILQUE DE CAMPO 250G";"7"
"7804671160246";"800005688";"SOUR NATURAL MENTA JENGIBRE 475CCLA PIZKA";"7"
"7809611720061";"8458";"PECHUGA PAVO AHUMADA SOPRAVAL 125GR";"105"
"745853005089";"800005849";"SALMON AHUMADO PAPITA 250GRS ";"5"
"7802920009827";"8556";"QUESO CAMEMBERT LOS ALPES COLUN 125GR";"68"
"7802940053299";"800006012";"VINO REQ TORO DE PIEDRA RSVA SAU/BLANC 750CC";"21"
"8945";"8945";"COSTILLAR AHUMADO TXAFKINTUN KG";"39.55"
"6301618100064";"800006031";"CAFE TERRANUT NICARAGUA GRANO ENTERO 250G";"1"
"9871";"9871";"PACK XS GOOD MEAL";"4"
"7802200361089";"800006245";"GELATINA AMBROSOLI NARANJA 100 GRS";"14"
"7804677280283";"10523";"GALLETAS SURTIDAS SANTIAGO 250G";"4"
"7798121251458";"800006325";"PAPELILLO LION ROLLING CIRCUS CRAZY COCO";"9"
"7802900003968";"10723";"LECHE AVENA SOPROLE 1LT";"28"
"7802175003229";"800006507";"PISCO MISTRAL NOBEL CRISTALINO 750 CC";"5"
"7802000003219";"12297";"BOLITAS CHOCO CRACS EVERCRISP 160 GRS";"1"
"7802175002178";"800006581";"COCTAIL SABOR ANDINO SOUR MANGO 1 LT";"16"
"7801970001782";"15220";"QUESO CABEZA LAM LLANQUIHUE 150GR";"4"
"7802110003475";"800006651";"LICOR MOCCA CREAM CAPEL 700 ML";"9"
"7801875055064";"25143";"HIERBA SUPREMO ROSA MOSQUETA 20 UND";"4"
"0780465298074";"800006710";"SALSA DE AJI DULCE BY MARIA 450 GRS";"1"
"7802410041375";"25277";"BICARBONATO GOURMET 30 GRS";"19"
"764451546301";"800006792";"CERVEZA GRULLA HAZY PALE ALE 470 CC";"7"
"7613035455801";"25506";"CAFE NESCAFE TRADICIONAL 420 GRS";"12"
"7755120980321";"800006897";"BOLSA REGALO GLOBAL 24X17X8 CM";"1"
"7802337939038";"25629";"SOPA TRAVERSO CAMARON 65 G POTE";"16"
"7792710006214";"800006904";"KIT YERBA AMANDA 500G+MATE ACERO+BOMBILLA";"1"
"7802810006219";"25642";"MERMELADA WATTS FRAMBUESA S/AZUCAR 200GR";"36"
"7502311690527";"800006956";"ACONDICIONADOR AMMENS BABY BOT 400 ML";"5"
"7804676651978";"27831";"SHAMPOO P/PERRO PRIN ANTI PULGAS 500 ML";"4"
"7808304352718";"800007060";"GOMITAS JELLY BEANS CONFIT ACIDAS 80 GRS POTE";"18"
"7804920003065";"27890";"JABON LIQ BALLERINA COCO/JAZM 750 ML DP";"20"
"7808725410431";"800007124";"VINO PENINSULA RSVA MERLOT 750 CC";"6"
"7500478008780";"28621";"GALLETA TODDY 142 GRS";"42"
"041390000058";"29968";"SALSA TERIYAKI KIKKOMANN 296 ML";"10"
"7702010130250";"30055";"CEPILLO DENTAL COLGATE TWIS 2X1 UNDS MEDIO";"18"
"5060033823682";"32540";"LIMPIADOR THE PINK STUFF MULTIUSO 750 ML";"2"
"7802920011226";"36541";"DESAYUNOW MANZANA 330 ML COLUN";"8"
"7802110000504";"40052";"PISCO ALTO DEL CARMEN ENVEJ ET/N 750CC 40 ";"4"
"7804602381092";"40166";"ESPUMANTE VINAMAR ROSE 750CC";"21"
"7804305000764";"40221";"VINO MACUL DON MATIAS CABERN SAUV 750CC";"7"
"7804315001140";"40572";"VINO VIEJO ROBLE RSVA CAB SAUV 750 CC";"5"
"7804641960012";"50122";"JUGO CANBERRY STANDAR 450 ML";"16"
"7802960002451";"58423";"TABLA PICOTEO 250 GRS SANTA ROSA";"8"
"7899916906086";"60526";"JUGO QUILLAYES MANZANA 900ML";"17"
"7801235001991";"61175";"HAMBUERGUESA JUREL SAN JOSE 100G";"10"
"742832146982";"63221";"SACAPITA ROMERO 120G";"24"
"7801930024561";"65118";"COMPOTA MANZANA Y PLATANO PF 90G";"20"
"88";"88";"PRIETAS TXAFKINTUN KG";"18.038"
"7802810010315";"70014";"JUGO FRESCO WATTS NARANJA 1.6 L";"23"
"308";"308";"ASADO DE TIRA VACIO";"41.777"
"7809611701275";"78945";"HABAS TIERNAS LA CRIANZA 400GR";"25"
"972";"972";"POSTA PALETA CAT V ";"17.33"
"8445291971387";"87466";"HELADO SAVORY FINI 70ML ";"23"
"5063305007858";"1432";"TE LIPTON ROYAL CEYLON 20 BLS";"21"
"7898422746827";"300578";"JABON DOVE EXFOLIANTE 90 GRS BARRA";"4"
"7802200266056";"1516";"JUGO VIVO LIMON 8 GRS";"35"
"78025240";"300935";"LUCKY STRIKE FRESH TWIST";"7"
"7793253025700";"2500";"LIMPIADOR POETT BEBE 900GR ABT";"14"
"7802225313391";"301044";"GOMITAS MOGUL EXTREME GUSANITO 90G";"2"
"7613032475581";"3041";"OBLEA SUPER 8 MANI 2.0 50 GR";"308"
"7802705401877";"484569";"HELADO PIÑA 1,8 L BRESLER";"7"
"7802215121470";"3450";"CHOCOLATE BAMBINO COSTA 80GR. PCR";"23"
"7202952018260";"501193";"YOG GRIEGO ARTISAN 1LT";"39"
"7802180068107";"4282";"ESPUMANTE VALDIVIESO ROSE 750CC.LVB";"11"
"7801300004049";"789462";"ARROLLADO PRIMAVERA FRUTOS DEL MAIPO 320 GR";"1"
"7804320098784";"4372";"VINO SANTA EMILIANA MERLOT 700 CC lvb";"8"
"78032170";"954621";"CREMÍSIMO CHOCOLATE ALMENDRA 100 GR COLUN";"47"
"7804603921082";"4529";"WHISKY SANDY MACDONALD  1 LTS .lvb";"3"
"7809620700177";"5009126";"MIEL PRADERA KLAASSEN 500 GRS.";"15"
"7802810008527";"5984";"NECTAR WATTS TTRA ARANDANO FRESCO 1 LTS";"8"
"7801305002798";"5009359";"DURAZNO CUBITO REGIMEL 380GR";"31"
"7801220002439";"6084";"ESPINACAS A LA CREMA MINUTO VERDE 400GR";"23"
"9002859053825";"5009618";"CHOCOLATE STICK MAITRE TRUF CAFE 75GRS.";"6"
"7801300004087";"6512";"GYOSAS CAMARON 200GRS FRUTOS DEL MAIPO";"15"
"8000368244605";"5009827";"ESPUMANTE RICCADONNA MOSCATO ROSE 750ML ";"5"
"6731";"6731";"PALMERITA MOULIN";"171"
"7800000162691";"5010202";"MERMELADA CIRUELA 450 GRS CALLE CALLE";"20"
"7802930004867";"7065";"YOG QUILLAYES LIGHT NATURAL 0% 800GRS";"23"
"7802107000463";"5010878";"CERVEZA KUNSTMANN IPA BOT 330";"2"
"7802225572996";"7996";"HUEVOS DE CONEJO MACIZOS DEU X16";"142"
"7802225688765";"5010975";"GALLETA ROCKLETS CHOCOLATE 165 GR";"23"
"7804642980200";"8441";"CHORIZO PARRILL SCHWENCKE 500GRS";"57"
"7804632980029";"5011300";"QUESO COTTAGE 250GRS ARTISAN ";"24"
"7801970000303";"8485";"CHULETA KASSLER LLANQUIHUE 2 UNIDS";"43"
"7802080000344";"5011437";"QUESO FINO LOS TILOS SAVOYARD 170GRS";"35"
"7613037777659";"8951";"HELADO PURA FRUTA FRAMBUESA ";"24"
"7804632980302";"5011539";"YOG DESCREMADO ARTISAN 360GR";"22"
"9816";"9816";"PACK S GOOD MEAL";"15"
"7750243030335";"5012186";"CREMA AJI TARI ALACENA 400 G  ";"4"
"7802920000756";"9970";"QUESILLO COLUN S/SAL 320 GR";"10"
"7801420000778";"5012277";"ACEITE DE OLIVA BANQUETE 1000ML";"6"
"78033573";"10588";"POSTRE OIKOS PIE LIMON 132G";"27"
"8001665127493";"778431382";"SALSA FRESCA AL PESTO (ALBAHACA Y PINONES)";"19"
"7804650390435";"10750";"TABLA SAB VALDIVIANOS RUNCA 550G";"8"
"7804632980142";"778431749";"YOG ARTIFRUT GRIEGO FRUTILLA 150G";"19"
"7802955011291";"10814";"YOG ACTIVIA CIRUELA 140G";"13"
"7804671930269";"778432101";"BEBIDA DE ALMENDRAS VILAY VAINILLA 1LT";"10"
"7802926000149";"11348";"POSTRE SAN FCO SUSPIRO LIMENO 1 LT";"22"
"8006550340230";"778432441";"APERITIVO RAMAZZOTI 700CC";"25"
"070177197308";"12186";"TE TWININGS LEMON SCENTED 10U";"4"
"7802175001430";"778432562";"COCTAIL SABOR ANDINO SOUR PREMIUM 700CC";"32"
"7801235280112";"14020";"SURTIDO MARISCOS SAN JOSE 190 GRS";"4"
"7804320746104";"778432607";"VINO DIABLO DARK RED 750 CC";"116"
"7802420510151";"14241";"PALMITO RODAJAS ESMERALDA 400 GRS";"36"
"7802920007915";"778432683";"QUESO COLUN FUNDIDO MANTECOSO 160 GR  ";"15"
"78012578";"15043";"PALL MALL ROJO SOFT X20";"53"
"7802900001186";"778432856";"QUESO MANTECOSO QUILQUE 150 GR.";"53"
"7801920001381";"17086";"ALIMEN MASTER CAT SALMON SARD 500 G ADUL";"22"
"7802080000757";"778433153";"QUESO GRUYERE 240 GR LOS TILOS";"13"
"7898422746759";"20494";"JABON DOVE ORIGINAL 90 GRS BARRA";"64"
"7702026147198";"778433277";"TAMPONES NOSOTRAS SUPER PLUS 8UNDS";"5"
"7506309840581";"20709";"ACONDICIONADOR PANTENE HIDRAT EXTR 400ML";"9"
"7804658470238";"778434104";"COCKTAIL SANTO MOJITO 750CC";"11"
"7802950006612";"24233";"SOPA MAGGI POLLO C/FIDEOS 70 GR.abt";"10"
"7802420510168";"778434243";"PALMITO RODAJAS ESMERALDA 810GRS";"14"
"8445290846853";"24237";"CREMA DE TOMATES MAGGI 45 GRS";"21"
"7168297765828";"778434332";"CARGADOR CELULAR PHILCO USB DOBLE";"6"
"7803600041236";"24344";"SAL LOBOS GRUESA 1 KL";"12"
"7802930004782";"778434430";"YOG QUILLAYES FRUTILLA 800 GRS";"7"
"7801875055057";"25142";"HIERBA SUPREMO ANIS 20 UNDS";"9"
"7802200400085";"800000048";"MERMELADA VIVO MORA 175 GRS";"11"
"7802410607328";"25195";"CREMA PASTELERA GOURMET 78 GRS";"7"
"661094184863";"800001294";"CAFE PREMIUM LLANQUIHUE CORCOVADO 250 GRS";"4"
"7802410101376";"25275";"CLAVO DE OLOR ENTERO GOURMET 5 GRS";"46"
"7804658470511";"800001816";"PISCO REPUBLICANO RESERVADO 40  750CC";"3"
"7804676650865";"26380";"TRAPERO HUMEDO DOÑA GABY LIMON X10";"54"
"8410342006011";"800002083";"CHOCOLATE TORRAS CLASSIC NGR/BANANA 75G";"9"
"7803960000461";"26594";"CHUNO OSO 500 GRS";"12"
"0737186938734";"800002098";"CERVEZA KUFEO RUBIA 500CC";"9"
"5056701000523";"26769";"TE LIPTON YELLOW LABEL 50 BLS";"13"
"7802575226358";"800002163";"NECTAR VIVO MANZANA 1 LITRO ";"20"
"7802575353092";"26864";"POMAROLA CAROZZI PIZZA 200 GRS";"44"
"7802420009280";"800002320";"PAPAS FRITAS INFERNO SPICY CHEDAR 180 GRS";"25"
"2007781003143";"27244";"BOLSA HUEVITOS TDS FINO LECHE";"6"
"8003753900490";"800002426";"CAFE ILLY MOLIDO DECAF LATA 250 GRS";"5"
"7802200848375";"27734";"BOMBON CEREZAS /COGNAC COSTA 120";"36"
"7792640000320";"800002493";"SHAMPOO CAPILATIS TRATANTE ORTIGA 410 ML";"5"
"7790520024527";"27849";"PASTILLA WC LYSOFORM X 2 UNDS";"17"
"7790520993045";"800002648";"LIMPIADOR BLEM PISO FLOTANTE Y PLASTICO 800 ML";"3"
"7803520001938";"28440";"GALLETAS S/GLUTEN CHIPS ECOVIDA 150 GRS";"18"
"7802410004172";"800002751";"SALSA SABOR CARNE GOURMET 165 ML";"3"
"7840131003814";"28557";"GRISINES IDEAL ROMERO OLIVA 120 G";"9"
"078895720051";"800003370";"SALSA AGRIDULCE LEE KUM KEE 240 GRS";"4"
"7802810009494";"29943";"ACEITE CHEF EXTRA VIRGEN 250 ML";"3"
"7755120813698";"800003439";"CUCHARA DE MADERA X 10 UNDS";"12"
"7801907067812";"30367";"MANTEQUILLA NOGALES 250G";"31"
"7793253004248";"800003607";"AMBIENTAL POETT FLORES DE PRIMAVERA 360CC";"7"
"7804920230232";"30581";"JABON LIQ BALLERINA AVENA Y ALM 750CC DP";"13"
"7591675010508";"800003964";"BARQUILLOS PIRULIN TRAD 300 GRS LATA";"4"
"7802410001591";"40006";"SAZONADOR EN POLVO PARA ARROZ 48 GR";"7"
"7803183180391";"800004384";"HELADO SNICKER PUDU";"11"
"7802110001402";"40335";"PISCO ALTO DEL CARMEN TRANSP 40  750ML";"6"
"7804600778931";"800004578";"VINO OVEJA NEGRA GRAN RSVA CAB SAUV 750 CC";"5"
"7804654940025";"40456";"CERVEZA BUNDOR BELZEBOO 330 CC";"40"
"7803600002343";"800004639";"SAL ROSADA LOBOS MOLINILLO 88 GRS";"7"
"7804654940018";"40488";"CERVEZA BUNDOR TROLL 330ML";"14"
"7804000001172";"800004938";"DULCE DE LECHE EN LINEA 380 GRS";"13"
"7801610591994";"50011";"BEBIDA SPRITE 591 ML";"60"
"7804000001448";"800004941";"CEREAL EN LINEA BOLITAS 330 GRS";"18"
"7613287171696";"50225";"HELADO KIT KAT";"9"
"7804000003046";"800004965";"CAJA BARRA CEREAL EN LINEA COLAGENO 100 GRS";"3"
"7802900001292";"50300";"LECHE SOPROLE SEMIDECREM 1LT";"40"
"7802575040213";"800005248";"TORTELLINI CAROZZI QUESO 400 GRS";"28"
"701822709231";"56018";"MIX FRUTOS SECOS SALADO LOS FRUTOS 100G";"13"
"0659525280802";"800005396";"YERBA MATE LAYMI REFRESCANTE 320 GRS DP";"3"
"7805000318581";"60263";"HELADO MAGNUM MINI COOKIE CR MPK 5X60ML";"12"
"3228022220023";"800005643";"QUESO FUNDIDO CHEDDAR PRESIDENT 120GR";"22"
"60777";"60777";"TOMATE MALLA KG";"19.456"
"7804671160086";"800005686";"SOUR NATURAL SIN AZÚCAR 1 LTLA PIZKA";"16"
"0659525539276";"65224";"HIELO ZIEVA ICE 3K";"178"
"7808709503944";"800005856";"LECHE SURLAT TTRA S/LACTOSA ENTERA 1 LTST";"13"
"7804655792241";"65419";"PASTA MERKEN 140GR SUR NATURALE";"10"
"799192075247";"800005911";"CERVEZA EL GROWLER BLACK IPA 330 CC LATA";"24"
"7801300004117";"67460";"HELADO BITES ARANDANO 250 GRS FM";"5"
"7804654940506";"800006015";"HUEVO SORPRESA DULCE LLUVIA 120 GRS";"16"
"7801930018294";"70201";"JAMON PIERNA RDA 200G";"27"
"6061104787369";"800006139";"PISCO KAKAN CAUPOLICAN 350 CC";"1"
"7802960626541";"73556";"CREMA RICOTTA 150G";"15"
"769503436012";"800006177";"AMPOLLETA LED WELLMAX ECON 9W FRIA";"14"
"7802626001972";"77201";"HARINA KUNSTMANN MAS FIBRA 1K";"17"
"7702250141108";"800006222";"ESCOBILLON DOÑA GABY PISOS FLOTANTES";"3"
"7802920007151";"90128";"LECHE COLUN MANJAR 1L";"27"
"7804684710032";"800006458";"ENERGETICA STRIKEONE SANDIA 473 ML";"12"
"050000001248";"94512";"ALIMENT HUMEDO FANCY FEST TUNA 85GR";"29"
"7804661491138";"800006582";"CROCANTES DE COCO KOE 150 GRS";"16"
"8445291684713";"94571";"ALIMEN PERRO DOGCHOW LONGEVIDAD 8KG";"3"
"7801235004350";"800006616";"CHIPS FLIP PAPAS AJO ALBAHACA 140 GRS";"11"
"7802900004200";"98654";"YOG PROTEIN CON AVENA 155GRS SOPROLE";"84"
"7804615340703";"800006657";"CERVEZA ODISSEA TROPICAL ALE 470 CC";"179"
"7809561700076";"300151";"BIOSAL LOBOS SALERO 500 GR";"5"
"7802410004950";"800006717";"SAZONADOR BARBECUE GOURMET 210 GRS";"6"
"7803960000546";"300461";"SESAMO OSO 250GR";"13"
"793969792733";"800006741";"SIDRA DE MANZANA TIERRA NEGRA 500 ML";"10"
"7801970026259";"300587";"PRIETAS CECINAS LLANQUIHUE 250GR";"38"
"4030700139263";"800006796";"TABACO GOLDEN VIRGINIA 40 GR					";"20"
"7896019207911";"300923";"CAFE CRUZEIRO CLASICO 170 GRS";"6"
"705632662472";"800006810";"VINO KORTA BARREL SEL GRAN RSVA CAB FRANC 750CC";"5"
"7801315148882";"300927";"CHAMPINONES ENTEROS ESMERALDA 400GR";"6"
"7755120980369";"800006900";"BOLSA REGALO GLOBAL BOTELLA/B 12X10X36 CM";"22"
"5063270100905";"301124";"TE LIPTON ENGLISH BREAKFAST 20 UN.";"3"
"7802100005731";"800006911";"CERVEZA PATAGONIA HOPPY LAGER 650 CC";"13"
"7803520002249";"303325";"GALLETAS S/GLUTEN DULCE BERRIES 150GR ECOV";"11"
"7502311690503";"800006953";"SHAMPOO AMMENS BABY BOT 750 ML";"9"
"7501013101362";"500087";"NECTAR JUMEX COCO PINA 473 ML ";"1"
"7803525999391";"502677";"GALLETA ALMENDRA S/A NUTRABIEN 128G TUBO";"17"
"78031586";"595667";"VAP VUSE GO 5000 GRAPE ICE";"2"
"7801970001683";"894557";"CUBITO LLANQUIHUE CERDO 300GRS";"20"
"7804387001321";"5009274";"VINO CASA LAPOSTOLLE CARMENRE 750CC";"10"
"7802351314606";"5009540";"MOSTAZA DON JUAN 240 GRS PET";"48"
"7803600000868";"5009692";"SAL DE MAR LOBOS EXTRAFINA DP 800GR";"17"
"7804320162683";"5009911";"VINO CASILLERO DEL DIABLO CARMENERE 375 ML";"16"
"5010131";"5010131";"MIX ESPECIAL EL ALMENDRO 100 GRS";"22"
"0745853191948";"800007080";"BARQUILLOS BOLSA TALLER DULCE 2 UNID";"12"
"9002859035968";"5010204";"MERMELADA GROSELLA 450 GRS CALLE CALLE";"8"
"705632663042";"800007140";"VINO KORTA BARREL SEL GRAN RSVA CARMENERE 750CC";"15"
"7501055383672";"5011453";"LATA JACK DANIELS 355 COLA";"1"
"4006581017020";"800007148";"CAFE MOVENPICK GRANO BARISTA ESPRESSO 500G";"8"
"7804315008569";"5011638";"ESPUMANTE UNDURRAGA MOSCATO 750 CC";"7"
"7802420009532";"800007249";"MANI SALADO 380 GRS MPOLO";"34"
"7804654940063";"5011943";"CERVEZA BUNDOR ELFA 330CC ";"32"
"0040232936838";"800007393";"SYRUP AMERICAN CLASSIC REGULAR 473 GRS";"7"
"7809569600293";"5012099";"CHORIZO PARRILLERO A/V 500 GRS PACEL";"37"
"7804314945643";"800007449";"VINO VIU MANENT SECRETO GRAN RVA VIOGNIER 750CC";"4"
"7802225590303";"5012313";"TABLETA BON O BON BLANCO 95 GRS";"21"
"7802410005315";"800007454";"SALSA HUACAINA GOURMET 48 GRS";"8"
"7809569600309";"5012539";"GORDAS 4 UND 500GR PACEL";"16"
"7804684890734";"800007617";"COCO RALLADO GESCHMACK 250 GRS";"5"
"7802800500758";"778431504";"CAFE GOLD PREMIER 170 GRS FRASCO";"24"
"7613035760561";"800007738";"MULTIPACK SAVORY SAHNE NUSS 60ML X5";"15"
"5010106111925";"778431612";"WHISKY BALLANTINES 1 LT";"14"
"609143581539";"800007780";"ALOE VERA NICOLAND MANGO 1,50 L";"9"
"7898591453304";"778431995";"GOMITAS PLATANO FINI 90G";"39"
"7804673910023";"800007819";"BARRA WIL PROTEIN CHOCOLATE ";"8"
"78024403";"778432177";"LUCKY STRIKE DC CRUSH 10";"17"
"0799192684609";"800007847";"PEBRE VERDE CASA COCINA 340GR";"2"
"2007781000890";"778432199";"CHOCOLATE BARRA TDS LECHE FINO 5O G ";"12"
"7899970400964";"800007889";"CHOCOLATE  SPECIAL DARK CRANBERRY 85G HERSHEYS";"8"
"2007781002627";"778432420";"CONEJO TDS 130 GRS";"9"
"7801420001782";"800007978";"GALLETAS DE ARROZ TUCAPEL DULCES 150 GRS";"27"
"7808729601200";"778432528";"VINO CASAS PATRONALES CAB CARM RSVA 750CC";"44"
"7802245009199";"800008067";"HUEVO CHOC LECHE RELLENO 325GR";"5"
"7509546065465";"778432800";"CEPILLO COLGATE BLACK 360 PACK X2 ";"6"
"6301618100125";"800008163";"CAFE TERRANUT COLOMBIA MOLIDO BALANCEADO 1 KL";"3"
"188";"188";"TAPABARRIGA CATEGORIA V NACIONAL";"34.262"
"548";"548";"JAMON PIERNA SANDWICH LLANQUIHUE KG";"0.442"
"8445290541161";"1051";"BEBIDA EN POLVO MILO 160 GRS";"42"
"7802200361119";"1499";"GELATINA AMBROSOLI FRUTILLA 100GR";"20"
"7802575011336";"1739";"FIDEOS QUIFAROS CAROZZI 400GR abt";"31"
"7804663740029";"2102";"LECHUGA COSTINA";"94"
"7802110840186";"4151";"PISCO ALTO DEL CARMEN RSVADO 40º 750CC LVB";"11"
"7804300121242";"4293";"VINO 35 SUR C.SAUVIGNON 750CC";"2"
"3057068103720";"778432905";"OCB FILTRO CANAMO ECOLOGICO 120UN";"45"
"7802107001330";"4744";"CERVEZA KUNSTMANN LAGER 330 CC";"5"
"8002270686825";"778433038";"JUGO SAN PELLEGRINO LIMONATA 330ML";"35"
"7804615340109";"4764";"CERVEZA KROSS 5 ANOS 330 CC";"1"
"7808704700966";"778433169";"ESPUMANTE MISIONES MOSCATO 750CC";"46"
"7804320087016";"4927";"VINO CASILLERO DEL DIABLO CARMENERE 750 ML";"19"
"7803403000331";"778433271";"TORTILLAS RAPIDITAS CLÁSICAS IDEAL 200 GRS";"235"
"7801220004068";"6085";"FONDO DE ALCACHOFA PR MINUTO VERDE 400G";"10"
"7803908008146";"778433567";"LIMONADA GUALLARAUCO 500CC S/AZ";"25"
"7801300004063";"6511";"GYOSAS CERDO 200GRS FRUTOS DEL MAIPO";"30"
"7802410003687";"778433897";"SALSA UNTAR PREMIUM GOURMET ALCA ESPIN 200G";"11"
"7804320626895";"6978";"VINO CASILLERO DEL DIABLO RES PRIV CARME 750 CC";"5"
"2000000000169";"778434015";"MERMELADA RUIBARBO 450 GRS CALLE CALLE";"6"
"7802960787853";"7324";"EMMENTAL TZ ILE DE FRANCE 200GR";"5"
"2007786000123";"778434111";"MIEL BOSQUE NATIVO 1 KG MAILEN MAPU";"19"
"7887";"7887";"LIQUIDACION BODEGA HELADOS SAVORI 2X";"1"
"7800000162592";"778434336";"NIDO PASCUA PETIT GRANDE";"78"
"7980";"7980";"BOLSAS ECOLOGICAS TEJA MARKET";"1539"
"7891021006071";"800000198";"CAFE MELITTA TRADICIONAL 250 GRS";"35"
"7804642980156";"8776";"SALCHICHAS SCHWENCKE 1 KG";"4"
"7802247615206";"800001010";"CRANBERRIES CHOCOLATE MERELLO 120 GRS";"3"
"7802810011909";"10507";"JUGO 100% NARANJA MANZANA WATTS 200ML";"33"
"7802237001026";"800001308";"TAHINA SUK 225 GRS";"9"
"7802910008816";"10570";"YOG LONCO PROTEIN TZ FRUTILLA 140G";"45"
"078895710922";"800001649";"ACEITE AJONJOLI LEE KUM KEE 207 ML";"6"
"7802955011314";"10815";"YOG ACTIVIA FRUTILLA SEMILLA 140G";"39"
"025700712008";"800001748";"BOL. ZIPLOC SANDWICH 15 UNI.";"12"
"7801235005210";"10856";"CROQUETA JUREL SAN JOSE 100G";"7"
"7802351001810";"800001861";"AJI INFERNO SMOKED 250 GRS";"3"
"7802926000132";"11353";"POSTRE SAN FCO PAPAYAS A LA CREMA 1LT";"18"
"8501110088831";"800002042";"RON HAVANA BLANCO 700CC";"3"
"7801970004714";"13430";"CHURRASCO VACUNO LLANQUIHUE 90 GRS";"35"
"8410376044409";"800002137";"GALLETA GULLON MEGA DUO CACAO 500 GRS";"21"
"084773611540";"14002";"CHORITOS AHUMADO ACEITE ROBINSON CRUSOE 190 GR";"8"
"0614143234071";"800002212";"TE SENSORIAL JARDIN DE SUENO 50GRS";"24"
"084773610581";"14212";"SURTIDO CALDILLO NATURAL ROBINSON CRUSOE 190 GR.";"7"
"7803111001705";"800002282";"BRUSCHETTA ESPARRAGO VDE PERFECT CHOICE 280 GRS";"17"
"084773623819";"14217";"SARDINAS ACEITE DE GIRASOL ROBINSON CRUSOE 125 GR";"41"
"7730219021390";"800002377";"JABON LIQUIDO ELITE HUMECTANTE 700ML DP";"19"
"7801305001883";"14419";"PALMITOS EN RODAJAS WASIL 400 GR";"6"
"7804315009757";"800002506";"VINO ALIWEN RES ESP ORGANICO CAB/SAU 750 CC";"6"
"7804642980651";"21035";"PRIETAS SCHWENCKE 400G";"7"
"7804620040322";"800002630";"VINO PREMIUM PRIMUS CARMENERE 750 CC";"4"
"23029";"23029";"COLIFLOR";"25"
"7806500409601";"800002766";"TOALLA ELITE MAXWIPES 50 HJS X 1";"9"
"23050";"23050";"BERENJENA UND";"115"
"7755120965403";"800002933";"GLOBOS GLOBAL PARTY MEDIANO ROJO 9P 25U";"7"
"7802930005543";"23141";"TABLA SELECCION N 4 QUILLAYES 200G";"16"
"011210697003";"800003097";"SALSA TABASCO SRIRACHA 256 ML";"6"
"7896019206631";"24623";"CAFE CRUZEIRO CLASICO 100 GRS";"11"
"7802237001170";"800003347";"GARAM MASALA SUK 70GRS";"3"
"7802410003663";"24874";"NUEZ MOSCADA ENTERA GOURMET";"7"
"715126000116";"778432639";"VINO MONTES ALPHA CAB/SAU 750CC";"5"
"7899970403026";"800007883";"CHOCOLATE COOKIES AND CREAM 4X18X7 HERSHEYS";"93"
"0761847042928";"778432768";"MOSTAZA AL ENELDO NOBLEZA ARTESANAL 220G";"1"
"8906184750255";"800007948";"GALLETA MANTEQUILLA BAKEMATE 150GR";"34"
"7801320242025";"778432885";"ACEITE MIRAFLORES 900 ML VEGETAL";"23"
"7802130003912";"800008255";"CERVEZA MICHELOB ULTRA 710 CC";"75"
"8445290262882";"778433674";"LA CREMERIA PAPAYA CREAM  1LT";"12"
"7591066701015";"2183";"MAQUINA DE AFEITAR XTREME3 P/SENSIBLE";"39"
"7790520991539";"778434205";"INSECTICIDA BAYGON MOSCAS Y MOSQUITOS 420CC";"6"
"7802130003035";"4066";"CERVEZA QUILMES LATA 355 ML ";"12"
"7802200400092";"800000046";"MERMELADA VIVO DURAZNO 175 GRS";"5"
"078895300017";"12062";"SALSA DE OSTRAS PANDA FRCO 255 GRS";"3"
"8696630142863";"800001376";"AMBIENTAL RECARGA WINNEX MENSAJE DE MAR 250CC";"5"
"7806810000529";"26354";"GUANTES VIRUTEX GRANDE L 9";"7"
"7804314945629";"800001648";"VINO VIU MANENT SECRETO GRAN RVA MALBEC 750CC";"3"
"7501058714978";"27873";"PASTILLA LIMPIA INOD HARPIC DUO PODER 2 UNDS";"12"
"7806500752233";"800002470";"PANAL BABYSEC SUPER PREMIUM XXG 14 UNI.";"4"
"5010391100758";"40432";"LICOR DRAMBUIE 750 ML";"1"
"7804620040223";"800002631";"VINO PREMIUM PRIMUS CAB SAUV 750 CC";"3"
"7804641960036";"50159";"JUGO CONCENTRADO CRANBERRY STEVIA 450 ML";"4"
"5908249942929";"800002955";"TABACO TENNESIE CHOCOLATE 40 GR					";"1"
"7804628834268";"65414";"MERMELADA MOSQUETA 370GRS SUR NATURALE";"3"
"7804668160044";"800002966";"SIDRA DELLA CHA ROSE 750 CC";"20"
"000042017035";"89845";"COLAGENO NATIVO TXAFKINTUN 450CC";"6"
"7802237001156";"800003351";"HOJAS DE PARRA SUK 630GRS";"2"
"7806810000574";"303388";"GUANTES VIRUTEX CONVENIENTE M 8";"12"
"8434165598478";"800003379";"GALLETA CUETARA HOMESTYLE COOKIE 0% 200 GRS";"1"
"7800000162813";"5009810";"MERMELADA ARANDANO 450GRS CALLE CALLE";"3"
"4008455548418";"800003481";"DR BECKMANN NEGROS INTENSOS 8UND";"5"
"9002859055652";"5010413";"ESTUCHE BOMBOM SURT MAITRE TRUFFOUT RJ";"1"
"6301618001408";"800003995";"STEVIA DE HOJAS DESH Y PULV TERRANUT 85 GRS";"2"
"2007777000057";"5011340";"J.MIX BERRIES PAST. 475ML LAGAR DE LOBOS";"9"
"7804454001872";"800004130";"VINO CASA SILVA COLECCION SYRAH 750CC";"6"
"9312631853018";"5011997";"TE NEGRO DILMAH MANGO FRUTILLA 25 U";"3"
"9312631129953";"800004421";"TE DILMAH EARL GREY 50 BLS";"5"
"7891515552565";"778431243";"TRUTRO LARGO SADIA 1KILO";"3"
"8006550342067";"800004735";"APERITIVO RAMAZZOTI VIOLETTO 700CC";"1"
"7804641960135";"778431386";"JUGO CONCENTRADO CRANBERRY STEVIA MAQUI 450";"1"
"7802110002492";"800004909";"PISCO MONTE FRAILE TRANSPARENTE 700CC";"3"
"7500435113595";"778432111";"PANAL PAMPERS PREMIUM CARE G X 20";"1"
"0659525280833";"800005399";"YERBA MATE LAYMI RELAJANTE 350 GRS TUBO";"2"
"715126000123";"778432633";"VINO MONTES ALPHA CHARDONNAY 750CC";"1"
"7804664800050";"800005608";"ESPUMANTE S/ALC HAPPY BUNNY DURAZNO 750CC";"1"
"715126011228";"778432642";"VINO MONTES CLASSIC CHARDONNAY 750CC";"3"
"764451829329";"800005663";"MERKEN CACHO CABRA AJO CILANTRO 50 GRS";"2"
"7804621470654";"778433044";"ENSALADA ATUN CON QUINOA ROBINSON CRUSOE 160 GR";"5"
"7802185000959";"800005746";"PISCO BOU LEGADO RESERVADO ROBLE 40° 750 CC";"3"
"7808760900522";"778433974";"ACEITE OLIVA 2000 CC HUASCO";"6"
"7808304355115";"800006147";"BOMBON VALENTTE HEART FOR YOU 132 GRS";"7"
"7802150002650";"800001860";"FERNET ROSSARD 35  1 LT";"2"
"7801322000036";"800006263";"CASTAÑAS EN ALMÍBAR 1000 CC GARCIA";"3"
"7805040001832";"800005030";"LIMPIADOR IGENIX CLORO/GEL FLORAL 900ML";"6"
"850002690293";"800006330";"TABACO STINGRAY GOLDEN VIRGINIA VAINILLA 30 GR";"2"
"7804304002820";"800005034";"VINO ERRAZURIZ MAX RSVA MALBEC 750CC";"14"
"2007781003556";"800006591";"CHOCOLATE BARRA TDS LECHE S/AZUCAR 5O G ";"13"
"0659525280796";"800005395";"YERBA MATE LAYMI RELAJANTE 320 GRS DP";"1"
"7804654940193";"800006873";"BOMBONES BUNDOR CAJA X 12U";"11"
"7804613391318";"800005629";"QUESO MOZZARELLA GRAN LA VAQUITA  250 GRS.";"27"
"7808725410462";"800007125";"VINO PENINSULA GRAN RSVA CARMENERE 750 CC";"3"
"7804671160291";"800005698";"PIÑA COLADA 100% NATURAL 1 LTLA PIZKA";"3"
"7792410779562";"800007542";"GIN BRIGHTON TANGERINE 700 CC";"2"
"8720400578641";"800006387";"PURITOS CAFE CREME RED CARTON X 10					";"2"
"7804643980735";"800007654";"VINO VIK A GRAN RSVA CAB/FRANC 750 CC";"1"
"7804300158620";"800006403";"COCTEL GATO SELECCION DULCE BORGOÑA 1.5 LTS";"14"
"041508796484";"800007783";"JUGO SAN PELLEGRINO ZERO MELOGRANO330ML";"15"
"7804320758763";"800006484";"VINO DIABLO LUMINOUSE ROSE 750 CC";"4"
"7750243062732";"800007861";"MAYONESA ALACENA 475 G ";"1"
"8000353007901";"800006607";"LUXARDO MARASCHINO CANDIED CHERRIES 400 GRS";"2"
"4792252933293";"800008008";"TE BASILUR FORES FRUIT 20 BLS";"6"
"7804407006350";"800007179";"VINO MONTGRAS DE VINE RVA PINOT NOIR 750CC";"15"
"7804676652579";"800008074";"ENCAPSULADOR OLORES DOÑA GABY BAÑO 250 ML";"4"
"7804305001051";"800007239";"VINO CHIFLON RSVA CAB SAUV 750 CC";"2"
"7804621471064";"800008196";"ATUN LOMITOS ROBINSON CRUSOE JUGO LIMON 160 GR";"4"
"7501035011335";"800007560";"TEQUILA JOSE CUERVO PLATA 750CC";"1"
"7808304356945";"800008225";"ARROLLADO DE LOMO LAMINADO CHAPUCO 200GR";"9"
"6936756230009";"800007907";"GOMITAS DE BLOQUES AMOS 100 G AMOS";"34"
"7809569601269";"320";"JAMON DE PAVO AHUMADO 125 GRS. PACEL";"1"
"799192631856";"800008058";"GIN DUENDE CRANBERRY 700 CC";"2"
"7804335131117";"4483";"VINO CARMEN CLASI MARGAUX CAB.SAUV 700CC LVB";"3"
"8410113586070";"800008187";"VINO MIGUEL TORRES GRAN RSVA RED BLEND 750CC";"2"
"7804300143671";"4907";"VINO GATO PREMIUM MERLOT 750 CC";"4"
"7806810003384";"800008264";"ESPONJA VIRUTEX OLLA DORADA MEDIANA X 3 UND";"12"
"7802926001573";"6587";"HELADO AGUA SAN FCO MANGO 1LT";"6"
"7702626218687";"800008277";"QUITAMANCHA VANISH R/BLANCA 100G POLVO DP";"4"
"7613031628964";"11045";"CHARLOT 1LT 3 LECHES SAVORY";"4"
"7801220801223";"800008287";"ENSALADA JARDINERAMINUTO VERDE 500GR";"29"
"7804621472184";"14215";"ATUN LOMITOS FINAS HIERBAS ROBINSON CRUSOE 140 GR";"7"
"7802575534613";"800008290";"ALIMENTO MARTES DOG ADULTO PEQUEÑO 500G";"16"
"7613037069723";"25133";"CAFE NESCAFE ALTA RICA 100 GRS";"5"
"7802000021701";"800008313";"PAPAS FRITAS LAYS CORTE AMERICANO 300 GRS";"50"
"7802410350903";"25511";"BASE P/PESCADO FRITO GOURMET 80 GRS";"2"
"7591066721020";"2185";"MAQUINA DE AFEITAR XTREME3 P/NORMAL";"34"
"011210607033";"29964";"SALSA TABASCO CHIPOTLE SAUCE 60 ML";"3"
"03456217";"4666";"CERVEZA MILLER 355 ML BOTELLIN";"6"
"7805040001825";"30090";"LIMPIADOR IGENIX CLORO/GEL LAVANDA 900 ML";"8"
"7613035421592";"11188";"HELADO DANKY SAHNE NUSS SAVORY";"12"
"7802175455080";"40070";"LICOR FEHRENBERG TRIPLE SEC 700 ML";"1"
"23109";"23109";"PIMIENTO MORRON NARANJO ";"1"
"8001684225057";"25376";"CAFE CORSINI CLASICO 250 GRS";"3"
"7806810004145";"30131";"ESPONJA VIRUTEX ACANALADA  X3";"33"
"70551";"70551";"MANZANA RED DELICIOUS";"32.345"
"78462";"78462";"SEITAN MONGOLIANO DELICIAS DEL RIO 300GR";"1"
"7501072210234";"94511";"ALIMENT HUMEDO DOG CHOW MINI100GR ";"12"
"7613287230386";"94573";"ALIMEN GATO ONECAT ADULT 2KG";"2"
"7803960000584";"300464";"MARAVILLA PELADA OSO 250GR";"3"
"945623";"945623";"CURCUMEL MIEL CURCUMA EL RUSC 550GR";"1"
"7804335171113";"5008712";"VINO CARMEN CLASICO MERLOT 700CC";"4"
"8410023000031";"5009711";"JEREZ TIO PEPE";"1"
"7802410002901";"5010174";"BASE PARA CEVICHE GOURMET 30 GRS";"4"
"160010802100";"5009742";"CAFE SENSORIAL IRISH CREAM 100 GRS";"1"
"084773601251";"5010964";"CHORITOS EN ACEITE ROBINSON CRUSOE 425 GRS";"4"
"7891035040191";"5011068";"JABON VANISH ROPA COLOR 75GRS";"7"
"9312631129946";"5011992";"TE DILMAH BREAKFAST 50 BLS";"2"
"075496331075";"778432258";"LICOR AMARGO ANGOSTURA 28.3  NJA 100ML";"2"
"2007781000852";"778432194";"CHOCOLATE CAJA MADERA 180 G TRD SUR";"2"
"715126200035";"778432644";"VINO MONTES CLASSIC MERLOT750CC";"13"
"715126000161";"778432637";"VINO MONTES ALPHA SYRAH 750CC";"1"
"7804902027294";"778433761";"TALCO DESOD BROOKS ZAPATILLAS Y PIES 80ML";"3"
"0761847042836";"778432765";"MOSTAZA A LA NRJA NOBLEZA ARTESANAL 220G";"3"
"5411663009128";"800001847";"CERVEZA GULDEN DRAAK STOUT 330CC";"2"
"7804902039617";"778433117";"TALCO PARA PIES BROOKS CARBON ACTIVE 120G";"3"
"7801305101354";"800003496";"COCTEL DE FRUTAS WASIL 560GRS";"1"
"7802100002747";"778433678";"CERVEZA ROYAL LATA 470CC";"23"
"7804915011327";"800003990";"SHAMPOO 3 EN 1 BABY SHARK 350 ML";"1"
"7802200400108";"800000047";"MERMELADA VIVO DAMASCO 175 GRS";"4"
"7804000002926";"800004953";"CEREAL EN LINEA PROTEINA VEGANO 300 GRS";"2"
"7802910000223";"800001903";"LECHE S/LACTOSA SEMIDESCREM LONCO 1 L";"11"
"7804304104517";"800005036";"VINO ERRAZURIZ MAX RSVA CHARDONNAY 750CC";"3"
"5900189009878";"800002452";"ESTUCHE BOMBOMES SURT GOPLANA 114 GRS";"2"
"4005808313167";"800006311";"GEL DE DUCHA NIVEA WATERLILY 250 ML";"1"
"7804632980401";"800002543";"VEGURT ARTISAN DE ALMENDRAS SABOR FRUTILLA 150G";"13"
"6922235800054";"800006885";"POTE JALEAS MABU CHANCHITO 100 UDS";"2"
"011210617001";"800003100";"SALSA TABASCO SCORPION SAUCE 60 ML";"3"
"7805000318772";"800007208";"JABON LIQUI DOVE MANDARINA 700 ML";"3"
"9312631826739";"800003800";"TE NEGRO DILMAH MANZANA VERDE 25 U";"2"
"659525154127";"800007660";"CERVEZA TRECA LA BLACKY 473 CC";"6"
"7755120931729";"800004426";"BOMBILLAS ECO POLIPAPEL X 20 UNDS GLOBAL P.";"4"
"8682077009357";"800007950";"BOMBONES RELLENOS VANELLI CARAMELO CON CREMA SABOR LECHE 120GR ";"3"
"7804661490360";"800004612";"HARINA DE COCO KOE 150 G";"11"
"7804673910184";"800008168";"BARRA WILD PROTEIN VEGANA 45G";"1"
"7802410004738";"800005107";"JENGIBRE MOLIDO GOURMET 18 GRS (F)";"4"
"7509552992076";"800008242";"SERUM TRATAMIENTO ELVIVE COLAGENO LIFTER 100 ML";"1"
"7501035047204";"800005266";"RON KRAKEN BLACK SPICED 750 ML";"8"
"7805010003569";"800008266";"LIMPIADOR GLASSEX  A/GRASA 420 CC DOYPACK";"5"
"7804671160260";"800005691";"SOUR NATURAL SIN AZÚCAR 475CCLA PIZKA";"2"
"7791130003582";"800008274";"PASTILLA WC HARPIC PINO 20 GRS ";"3"
"7804668160105";"800006000";"SIDRA DELLA CHA MURTA 750 CC";"9"
"61";"61";"PECHUGA PAVO ASADA ARIZTIA";"0.262"
"7862135440051";"800006340";"CAFE COSECHA ROJA BALANCEADO GRANO 340GRS";"1"
"764451546295";"800006550";"CERVEZA GRULLA SCOTTISH ALE 470 CC";"6"
"705632662984";"800006806";"VINO KORTA RSVA ROSE PETIT VERDOT 750 CC";"10"
"30004856";"800007056";"MAQUINA DE LIAR METALICA OCB 1""";"1"
"7804407006381";"800007177";"VINO MONTGRAS DE VINE RVA MERLOT 750CC";"28"
"23044";"23044";"LIMON PICA KG";"3.385"
"070177078744";"800007412";"TE NEGRO TWININGS ENGLISH BREAKFAST DECAFF 25U";"3"
"7891035040276";"29163";"JABON VANISH ROPA BLANCA 75 GRS";"7"
"7804660621000";"800007512";"CEREALES PURI CHOCO POPS 220 GRS";"9"
"7702103130068";"303049";"CEREAL FROOT LOOPS 270 GRS";"15"
"8445291679528";"800007602";"CAFE NESCAFE FINA SEL RICH CARAMEL VAIN 95G";"9"
"7798136140662";"5010090";"PACK 3 MERMELADAS 450GRS CALLE CALLE";"5"
"041508221450";"800007781";"JUGO SAN PELLEGRINO ZERO ARANCIATA 330ML";"9"
"5000267024011";"778431214";"WHISKY JOHNNIE WALKER 750ML ET.NEGRA";"5"
"7802410005452";"800007824";"FIDEOS GOUDELS GOURMET CAMARON 65 GRS POTE";"6"
"7500435113601";"778432112";"PANAL PAMPERS PREMIUM CARE XG X 16";"2"
"0799192572784";"800007851";"CEBOLLA MORADA ENCURTIDA CASA COCINA 340GR";"7"
"7702626214948";"778433775";"QUITAMANCHA VANISH LIQUIDO BCO 450 ML";"3"
"8000070035980";"800007894";"CAFE QUALITA ROSSA LAVAZZA 250 G ";"10"
"7802930004492";"778433794";"TABLA SELECCION N 3 QUILLAYES 405G";"1"
"7500435193733";"800007982";"SHAMPOO HERBAL ESS LAVANDA 400 ML";"11"
"7802000017865";"800002241";"AVENA QUAKER INTANTANEA 400 GRS";"12"
"7801909002835";"800008036";"CHULETA CENTRO DE CERDO PV 200G ";"3"
"4000417212009";"800003042";"CHOCOLATE RITTER SPORT DARK ALM ORANGE 100G";"11"
"2007781004201";"800008159";"CONEJA GRANDE TDS 350GR ";"3"
"825";"825";"SALAME LA PREFERIDA";"24.018000000000004"
"7802575006233";"1724";"FIDEOS CORBATITAS CAROZZI 400GR abt";"21"
"7802175001072";"4257";"PISCO MISTRAL 40º 750CC lvb";"9"
"7801620350215";"5281";"BEBIDA KEM PINA 2000CC.DESECHABLE LVB";"18"
"7801305003191";"14471";"CHAMPINON LAMINADOS WASIL 400 GR";"2"
"7802410112136";"25197";"PEREJIL DESHIDRATADO GOURMET 12 GRS";"7"
"7707211631452";"25358";"CAFE JUAN VALDEZ LIOFILIZADO INSTA 50 GRS";"8"
"7891021002585";"25664";"FILTRO D/PAPEL MELITTA N 2 30U";"13"
"7801875058133";"26560";"TE HIERBAS TORONJIL SUPREMO X20.ABT";"11"
"7801300001451";"49561";"MIX TROPICAL FRUTOS DEL MAIPO 400GR";"2"
"7801930001869";"61019";"LASANA ESP CHAMP PF LISTO 350G";"1"
"67128";"67128";"DUNS COOKIE WHITE ";"79"
"7802200361096";"303441";"GELATINA AMBROSOLI PINA 100 GRS";"15"
"7804314945094";"5009342";"VINO VIU MANENT ESTATE RVA MALBEC  750CC";"2"
"7501001303518";"5010398";"ACONDICIONADOR PANTENE CONTROL CAIDA 400ML";"3"
"78033719";"800007267";"VAP VUSE GO 3000 WATERMELON ICE";"3"
"084773603088";"5011072";"TRIPACK ATUN LOMITO AGUA ROBINSON CRUSOE 240 GR";"5"
"7804619040401";"800007289";"VINO VERAMONTE COLECC COLORES CARMENERE 750 CC";"3"
"7802410003137";"5011779";"CREMA DE ESPARRAGOS 68GR GOURMET";"11"
"7622202312298";"800007371";"GALLETAS CLUB SOCIAL JAMON AHUMADO 216G";"24"
"778431406";"778431406";"BERRIES EN BOLSA EL ALMENDRO 80 GR";"13"
"7506195143872";"800007450";"SUAVIZANTE DOWNY FRESCOR DE PRIMAVERA 500 ML";"5"
"7804671930276";"778432102";"BEBIDA DE ARROZ VILAY ORIGINAL 1LT";"10"
"7804654941060";"800007503";"BOMBONES DULCE LLUVIA PISTACHO LECHE 30G";"14"
"7891024034095";"778432451";"PASTA COLGATE KIDS FRUTILLA 50G";"9"
"7804654941084";"800007505";"ALFAJOR DULCE LLUVIA PISTACHO LECHE 50 GRS";"63"
"23045712002";"800001866";"CAFE SANTO GRANO BENDITO MOLIDO 250GR";"5"
"7802000020896";"800007565";"RAMITAS EVERCRISP CHURROS 250 GRS";"1"
"7804340102782";"800003010";"VINO TARAPACA GRAN RSVA ETQ NEGRA CARMENERE";"7"
"659525154103";"800007658";"CERVEZA TRECA LA PAULI 473 CC";"5"
"7803908007194";"800004157";"DISPLAY X12 BARRA CEREAL GUALLARAUCO ZAN/NAR";"3"
"7804319009029";"800007695";"VINO SANTA EMA GRAN RSVA CHARDONNAY 750CC";"8"
"2007585000355";"800004402";"CAJA INFUSION S.B. MANZANILLA 28 GRS";"8"
"7801220002446";"800007727";"HABAS PELADAS MINUTO VERDE PREMIUM 400GR";"9"
"7804000001462";"800004943";"CEREAL EN LINEA KIDS BOLITAS 330 GRS";"11"
"041508212670";"800007782";"JUGO SAN PELLEGRINO ZERO LIMONATA 330ML";"1"
"8720400578672";"800006491";"PURITOS CAFE CREME ORIGINAL CARTON X 10					";"3"
"9556001054005";"800007915";"CAFE HELADO NESCAFE MOCHA 240 CC";"11"
"7804655192072";"800006880";"LAVALOZAS PREMIUM DOÑA GABY DOSIF LIMON 550 ML";"4"
"632627820282";"800008003";"SET GINGER SHOT EWU MAQUI 60 ML X4 U";"9"
"8424465954210";"800007158";"DONUST BERLINA CHOCOLATE PACK EP 180GR ";"27"
"7808304356891";"800008049";"QUESO CHAPUCO PARMESANO 150GR ";"14"
"8424465954883";"800007168";"DONUT SUCRE PACK EP 88GR";"56"
"7802245000615";"800008061";"CONEJA RUNDE ENTRELAGOS 140G";"18"
"7804684890611";"800007614";"CHUCHOCA GESCHMACK 500 GRS";"2"
"7804676652562";"800008075";"ENCAPSULADOR OLORES DOÑA GABY COCINA 250 ML";"7"
"7801220013312";"800007726";"ESPARRAGO MINUTO VERDE PREMIUM 350GR";"9"
"7804654940957";"800008115";"BEBÉ CONEJO CON QUINOA POP";"42"
"7622210127334";"800007814";"PACK GALLETA OREO GOLDEN 6 UNDS 216 GRS";"16"
"7804654940971";"800008122";"SURTIDO FIGURITAS ZANAHORIA PASCUA 100 G";"20"
"7500435193795";"800007990";"ACONDICIONADOR HERBAL ESS GRANADA 400 ML";"5"
"781159004087";"800008156";"CAPSULA CAFE MARLEY BUFFALO SOLDIER X10 U";"8"
"1";"1";"DIARIO EL MERCURIO LUN - VIE";"1"
"8410113561398";"800008188";"VINO LOCO DE PIEDRA RSVA SAUV BLANC 750 CC";"3"
"7804320343112";"4407";"VINO SANTA EMILIANA CABERNET SAUVIGNON 700CC lvb";"6"
"7804621472238";"800008195";"PAILA MARINA ROBINSON CRUSOE C/MERL 425 GRS ";"3"
"7802800586318";"5705";"JUGO LIVEAN LIMONADA 7 GRS";"60"
"7804621471729";"800008201";"ATUN LOMITOS AGUA ROBINSON CRUSOE 320 GR";"23"
"7804632980647";"7946";"QUESO CREMA CABRA ARTISAN ACEITUNA 150 G";"3"
"7804621471224";"800008203";"ENSALADA ATUN CON CUS CUS ROBINSON CRUSOE 160 GR";"3"
"7802900120214";"9690";"POSTRE GOLD CREME CARAMEL SOPROLE 120 GRS";"42"
"7809562401248";"14372";"CEREZAS MARRASQUINO VERDE PERELLO 250 GR";"4"
"7613039352151";"27298";"CHOCOLATE ESPECIALIDADES NESTLE 251G";"17"
"5060033820186";"32547";"QUITAMANCHAS THE PINK STUFF OXI PRELAVADO 500ML";"1"
"7804320510163";"40178";"VINO CASILLERO PINOT NOIR 750 ML";"3"
"7808304358352";"894";"QUESO CHAPUCO CHANCO MANT DON DANIEL 950GR ";"21"
"7804656560146";"60431";"JENGIBRE EN LAMINAS 210G";"2"
"7809569600187";"1656";"CHORICILLO COCTEL 250GRS PACEL ";"11"
"78413";"78413";"SALCHICHA VEGANA 4UN HAILSEITAN";"7"
"3005";"3005";"GRANADA ";"1.4449999999999998"
"000042017042";"91555";"ADOBADO DE CERDO TXAFKIMTUN 300GR";"6"
"7802110000917";"4134";"PINA COLADA CAPEL 700CC lvb";"3"
"7707211631865";"300144";"CAFE JUAN VALDEZ CHOCOLATE 95 GR";"2"
"7802180068046";"4281";"ESPUMANTE VALDIVIESO DEMI SEC 750CC.LVB";"12"
"78031678";"595670";"VAP VUSE GO 1000 BERRY BLEND";"2"
"7312040017010";"4746";"VODKA ABSOLUT 750 ML 40º";"12"
"7804335522366";"5009364";"VINO CARMEN MARGAUX FOUR PACK 187CC";"11"
"7804320272252";"4929";"VINO CASILLERO DEL DIABLO RES PRIV CAB/SAU 750 ML";"2"
"7804600772854";"5011635";"VINO OVEJA NEGRA SINGLE VINEYARD CARIGNAN 750CC";"2"
"7802900004644";"5643";"CREMA DE LECHE ZEROLACTO 1LT SOPROLE";"11"
"7802410609155";"778431531";"COBERTURA DE CHOCOLATE SEMI GOURMET 500 GRS.";"18"
"7802930004911";"7300";"VEGANO GAUDA LAMINADO QUILLAYES 200G";"8"
"7804320462004";"778432022";"VINO CONO SUR BIC MERLOT 750CC";"7"
"088004146689";"7777";"BOURBON FIRE BALL 750CC";"1"
"7794612413848";"778433416";"BIGTIME ULTRA CLEAN 288 GR";"58"
"7802900050023";"9188";"LECHE FRUTILLA SOPROLE 1LT";"2"
"7805040005052";"778434490";"LIMPIADOR IGENIX CLORO/GEL FLORAL 900ML";"8"
"070177169657";"12191";"INFUSION TWININGS MZNA/CANELA/MZNLLA 10U";"16"
"7801230002580";"800000138";"ATUN EN LOMO ACEITE 3 PACK VIVALA VITTA";"2"
"070177197360";"12198";"INFUSION TWININGS WILD BERRIES 10U";"4"
"4009041108108";"800001712";"CAFE MOVENPICK LIOFILIZADO GOLD INTENSE 100G";"4"
"7809562400951";"14178";"FRUTILLAS A/JUGO 580 GRS PERELLO";"4"
"011210000155";"800003095";"SALSA TABASCO ORIGINAL SAUCE 150 ML";"4"
"7801305004129";"25421";"ARANDANOS TTRA WASIL 380 GRS";"3"
"7755120810109";"800003423";"PLATO MEDIANO 18 CMS POLIPAPEL AMARILLO X 10";"8"
"030772053089";"27882";"LAVALOZA DAWN BLUE ORIGINAL 638 ML";"5"
"7804660290268";"800003464";"TABACO BRISTOL UVA ROSADA 45GR";"5"
"30483";"30483";"LOMO LACHS CRUDO GRAU";"3.0420000000000003"
"5010106113493";"800003856";"WHISKY BALLANTINES PETACA 200ML";"6"
"7804305000788";"40569";"VINO MACUL DON MATIAS CARMENERE 750 ML";"11"
"6301618000135";"800004080";"GRANOLA PARA DIABETICOS 330G TERRANUT";"5"
"7802705401204";"56524";"HELADO MAGNUM MINI BLANC FRANCBUESA MPK 5X60ML";"4"
"7803908007187";"800004155";"DISPLAY X12 BARRA CEREAL GUALLARAUCO ARAND/MAQUI";"5"
"7801235001205";"61177";"CHORITOS C/C SAN JOSE 454G";"1"
"2007585000324";"800004399";"CAJA INFUSION S.B. MENTA CACAO 28 GRS";"3"
"753153701811";"67706";"PALETA HELADO KREEMS COOKIES & CREAM";"37"
"7802410004370";"800004740";"SALSA BARBECUE GOURMET LIGHT 280 GRS";"10"
"7804632980746";"75559";"QUESO CABRA AH FUNDIDO ARTISAN 180G";"5"
"7804000002841";"800004997";"SET CAFE EN LINEA VAINILLA LATE 8 SOBRES";"3"
"7804635611807";"78820";"JAIBA DESMENUZADA GLOBAL FROZEN 500G";"10"
"7804658020549";"800005950";"PURE DE FRUTA AMA ORG MANZANA ARAND 90 GRS";"1"
"0609143581324";"80999";"TOCINETA EL ARIIERO BBQ 100GR";"24"
"793969039128";"800006169";"GRANOLA GRANOLERA TRADICION FRASCO 500 GRS";"1"
"7802926410924";"87594";"HELADO VASO SAN FCO PAPAYA CREMA 140ML";"5"
"7802410005049";"800006719";"AJO SAL GOURMET 270 GRS";"4"
"7613035951181";"94596";"ALIMEN GATO CATCHOW ADUL CARNE 3KG";"2"
"3057067602019";"800006964";"PAPELILLOS OCB CANAMO + TIPS";"42"
"7805000135409";"300424";"SOFT CLASICO 1200 ML";"4"
"7804600779280";"800007072";"VINO OVEJA NEGRA BOLD CAB/SAUV 750CC";"9"
"7804621472047";"300807";"CHORITOS FINAS HIERBAS ROBINSON CRUSOE 190 GR";"16"
"742832866248";"800007397";"MOSTAZA AMERICAN CLASSIC HONEY 397 GRS";"5"
"7804920230225";"303084";"JABON BALLERINA ALMENDRA FR 350ML";"4"
"6301618004799";"800007649";"MANTEQUILLA DE MANI TERRANUT CRUNCHY CAFE 400GR";"3"
"7801420000044";"500200";"ARROZ TUCAPEL SUSHI 400GR";"6"
"7803520002980";"800007838";"CEREAL SIN GLUTEN CACAO 10X280 GRS";"3"
"6301618001415";"2021150";"LECHE DORADA TERRANUT 85GR";"4"
"4792252935655";"800008009";"TE BASILUR ASSORTED GREEN 25 BLS";"6"
"7804314945063";"5009344";"VINO VIU MANENT ESTATE RVA SAU BLANC 750CC";"14"
"7801909002286";"800008034";"HAMB. PAMPAVERDE VAC TREX 185G ";"22"
"7804320656243";"5009910";"VINO CASILLERO DEL DIABLO CAB/SAU 375 ML";"4"
"7802225640992";"800008253";"GALLETA BON O BON PISTACHO 95 GRS";"169"
"7802960001935";"5010615";"AHUMADO TRADICION 100GRS SANTA ROSA ";"4"
"084773612509";"5010971";"CHOLGAS AL NATURAL ROBINSON CRUSOE 190 GRS ";"10"
"084773623864";"5011733";"SARDINAS SALSA DE TOMATE ROBINSON CRUSOE 425 GR";"14"
"778431405";"778431405";"PASAS RUBIAS EN BOLSA EL ALMENDRO 80 GRS";"24"
"7797453001564";"778431926";"ALIMENTO PEDIGREE ADULTO RAZA PQNA 1.5 KLS";"6"
"7904";"7904";"DUNS COCONUT CACAO 72GR EU";"52"
"7804319009012";"778432523";"VINO SANTA EMA GRAN RSVA MERLOT 750CC";"3"
"7801305004136";"25423";"PAPAYAS EN  TROCITOS WASIL 380 GRS TTRA";"2"
"7804646000256";"778433356";"MR BIG ENERGY 2.5 LTS JIRAFA";"13"
"7790520002327";"26846";"INSECTICIDA RAID S/OLOR 235 ML M/M";"1"
"7801610671115";"778433736";"BEBIDA FANTA ZERO 2 LT RETORNABLE";"19"
"0659525123697";"70007";"SUCEDANEO SALCHICHA SUREÑA DELICIAS 400G";"3"
"7790520991522";"778434223";"INSECTICIDA BAYGON CUCARACHAS Y ARANAS 420CC";"13"
"7798147783223";"245612";"HELADO FRANUI CHOCOLATE BLANCO Y LECHE 150GR";"47"
"7804621470753";"778434385";"CHORITOS ACEITE B/SODIO ROBINSON CRUSOE 190 GR";"5"
"7809611709523";"5008709";"PLATEADA A LA CHILENA 1KG";"11"
"078895128789";"800000162";"SALSA SOYA REGULAR 500 ML LEE KUM KEE";"4"
"9002859036583";"5010089";"MERMELADA FRUTILLA 450 GRS CALLE CALLE";"9"
"9780201390124";"800001823";"CERVEZA TOTEM INDIAN RED ALE LATA 475CC";"22"
"7804621470296";"5011080";"ENSALADA ATUN MEXICANA ROBINSON CRUSOE 160 GR";"8"
"7804945007819";"800001954";"TALCO PARA NINOS BABYLAND 200 GRS";"4"
"2007785000070";"778431674";"INFUSION HERB PALO N/LEM/MORA 50G SBERR";"5"
"7808704701031";"800002037";"VINO MISIONES GRAN RSVA BLACK CAB SAU 750CC";"6"
"0761847043048";"778432766";"MOSTAZA FUERTE NOBLEZA ARTESANAL 220G";"3"
"7803111002580";"800002288";"BRUSCHETTA ALCACHOFA QUINOA PERFECT CHOICE 290 GRS";"3"
"082184038727";"778434108";"WHISKY GENTLEMAN JACK 750CC";"2"
"800003378";"800003378";"CAFE ROASTY HONDURAS 250GRS";"10"
"7804602381375";"800002039";"ESPUMANTE VINAMAR DESALCOHOLIZADO 750CC";"8"
"6920354824395";"800003898";"PASTA COLGATE NATURAL CARBON 90 GR";"11"
"7801235000284";"800003510";"CHORITOS SAN JOSE ACEITE 425 GRS";"8"
"8000070052581";"800003937";"CAFE PRONTISSIMO CLASI LATA LAVAZZA 95 G ";"7"
"2007585000379";"800004404";"CAJA INFUSION S.B. MENTA 28 GRS";"4"
"6301618001347";"800004079";"MANZANILLA TERRANUT 45GR";"5"
"7804320758626";"800005173";"VINO DIABLO DEEP CARMENERE 750 CC";"25"
"781159840685";"800004140";"DISPLAY CAFE MARLEY CAPUCC/VAIN 8 SOBRES";"4"
"7804335005623";"800005408";"VINO FRIDA KAHLO RSVA CAB/SAUV 750CC";"1"
"7803183180025";"800004373";"HELADO FRAMBUESA PUDU";"10"
"6925425478637";"800005772";"GOMITAS LUNCH BAG SOUR TROLLI 77.5 GRS";"6"
"7804315012917";"800004674";"ESPUMANTE LA DOLCE VITA PREMIUM DOLCE 750CC";"4"
"7804676740160";"800006869";"AZUCAR MI SOL 1 KL";"99"
"7804300155896";"800005100";"COCTEL GATO SEL DULCE BLANCO BOTELLON 1.5 LTS";"7"
"025215736445";"800007089";"PILA MAXEL LITIO CR 1616";"7"
"7804330009572";"800005428";"VINO GRAN 120 RED BLEND BOT 1.5 LTS";"12"
"070177077693";"800007413";"TE NEGRO TWININGS ENGLISH BREAKFAST 25U";"2"
"7804671160079";"800005684";"SOUR NATURAL MARACUYÁ 1 LTLA PIZKA";"7"
"7804654941046";"800007501";"CHOCOLATE TABL DULCE LLUVIA PISTACHO LECHE 50GRS";"8"
"799192075216";"800005909";"CERVEZA EL GROWLER RED 330 CC LATA";"13"
"7790520995438";"800007927";"DESINFEC LYSOFORM MULTISUPERFICIE 500ML";"2"
"7802175003045";"800006002";"VODKA PUKLARO 750 ML";"9"
"7801909002224";"800008032";"HAMB. PAMPAVERDE VAC SMOKE 100G";"14"
"793969039135";"800006172";"GRANOLA GRANOLERA TRADICIÓN SACHET 30 GRS";"10"
"799192196287";"800008154";"CAPSULA CAFE MARLEY CAPPUC/VAINI X10 U";"2"
"7801322000005";"800006619";"HIGOS RELLENOS C/ NUECES 1000 CC GARCIA";"2"
"7804621471538";"800008204";"ENSALADA ATUN ALBAHACA ROBINSON CRUSOE 160 GR";"5"
"4062400163002";"800006650";"TEQUILA SIERRA BLANCO 700 CC";"4"
"413";"413";"QUESO LLIFEN COLUN GOUDA KG";"99.26000000000002"
"7802410004943";"800006716";"SAZONADOR PARRILLA GOURMET 230 GRS";"3"
"5010106111536";"4713";"WHISKY BALLANTINES FINEST 75 CL 40º";"12"
"799192486951";"800007081";"GINGER BEER KUFEO ARANDANO 350 CC";"5"
"7802930005499";"6561";"QUESO SUIZO 200GRS";"10"
"7804000003619";"800007088";"CAJA BARRA PROTEINA EN LINEA ENERGY CHOC MANI 4U";"4"
"7802910330207";"9648";"BEBIDA LACTEA SHAKE SHAKE CHOCOLATE 170ML";"1"
"7808725410455";"800007126";"VINO PENINSULA GRAN RSVA CAB SAUV 750 CC";"11"
"7613033495335";"11252";"HELADO COLA DE TIGRE SAVORY";"19"
"7804407006398";"800007176";"VINO MONTGRAS DE VINE RVA CARMENERE 750CC";"17"
"12255";"12255";"PALTA HASS CHILENA  KG";"10.62"
"7804668160112";"800007233";"VINAGRE MANZANA HUERTOS PATRIMONIALES 500CC";"4"
"7802950003543";"24194";"PICADO NESTLE CARNE DE VACUNO C/ VERD  215GR.abt";"16"
"8436556395581";"800007315";"GOMITAS TROLLI OCTOPLUS BLUE 80 GRS";"23"
"7802410400219";"25268";"SALSA DE SOYA LIGHT 165C GOURMET";"13"
"7804000003626";"800007506";"NECTAR ISOTONICO EN LINEA NARANJA 600 CC";"5"
"7792410522717";"800007541";"GIN BRIGHTON 700 CC";"9"
"7804684890550";"800007610";"ALMIDON DE MAIZ GESCHMACK 500 GRS";"7"
"7804319001115";"800007693";"VINO SANTA EMA GRAN RSVA SYRAH 750CC";"1"
"7802100001887";"40068";"CERVEZA RETORNABLE ESCUDO 1.2 LTS ";"11"
"8935048604090";"800007720";"BEBIDA ALOE VERA WIN ORIGINAL  500 CC ";"46"
"7801930000794";"56889";"JAMON ACARMELADO CORTE PLUMA RDA 125G";"75"
"7806500963561";"800007747";"TOALLA HIGUENICA COTIDIAN LADY MAXI 28UN";"3"
"78461";"78461";"SEITAN ENTERO DELICIAS DEL RIO 400G";"5"
"7802075003091";"800007770";"TOCINETA EL ARRIERO ORIGINAL  140GR";"16"
"7613035391369";"303461";"CRAZY SANGURUCHO SAVORY";"17"
"735380010218";"800007803";"SNACK GARBANZO WANIA 120 GR";"44"
"6301618001026";"3040475";"INFUSION ROSA JAMAICA TERRANUT BOT.475ML";"2"
"7802420010385";"800007859";"COCTEL DE FRUTAS 580G ESMERALDA";"8"
"8410113005793";"5009264";"ESTELADO ESPUMANTE 750CC SANTA DIGNA";"4"
"8000070054271";"800007900";"CAFE  CAPSULA ESPRESSO INTENSO LAVAZZA 57 G LAVAZZA";"6"
"7613035808133";"5010120";"HELADO MEGA SAHNE NUSS 90 ML";"12"
"7808304356877";"800008052";"MIEL CHAPUCO ULMO 500GR";"19"
"2007785000100";"778431677";"MUESLI MAQUI/MANZANA SIEMPREBERRIES 400G";"5"
"7808304357003";"800008158";"LONGANIZA ARTESANAL CHAPUCO 500GRS";"5"
"3024482270109";"778432247";"COGNAC REMY MARTIN 700CC";"2"
"7804621472207";"800008197";"ATUN LOMITOS SALSA TOMATE ROBINSON CRUSOE 140 GR";"2"
"7509546066776";"778433618";"PASTA DENTAL COLGATE MINIONS 75 ML";"5"
"000042017014";"388";"CHICHARRONES TXAFKINTÜN 200G";"22"
"7802110002454";"778434132";"PISCO BRUJAS DE SALAMANCA ESP 700CC";"2"
"923";"923";"PACK ZAPALLO ITALIANO ";"1"
"8410013009761";"800003430";"CODORNIU ANNA BRUT BLANC DE BLANC 750CC";"2"
"7801875058058";"1461";"TE HIERBAS LLANTEN SUPREMO X20.abt";"4"
"7798085681834";"800004185";"JUGO CITRIC NARANJA 100% EXPR 1L";"34"
"7801875150431";"2642";"ALUPLAST 20 MTS";"42"
"2007781003372";"800005394";"BOLSITA TDS BITTER LECHE S/AZUCAR 100 GRS";"6"
"7790380026402";"3243";"MANTECOL LINGOTE 500 GRS";"5"
"7804655191150";"800006181";"GUANTES DOÑA GABY CONVENIENTES TALLA M";"15"
"7802105000717";"4107";"MARTINI BIANCO 750 CC";"8"
"30120112";"800006965";"PAPELILLOS OCB VIRGIN + TIPS";"19"
"7804320110950";"4375";"VINO SANTA EMILIANA CARMENERE 700ML";"16"
"742832866231";"800007396";"MOSTAZA AMERICAN CLASSIC YELLOW 397 GRS";"2"
"7804339003014";"4491";"RON MADDERO DORADO 1LT";"5"
"7730976823664";"800007582";"JUGO 100% NATURAL NARANJA ZANAHORIA GROW 1 LT";"20"
"7808704700140";"4810";"VINO MISIONES DE RENGO MERLOT 750 ML";"4"
"8445291969216";"800007707";"HELADO CHOCOLITO SAVORY";"18"
"7801610002285";"5045";"BEBIDA FANTA 2000CC RETORNABLE  lvb";"1"
"799192222597";"800007774";"PLATANITO EL ARRIERO MADURITOS 135GR";"19"
"7802926001344";"7316";"PACK PALETA SAN FCO HEL CHOC FRAM 5UN";"3"
"8000070053625";"800007898";"CAFE  CAPSULA ESPRESSO CLASSICO LAVAZZA 57 G LAVAZZA";"3"
"8228";"8228";"CHORIZO TXAFKINTUN KG";"8.298000000000002"
"8935330220724";"800007945";"DR FRUIT JUGO FRUTILLA + PULPA 490ML";"40"
"7804681960102";"8997";"LONGANIZA BOM-BOM 400G CECINAS GRAU";"8"
"7500435193788";"800007984";"SHAMPOO HERBAL ESS GRANADA 400 ML";"13"
"7500810046890";"800008286";"TAKIS BUCKIN RANCH 190 GRS";"35"
"7801505000228";"1396";"AZUCAR IANSA 400 GRS";"47"
"7804612130093";"10301";"ENCENDEDOR RONSON COCINA ELECTR";"8"
"7802215302060";"3489";"GALLETAS GRAN CEREAL MUESLI COSTA 135 GRS abt";"74"
"070177197162";"12217";"INFUSION TWININGS MENTA 10U";"8"
"7804300123918";"4306";"VINO SANTA HELENA TTA.2000CC TINTO lvb";"17"
"084773611502";"14210";"CHORITOS AL NATURAL ROBINSON CRUSOE 190 GR.";"41"
"7804339002598";"4864";"RON MADDERO BLANCO 750CC 40 º";"3"
"5063270100752";"25609";"TE LIPTON EARL GREY X 25 UND";"1"
"23056";"23056";"UVA AUTUMN ROYAL KG";"60.45399999999999"
"7840131003821";"28558";"GRISINES IDEAL CEBOLLA MORADA 120 G";"9"
"7802950002324";"24182";"CEREAL EN POLVO ECCO NESTLE 170 GRS";"8"
"082184090466";"40047";"WHISKY JACK DANIELS 750 CC";"6"
"7806810004305";"26361";"ESPONJA LISA BONOBRIL VIRUTEX 4 UND  abt";"30"
"8410113001993";"40105";"VINO LAS MULAS CABE SAUV 750CC";"9"
"7804626930023";"40100";"PISCO EL GOBERNADOR 700 CC 40 ";"4"
"7640175745974";"40260";"GIN BOMBAY SAPHIRE 40° 750 ML";"5"
"55901";"55901";"TICKET CERVEZA CCU";"1"
"5000267015200";"40360";"WHISKY JOHNNIE WALKER RED 200 ML PETACA";"3"
"7501072213785";"94579";"ALIMEN HUMEDO DOGCHOW POUCH CACHORRO 100GR";"8"
"7804656560269";"60433";"JENGIBRE MASTICABLE DULCE 100G";"1"
"7800000162417";"5009604";"ALFAJOR MANJAR PETIT ";"56"
"7802920010533";"65212";"LECHE COLUN POLVO SEMIDES PILLOW 900GR";"6"
"8001665700061";"5010846";"GIRASOLI POLLO Y ROMERO RANA 250GRS";"16"
"7801552006518";"68220";"CASSATA OREO 1LT";"14"
"7804621470272";"5011078";"ENSALADA ATUN CAMPESINA ROBINSON CRUSOE 160 GR";"5"
"799192646904";"70542";"BOWL MECHADA VEGY";"3"
"8410113002068";"5011200";"VINO LAS MULAS CAB. SAV. ROSE 750 CC";"2"
"8445291684577";"94569";"ALIMEN PERRO DOGCHOW PEQUE CARNE POLLO 8KG";"1"
"7804621471422";"5011729";"TRIPACK ATUN LOMITO OLIVA ROBINSON CRUSOE 195 GR";"8"
"7802930005666";"98232";"TABLA SELECCION N6 QUILLAYES 200GR";"15"
"7804671930283";"778432104";"BEBIDA DE ARROZ VILAY CHOCOLATE 1LT";"3"
"7801305003634";"300580";"ENSALADAS DE VERDURAS WASIL 340GR";"3"
"7798194770016";"778433055";"FERNET NERO 53 750 CC";"3"
"7801620006181";"303457";"NECTAR WATTS SELECC MANGO MARACUYA 350 ML";"28"
"7804907972322";"778433753";"RAYITO DE SOL FCT30 90ML ZANAHORIA";"1"
"7801420130130";"5008786";"ARROZ INTEGRAL TUCAPEL 1 K";"7"
"7800000162035";"5009585";"BARRA MAZAPAN BANADO 65GR PETIT";"2"
"7804603950679";"800000388";"ALFAJOR PETIT 6 UNIDADES";"5"
"7804314945070";"5011001";"VINO VIU MANENT ESTATE RES CHARD 750ML";"13"
"8434165488663";"800003374";"GALLETA CUETARA SURTIDO 210 GRS";"6"
"7804626930344";"5011212";"VINO CINSAULT VINA LA CAUSA 750CC";"1"
"7804671930306";"800003665";"BEBIDA DE COCO VILAY S/AZUCAR 1LT";"7"
"7804454001261";"5011717";"VINO CASA SILVA COLECCION MERLOT 750ML";"10"
"0781159838477";"800004139";"CAFE MARLEY LIOFILIZADO POSITIVE 100 GRS";"1"
"7791290007024";"778431747";"DETERGENTE OMO MATIC LIQUIDO ULTRA 3 LT DP";"5"
"7804000002759";"800004969";"GRANOLA EN LINEA PROTEINA ALMENDRAS 320 GRS";"6"
"5411663002723";"778431870";"CERVEZA GULDEN DRAAK 750 ML";"5"
"7755120813667";"800006356";"MANTEL GLOBAL PARTY BLANCO 137X274 CMS";"2"
"7804658470184";"778432246";"COCTAIL SANTA MARGARITA FRESA 750CC";"8"
"7755120990504";"800007357";"MANTEL GLOBAL PARTY COLORES 137X274 CMS";"3"
"7804303321236";"778432597";"VINO MONTES LIM SELCC CAB/CARM 750CC";"8"
"7804654941053";"800007502";"CHOCOLATE TABL DULCE LLUVIA PISTACHO BITTER 50GRS";"5"
"78031913";"87445";"POSTRE DEL SUR CHOCO MENTA 110 GR COLUN ";"296"
"7802095180123";"800003413";"TORTILLAS BURRITOS PANCHO VILLA XL 8UN";"79"
"7802575533616";"800002358";"ALIM MASC ANIMAL PLANET PERRO CACH PEQ 2.5 KLS";"1"
"0745853997526";"87555";"XPARKLING SABOR CEREZA 240ML";"1"
"7804612131373";"800003459";"ENCENDEDOR RONSON DISEÑO";"42"
"7804000001868";"800004950";"CEREAL EN LINEA INFLADO ARROZ 300 GRS";"1"
"7808709503869";"89546";"LECHE SURLAT PROTEINA CHOCOLATE  1LT";"16"
"4008455423913";"800003483";"LIMPIA ACERO INOX DR BECKMANN 250CC ";"7"
"97280230001";"800006095";"ASTILLAS DON CARLOS 1.8 KLS APROX";"28"
"659525184452";"89847";"ROLLITO DE FRUTA UKRAINKA 80GR";"5"
"7801235000468";"800003507";"CHORITOS SAN JOSE BAJO SODIO 190G";"13"
"7804652980566";"800006705";"MOSTAZA DULCE BY MARIA 420 GRS";"1"
"000042017036";"89849";"LOMO AHUMADO TXAFKINTUN 120GR";"33"
"7802420006494";"800003545";"COCO RALLADO EDRA 100 GRS";"32"
"8445292123822";"800007152";"GALLETA KUKY CLASICA SAQUITO 150 GRS";"7"
"7802900960018";"90087";"CREMA CHANTILLY LIGHT 250 GRS SOPROLE";"15"
"7801875001306";"800003570";"BOLSA DE BASURA CLEAN 50X70";"42"
"070177228514";"800007419";"INFUSION TWININGS LIMON JENGI 50U";"1"
"7802920007410";"90118";"LECHE COLUN S/LACT SEMIDESC 1L EDGE";"414"
"7801875001313";"800003572";"BOLSA DE BASURA CLEAN 80X110";"36"
"078895770025";"800008243";"SALSA CHILLI GARLIC SAUCE LEE KUM KEE 368 GRS";"1"
"7802920006512";"90148";"QUESO COLUN UNTABLE CEBOLLA SALT 100 GR";"26"
"7801505001713";"800003594";"AZUCAR IANSA 750 GRS";"202"
"7805040004864";"800008269";"LIMPIADOR DESINF PISO IGENIX VAINILLA 900 ML ";"4"
"7613035951310";"94575";"ALIMEN GATO CATCHOW DELIMIX 3KG";"11"
"800003754";"800003754";"ASTILLAS DEL SOL 1.4 KLS";"127"
"7804615340000";"4735";"CERVEZA KROSS GOLDEN 330CC";"1"
"7891000247099";"94590";"DENTALIFE PERRO RAZA GRNADE 196GR";"22"
"658325421521";"800003788";"KOMBUCHA LA IDA BERRY MENTA 355 CC LATA";"325"
"7802940002556";"800003082";"VINO REQ TORO DE PIEDRA LATE HARVEST 375CC";"2"
"78031920";"95485";"POSTRE DEL SUR MOKA 110GR COLUN";"642"
"658325421965";"800003794";"CERVEZA EL REGRESO PORTER 470 CC";"17"
"0070847896562";"800005829";"ENERGETICA MONSTER JUICE AUSSIE 473ML";"3"
"95489";"95489";"SAUERKRAUT 400 GRS VONCATS";"12"
"658325421996";"800003797";"CERVEZA EL REGRESO KOLSCH 473 CC";"22"
"9789563195217";"800006598";"LIBRO VALDIVIA REFLEJO CIUDAD FLUVIAL";"1"
"793969904471";"97840";"ALFAJOR PROTEIN MANI FRAM 80GRS ACTIVA2";"37"
"2007781002696";"800003829";"NIDO BAMBU CONEJO TDS 60GR";"20"
"7804673910030";"800007821";"BARRA WILD PROTEIN MANÍ";"1"
"677144512272";"97844";"ALFAFOR PROTEIN DOUBLE UNDER MANJAR ACTIVA2 80 GR";"156"
"23045712006";"800003890";"CAFE SANTO GRANO SANTÍSIMO MOLIDO 250GR";"4"
"7804330006939";"4983";"VINO MEDALLA REAL RSVA MERLOT  750CC";"3"
"793969904495";"97846";"ALFAJOR PROTEIN CARAMELO 80GR ACTIVA2";"97"
"658325695236";"800003906";"KOMBUCHA PINDA MURTA MEMBRILLO 350 LATA";"74"
"7802410708476";"25682";"SOUR MIX 200 ML  GOURMET";"6"
"793969904501";"97850";"BROWNIE PROTEIN AVTIVA2 CLASICO 180GR";"56"
"7802575015570";"800003940";"PASTA P/UNO BOLOGNESA CZZI 70 GR";"22"
"799192913877";"30511";"QUESILLO QUIMAN 500 GR APROX";"7"
"677144512289";"97853";"BARRA POWER BARBELL ACTIVA2 CLASICO 70GR";"69"
"6301680050007";"800003992";"MIEL DORADA TERRANUT 500 GRS";"4"
"5060033821114";"32546";"PASTA LIMPIADOR THE PINK STUFF  MULTIUSO 850 G";"1"
"7802920011219";"98745";"DESAYUNOW CHOCOLATE 330 ML COLUN";"20"
"7801620852580";"800004028";"BEBIDA LATA KEM PINA 350CC LVB";"140"
"7802900005160";"59461";"MANTEQUILLA SOPROLE QUILQUE POTE 200GR";"1"
"7803403004094";"99998";"PAN BLANCO IDEAL SIN BORDE 400 GR";"72"
"7802130002335";"800004077";"CERVEZA CUSQUENA 710 ML LATA";"462"
"8005121041095";"300930";"LASAGNE DIVELLA ORESTO IN FORNO 500GR";"4"
"7798147780062";"245610";"HELADO FRANUI CHOCOLATE AMARGO 150GR";"25"
"6301618000777";"800004083";"MANTEQUILLA DE MANI TERRANUT 400 GR";"31"
"7804330006922";"5009394";"VINO MEDALLA REAL RSVA CARMENERE 750ML";"12"
"7798147784442";"245614";"HELADO FRANUI FREE 150 GR";"22"
"070177078966";"800004094";"TE TWININGS EARL GREY 50 BOLS";"166"
"7797453001502";"778431922";"ALIMENTO PEDIGREE CACHORRO 1.5 KLS";"1"
"070847009511";"300055";"ENERGETICA MONSTER ENERGY 473 ML";"293"
"7801875001870";"800004109";"YERBA MATE SUPREMO H SERRANAS 250GRS";"19"
"7802175002895";"778433178";"PISCO MISTRAL NOBEL HONEY 750 CC";"1"
"7803403000195";"300084";"TORTILLA BURRERA 400GR IDEAL";"123"
"6301618000111";"800004117";"GRANOLA DETOX 330GR TERRANUT";"12"
"7803473003232";"778434445";"RAYITA MARINELA VAINILLA 2 UNI. 60 GR.";"31"
"7891024123027";"300153";"PASTA COLGATE LUMINOUS WHITE 90 GR";"25"
"6301618000760";"800004121";"MANTEQUILLA DE MANI TERRANUT 200G";"27"
"8005121001143";"800001151";"LINGUINE 14 DIVELLA 500 GRS";"10"
"7802000010729";"300211";"MANI TIPO JAPONES EVERCRISP 100 GR";"77"
"608875008994";"800004142";"KETCHUP HEINZ DOYPACK 190 GRS";"157"
"7804643980384";"800004240";"VINO VIK LA PIU BELLE ROSE 750CC";"1"
"7802955009236";"300227";"YOGURT GRIEGO COLCHON FRUTILLA 150 GR";"44"
"7803908007200";"800004156";"DISPLAY X12 BARRA CEREAL GUALLARAUCO MANG/MAR";"4"
"7804454004873";"800004685";"ESPUMANTE DOMINGA BRUT ROSE 750CC";"3"
"7809569600743";"300275";"MORCILLA TEEWURST PACEL 120 GR";"111"
"5413121350056";"800004276";"CHOCOLATE BELGIAN HARVEST SEASHELLS 65 G";"9"
"8001440133916";"800005265";"PASSATA CIRIO 200 GRS TETRA";"4"
"070847021964";"300292";"ENERGETICA MONSTER ULTRA 473 ML";"304"
"7801620009373";"800004289";"BEBIDA PEPSI 600CC DESECHABLE LVB";"167"
"7802940053275";"800006013";"VINO REQ TORO DE PIEDRA RSVA CAB/SAUV 750CC";"1"
"7802955008697";"300380";"YOGHURT GRIEGO COLCHON DE FBOSQ";"121"
"0765066727505";"800004302";"TABACO SPRINGFIELD NATURAL 40 GR					";"36"
"7730976822827";"800006233";"PULPA DE TOMATES PONTEVEDRA TETRA 510 GRS";"4"
"021000026968";"300415";"MAYONESA KRAFT TRAD 394 GRS POTE";"176.24"
"0765066727475";"800004307";"TABACO SPRINGFIELD GRAPE 40 GR";"7"
"046000821214";"800006529";"FRIJOLES OLD EL PASO 453 GRS";"1"
"7801420000600";"300492";"ACEITE DE OLIVA BANQUETE 500ML";"29"
"7803183180223";"800004377";"HELADO CHOCOLATE 80% PUDU";"16"
"7804635420652";"800006966";"CONOS PAPEL FUMAR SOULBLIME PINK 6 UNDS";"1"
"7802215505058";"300540";"GALLETA MAXI CHIPS 200GR";"96"
"7804639040252";"800004388";"CERVEZA GUAYACAN HAZY APA 470CC LATA";"13"
"8000320990113";"800007596";"PASSATA CIRIO TETRA 500 GRS";"5"
"7802575226310";"300641";"NECTAR VIVO NARANJA 1LT";"30"
"7801620009656";"800004392";"AGUA MAS 600CC CITRUS";"138"
"302";"302";"LOMO VETADO ALIÑADO DE CERDO OMA WURST";"1"
"7801315000296";"300728";"CAFE COPACABANA ENTERO 500GR";"3"
"2007585000294";"800004396";"CAJA TE NEGRO S.B. MAQUI MURTA 28 GRS";"2"
"7802920010618";"7504";"YOG COLUN KEFIR NATURAL 120G";"77"
"7802920005171";"300748";"LECHE CULTIVADA COLUN LIGHT CHIRIMOYA 180ML";"80"
"781159032561";"800004407";"ALFAJOR DULCE SAN VALENTIN BLANCO 50G";"55"
"48926";"48926";"CROISSANT BOMBON MIDI EP55GR";"35"
"7798040463598";"300813";"PUSH POP CANDY 15GR";"28"
"7802000018961";"800004438";"DORITOS DINAMITA AJI LIMON 100 GRS";"38"
"7802920011073";"98452";"YOG COLUN KEFIR FRAMBUESA 120GR";"26"
"7896029052341";"300845";"PEDIGREE DENTASTIX RAZAS MEDIANAS X3";"41"
"7804651931903";"800004441";"HIDRATANTE SUEROX ARANDANO 630 ML ";"8"
"7804621470289";"5011079";"ENSALADA ATUN PRIMAVERA ROBINSON CRUSOE 160 GR";"1"
"7791290007000";"301005";"DETERGENTE OMO MATIC LIQUIDO MULT 3 LT BOT";"6"
"7804654940155";"800004457";"BOMBONES DULCE LLUVIA ILUSTR CAJA X 9U";"14"
"2007781002061";"200778100";"CAJA 6 OSITOS LECHE FINO TRAD. DEL SUR  72 G";"1"
"7802832101121";"301095";"JUGO AFE MANZANA ROJA 300CC";"9"
"7804654940407";"800004468";"ALFAJOR DULCE LLUVIA CREMA WHISKY 45 GRS";"52"
"7804658020372";"800001182";"JUGO AMA ORGANICO PURA MANZ CIRUELA 1 LT";"3"
"7801875150257";"301127";"PAPEL ALUMINIO ALUFOIL 7.5M";"39"
"7803183180087";"800004576";"HELADO LIMON MENTA PUDU";"15"
"2007781001637";"800002267";"CAJA BAUL  CORAZON TRAD. DEL SUR 85 G";"1"
"7804646540011";"303070";"MANTEQUILLA RAFULCO 250GR";"157"
"7804661490377";"800004609";"COCO CHIPS KOE 80 G";"16"
"8005121010275";"800002456";"PENNE ZITI RIGATE N 27 DIVELLA 1 KL";"2"
"7802420007934";"303222";"CEREAL CHOCO PILLOWS COLA CAO 350G";"49"
"7790040424371";"800004633";"GALLETA ARCOR SURTIDO 400GR";"34"
"2007781003365";"800005389";"BOLSITA TDS FRUTA MAZAPAN 100 GRS";"5"
"7802920001234";"303345";"LECHE CULTIVADA COLUN LIGHT CHIRIMOYA 1L";"78"
"7803600002367";"800004641";"SAL ROSADA LOBOS DOYPACK 800 GRS";"23"
"7802940053282";"800006010";"VINO REQ TORO DE PIEDRA RSVA CARMENERE 750CC";"2"
"7804616480033";"303433";"CERVEZA DOLBEK ALE 330CC";"33"
"7802130002342";"800004644";"CERV BUDWEISER 710 CC LATA";"913"
"7730976823039";"800007038";"SALSA DE TOMATES PRONTO PIZZA 520G TETRA";"1"
"7801620006167";"303456";"NECTAR WATTS SELECC NRJA VALENCIANA 350 ML";"47"
"7804315012900";"800004672";"ESPUMANTE LA DOLCE VITA ROSE 750CC";"2"
"8052107559549";"800007383";"GIN ENGINE 700 CC LATA";"1"
"7801970001799";"303468";"SALAME C75 LAM LLANQUIHUE 150G";"48"
"658325421958";"800004678";"CERVEZA EL REGRESO WEST COAST IPA 330CC";"64"
"7801909002873";"800008040";"HUESO TUETANO BAGUAL NEGRO 10 X500 GR.";"1"
"303537";"303537";"ACELGA UND";"90"
"7802575012210";"800004716";"FIDEOS CAROZZI PANTRUCAS 250GR ABT";"13"
"7751493009720";"800008336";"TOALLA HIGE KOTEX NOCTURNA 8UN";"2"
"7809611721174";"303570";"CROQUETA SALMON LA CRIANZA 80GR";"165"
"8002270026904";"800004720";"BEBIDA SAN PELLEGRINO CLEMENTINA 330ML";"26"
"7802920002316";"9719";"YOGHURT FUSION HOJUELA MAIZ 140GR COLUN";"1"
"7804454001001";"500015";"VINO DONA DOMINGA CARMENERE 750 ML";"18"
"7802000016448";"800004734";"SNACK DE TODITO I 120G";"38"
"7804915010795";"26767";"SHAMPOO-SHOWER GEL FROZEN 300 ML";"2"
"7802420010200";"500091";"PAPAS FRITAS MARCO POLO CREMA CIB. 180 GRS";"113"
"7804644170227";"800004779";"CERVEZA JESTER UNICICLO 473 CC";"6"
"7804454002381";"40104";"VINO DONA DOMINGA CAB/CARMENE 750CC";"2"
"8935048610688";"500101";"BEBIDA ALOE VERA WIN KIWI  500 CC ";"45"
"7803403003233";"800004797";"PAN BLANCO IDEAL CERO CERO 580 GRS";"59"
"7804320119434";"5012370";"VINO CONO SUR BIC CARMERE 750CC ";"1"
"7801315000302";"500112";"CAFE COPACABANA ENTERO 250GRS";"17"
"7802175002512";"800004804";"GIN KANTAL 750CC";"25"
"8005121001082";"778431969";"SPAGHETTI DIVELLA N  8 BRONZO 500G";"1"
"7802351241018";"500119";"AJI PEBRE DON JUAN PET 240 GRS";"16"
"8445291446427";"800004831";"GALLETA CRIOLLITA MCKAY 80 GRS";"60"
"8005121031133";"800001159";"PAPPARDELLE AL HUEVO DIVELLA 250 GRS";"5"
"7802351451202";"500121";"PEPINO EXTRA DON JUAN 180 GRS";"58"
"7804661490001";"800004838";"MANI JAPONES KOE 150GR";"28"
"2007781001620";"800002268";"CORAZON MADERA CHICO TRAD DEL SUR 50 G";"2"
"799192551154";"784511";"MERMELADA DULCERIA MILLARAY RUIBARBO 230GR";"7"
"7804603950808";"800004867";"GALLETON AVENA CRANBERRY PETIT";"64"
"4008455476018";"800003490";"LIMPIADOR ANTI CAL ELECTR DR BECKMANN 250CC ";"2"
"799192904875";"784513";"MERMELA DADULCERIA MILLARAY FRAMBUESA 230GR";"16"
"7804000002582";"800004933";"MERMELADA EN LINEA DAMASCO DOYPACK 350 GRS";"23"
"7808304354835";"800007318";"PASTA AJO CILANTRO 210GR CHAPUCO";"1"
"799192222573";"800044";"PLATANITO RL ARRIERO SALADOS  135GR";"38"
"7804000002544";"800004935";"MERMELADA EN LINEA MORA DOYPACK 350 GRS";"18"
"7804666810019";"849565";"NAT CRACKERS CRANBERRY NUEZ 160GR";"2"
"7804000002483";"800004964";"CAJA BARRA PROTEINA EN LINEA CHOCOLATE 200 GRS";"13"
"78032156";"954620";"CREMISIMO COLUN VAINILLA 100G";"62"
"7804000002124";"800004970";"MUESLI EN LINEA CACAO 700 GRS";"9"
"7802705401921";"987541";"HELADO ORLY BERRIES BRESLER 900ML";"9"
"7804000002612";"800004978";"ALMENDRAS BANADAS EN LINEA CLASICO 100 GRS";"17"
"7802420002359";"5000103";"PAPAS RUSTICAS MERKEN MPOLO 185G";"127"
"7804000002735";"800004980";"BARRA DE COCO EN LINEA CUB CACAO 170 GRS";"15"
"7802420002182";"5000105";"PAPAS RUSTICAS SAL DE MAR MPOLO 185G";"427"
"7804000003220";"800004982";"BARRA DE ALMENDRA EN LINEA CUB CACAO 170 GRS";"10"
"7802420127113";"5008716";"MANI CON MIEL 150G MPOLO ";"152"
"7802215505089";"800005025";"GALLETA BROWNIE CHIPS COSTA 120 GRS";"99"
"7809620700122";"5008736";"MIEL KLAASSEN ULMO 500GR";"37"
"7804680980002";"800005057";"CERVEZA MAD CHARLIE´S BLONDE ALE 473 CC";"26"
"7809620700078";"5008739";"MIEL KLAASSEN TIACA 1K";"22"
"7804680980026";"800005059";"CERVEZA MAD CHARLIE´S WEST COAST IPA 473 CC";"70"
"7802225688475";"5008777";"GALLETA SELZ ARROZ 100GR";"98"
"7804661490407";"800005072";"MANI CROCANTE PIMIENTA KOE 150GR";"37"
"062020050526";"5009104";"NUTELLA & GO 52GRS.";"21"
"7802215502545";"800005090";"GALLETA TUAREG COSTA MANGO PINA125G";"82"
"7809620700337";"5009123";"MIEL MONTANA KLAASSEN 1 KGS.";"15"
"7805000321550";"800005112";"MAYONESA HELLM SUPREME ARTESANA POTE 735G";"24"
"7802575015662";"5009177";"LASANA PRE COCIDA CAROZZI 330GRS";"69"
"7802130003042";"800005126";"PACK X12 CERVEZA QUILMES LATA 354 ML ";"52"
"8410113005298";"5009267";"VINO MIGUEL TORRES GRAN RSVA CAB. SAUV 750CC";"9"
"4792252941052";"800005139";"TE BASILUR CARAMEL DREAM 25 BLS";"12"
"070177078805";"800007416";"TE NEGRO TWININGS DARJEELING 25U";"1"
"7804314945728";"5009333";"VINO VIU MANENT SECRETO GRAN RVA CAB SAU 750CC";"27"
"7802200134010";"800005172";"GOMITAS AMBROSOLI AMBROSITO 90G";"92"
"661";"661";"ARROLLADO LOMO AJI LLANQUIHUE KG";"0.596"
"7802900130114";"5009367";"YOG NATURAL AFLANADO SOPROLE 155G";"722"
"7908228801924";"800005188";"TUBOS FINI UVA ACIDA 80G";"78"
"7802900001193";"9891";"QUESO MANTECOSO QUILQUE 500 GRS";"2"
"7801300003783";"5009412";"HABAS PELADAS F MAIPO 350G";"12"
"7802820410228";"800005198";"NECTAR ANDINA PINA 400CC PET";"47"
"7613035951280";"17114";"ALIMEN CAT CHOW ADULTO CARNE 1 KG";"1"
"7802410002246";"5009481";"SOPA POLLO FIDEOS GOURMET 70GRS";"58"
"7803908006869";"800005207";"NECTAR GUALLARAUCO NARANJA 300CC";"50"
"7791130003544";"29116";"PASTILLA WC HARPIC LAVANDA 20 GRS ";"3"
"8076809513739";"5009504";"SALSA BARILLA BASILICO ALBAHACA 400GR";"19"
"745853212476";"800005220";"KOMBUCHA PINDA MANGO JENGIBRE 350 ML LATA";"53"
"65253";"65253";"PACK 2 MORRON ";"1"
"7802920007403";"5009529";"LECHE COLUN S/LACT DESCREM 1L EDGE";"478"
"7801875002037";"800005269";"TE SUPREMO CEYLAN MYSTIC 50 BLS";"34"
"614143233968";"778431756";"YERBA MATE SENSORIAL TRAD 250G TARRO";"1"
"7802420125430";"5009576";"MANI CON PASAS 180G MPOLO";"147"
"7791290794221";"800005286";"CIF CREMA MULTIUSO 750 GRS";"10"
"8002200602123";"800006305";"CAFE KIMBO GRANO ESPRESSO NAPOLI 250 GR";"2"
"7802420009525";"5009579";"MANI SIN SAL 150 GRS MPOLO";"102"
"7804660620294";"800005294";"MANTEQUILLA DE MANI PURI ORIGINAL 450 GRS";"9"
"7804628030257";"800006556";"VINO PROFUNDO VALLE SECRETO 750 CC";"1"
"7804603950563";"5009590";"TABLA FRUTAS MAZAPAN 6UN PETIT";"34"
"7803111003303";"800005322";"PIMIENTO CARAMELIZADO PERFECT CHOICE 360 GRS";"12"
"7804678380005";"800007538";"VINO LOPEZ PANGUE GRAN MEZCLA 750 CC";"1"
"7802810011497";"5009596";"POUCH WATTS MULTIFRUTA 90 GRS";"116"
"7896045104857";"800005327";"CAFE CRUZEIRO LIOF PREMIUM INTENSO 170GRS";"7"
"7804676651671";"800006859";"PAPEL HIGIENICO BLANCO DEL SUR INST 500 MTS";"1"
"7800000162103";"5009606";"ALFAJOR CRANBERRY PETIT";"32"
"7803403003431";"800005348";"TORTILLAS RAPIDITAS IDEAL TOMATE OREG ALB 200G";"32"
"800007522";"800007522";"ARRIENDO PANTALLA MARZO";"1"
"9002859053849";"5009620";"CHOCOLATE STICK MAITRE TRUF NARANJA 75GRS.";"26"
"7804627650739";"800005357";"SNACK BUKA PLATANITOS ARTESANALES 100 GRS";"12"
"800008257";"800008257";"APORTE COMERCIAL PUBLICACION DIARIO AUSTRAL LANZAMIENTO PAN CON CERVEZA";"1"
"7891008156973";"5009633";"BOMBONES GAROTO CAJA SURTIDA 128 GRS";"21"
"7804627650692";"800005365";"SALSA DE TOMATE BUKA ALBAHACA 550 GRS";"58"
"7802910008076";"5009760";"BREAK CAPUCCINO LONCOLECHE 250ML";"31"
"7802000014130";"800005378";"AVENA QUAKER INSTANTANEA 700 GR";"55"
"800008258";"800008258";"PUBLICACION DIARIO AUSTRAL LANZAMIENTO PAN CON CERVEZA";"1"
"4053400279398";"5009795";"CERVEZA SCHOFFERHOFER GRAPEFRUIT 500ML LATA";"120"
"7804680980064";"800005382";"CERVEZA MAD CHARLIE´S HAZY IPA 473 CC";"20"
"7802920004969";"9866";"YOGURT COLUN S/LACTOSA DAMASCO 125 GR";"2"
"7800000162929";"5009797";"BARRA MAZAPAN PURO 120GRS PETIT";"60"
"7755120921508";"800005416";"VASOS TRANSPARENTES GLOBAL PARTY 500CC 10U";"98"
"7613035772588";"11098";"HELADO CRAZY FLOCOS 170 ML SAVORY ";"240"
"7800000162097";"5009800";"CAJA NARANJITAS BANADAS PETIT";"169"
"7801305005584";"800005444";"DURAZNOS MITADES WASIL 500GR";"81"
"7800000162844";"5009807";"MERMELADA MOSQUETO 450 GRS CALLE CALLE";"61"
"659525148690";"800005464";"CAFE MARLEY LIOFIL WAKE UP & LIVE 100 GRS";"56"
"7800000162905";"5009809";"MERMELADA FRAMB 450GRS CALLE CALLE";"27"
"8445290794734";"800005486";"SUCEDANEO LECHE CONDENSADA LECHE SUR 397G";"44"
"7802920002217";"5009933";"LECHE CHOCOLATE LIGHT 200CC COLUN ";"142"
"0764451481770";"800005491";"BARQUILLO XL VALQUILLO CREMA AVELL X4U";"67"
"7802215102912";"800004107";"CHOCOLATE LENGUA DE GATO COSTA 40G";"61"
"7801620006624";"5010013";"AGUA MAS MANZANA 1.6CC";"207"
"7802225680561";"800005500";"GALLETA CONQUISTA PALMERITAS 200 GRS";"50"
"7802410005117";"800006721";"SALSA SYRUP GOURMET 660 GRS";"1"
"7804668160099";"5010054";"SIDRA PATAGONIA BRUT 750 CC";"21"
"7802000017421";"800005508";"PAPAS FRITAS LAY´S ARTESANAS SAL 150 G";"125"
"7802410004103";"800007047";"ADEREZO P/ENSALADAS GOURMET LIMONETA 250 GR";"2"
"7801620006341";"5010060";"NECTAR WATTS PINA LIGHT 1500CC";"179"
"7801305005515";"800005539";"SALSA LISTA WASIL BOLOGNESA 340 GRS TETRA";"29"
"7802225686075";"800007645";"GALLETAS DELICIAS NAVIDEÑAS RDA 220 GRS";"6"
"7801620006648";"5010085";"AGUA MAS UVA 1600CC";"107"
"7800159001056";"800005545";"MOSTAZA HEINZ 200 GRS DOYPACK";"58"
"7509552874952";"800008235";"SHAMPOO ELVIVE HA PURE 370 ML";"5"
"5010129";"5010129";"MIX NATURAL EL ALMENDRO 100 GRS";"68"
"7790520025494";"800005574";"INSECTICIDA BAYGON TODO INSECTO 360CC";"4"
"7806810023757";"800008270";"LIMPIAVIDRIOS VIRUTEX BAMBU 500 ML GATILLO";"8"
"7804314945636";"5010168";"VINO VIU MANENT SECRETO GRAN RES CARMENERE 750 ML";"16"
"7802000017117";"800005603";"RAMITA EVERCRISP ORIGINAL 230G";"85"
"7805040001849";"800008314";"ABRILLANTADOR PISO FLOTANTE VIRGINIA 400 GRS LAV";"1"
"7800000164169";"5010203";"MERMELADA DAMASCO 450 GRS CALLE CALLE";"9"
"7803468002226";"800005677";"PAN MOLDE CASTANO BLANCO 400G";"105"
"7613030612247";"1057";"SOPA COSTILLA CON FIDEO MAGGI 60 GRS";"21"
"7801620006846";"5010287";"BEBIDA PEPSI ZERO LATA 350 CC";"334"
"7804671160277";"800005690";"CHARDONNAY SOUR 100% NATURAL 475CCLA PIZKA";"3"
"1343";"1343";"PERNIL  PIERNA CERDO";"13.552000000000001"
"7804627650333";"5010321";"CONFITURA DE CEBOLLA BUKA 160 CC";"10"
"7790290101602";"800005701";"FERNET BRANCA 750 CC";"32"
"7802230086648";"3990";"GALLETA SODA FAMILIAR CLASICA 180 grs MCKAY abt";"34"
"7802100002716";"5010378";"CERVEZA CRISTAL RADLER CERO BOT 355CC";"24"
"7801620010454";"800005719";"AGUA PURIFICADA MANANTIAL GASIF 3 LTS";"210"
"8445291178557";"7879";"CASSATA 0% VAINILLA SAVORY 1L";"11"
"5941021001261";"5010408";"CHOCOLATE TABLETA HEIDI DARK INTENSE";"20"
"7801620009502";"800005724";"BEBIDA BILZ 600 CC DESECHABLE";"81"
"7806810002035";"26358";"MAGO PADS VIRUTEX CON JABON x 4 UND abt";"3"
"77902085";"5010621";"AZUL SANTA ROSA CUNA 100GRS  SANTA ROSA";"18"
"7790520989963";"800005742";"BOLSAS ZIPLOC GRANDES 10 UNDS";"23"
"7806500731177";"27832";"TOALLITAS HUMEDAS BABYSEC PREMIUM 45 UND";"75"
"7802960000372";"5010648";"CREAM CHEESE SOFT 150 GRS STA ROSA";"23"
"7804673220085";"800005744";"CERVEZA CUELLO NEGRO STOUT 473CC ";"61"
"7802960000471";"5010664";"PROVOLETA BANDEJA 240GRS SANTA ROSA";"8"
"7802200134089";"800005768";"CINTAS LOOP AMBROSOLI ACIDAS FRUTILLA 67 GRS";"62"
"7804330006243";"40582";"VINO CAVANZA RSVA CAB SAUV 1.5 LT BOTELLON";"5"
"8001665700078";"5010847";"RAVIOLI 4 QUESOS RANA 250GRS";"48"
"7804682660001";"800005774";"CERVEZA VOLCANES STRONGLAGER 650CC";"25"
"7802920006796";"5009520";"YOGUMIX COLUN CEREAL CHOC 140G";"18"
"78025295";"5010927";"KENT ISWITCH X 20 ";"36"
"7803520003093";"800005788";"GALLETA ECOVIDA CHIPS CHOCO BCO 145G ROLLO";"13"
"4000417700001";"5010056";"CHOCOLATE RITTER SPORT C/AVELL ENTERAS 100GR";"15"
"7802920007397";"5010945";"LECHE COLUN S/LACT ENTERA 1L EDGE";"691"
"7802820191028";"800005802";"NECTAR ANDINA FRUTILLA 1.5 LTS";"48"
"084773623833";"5011086";"SARDINAS PICANTES EN ACEITE ROBINSON CRUSOE 125 GR";"15"
"7809611713476";"5011278";"HAMBURGUESA SOYA 100GR LA CRIANZA";"72"
"7808304355313";"800005847";"CREMA DE AVELLANA NOCCIOLA 350 GRS";"6"
"2007777000064";"5011341";"J.CRANBERRY MANZANA 475ML LAGAR DE LOBOS ";"12"
"7804632980135";"5011286";"QUESO CABRA CIBOULETTE ARTISAN 180GRS ";"12"
"7804660620508";"800005912";"POPCORN PURIPOP ENDULZADAS 170 GRS";"29"
"5900189003661";"778433790";"ESTUCHE CHOCOLATE CREATIONS GOLDEN 228 GR";"4"
"2007786000024";"5011345";"MIEL MAILEN MAPU PRADERA 220 GRS";"14"
"7804660620515";"800005914";"POPCORN PURIPOP COCO VAINILLA 210 GRS";"13"
"7802337910945";"800002721";"AJI CREMA TRAVERSO VINTAGE 450 CC";"5"
"7802080000580";"5011375";"QUESO LAMINADO EL ROBLE 150GRS";"25"
"7804646450273";"800005918";"GALLETAS DE ARROZ MIZOS CHOCO NRJA 150 GRS";"38"
"2007585000256";"800003658";"TE CHAI CANELO SIEMPREBERRIES 50G ";"3"
"7622201429447";"5011405";"QUESO CREMA PHILADELPHIA UNT 150G";"134"
"7804658020396";"800005948";"JUGO AMA ORG MANZANA DURAZNO 200 CC";"34"
"7500435178631";"800006961";"MAQUINA AFEITAR GILLETTE MACH 3 CUERPO";"1"
"7802080000467";"5011440";"QUESO BRIE LOS TILOS 140GRS";"25"
"7804658021003";"800005951";"PURE DE FRUTA AMA ORG PERA KIWI ESPIN 90 GRS";"11"
"7802245005085";"800007185";"CAJA BURDEO MAZAPAN BOMBON 118G E.LAGOS";"8"
"7803908004438";"5011526";"AGUA GUALLARAUCO MANZANA 500CC ";"39"
"6301618100019";"800006026";"CAFE TERRANUT EL SALVADOR GRANO MOLIDO 250G";"7"
"7802245000882";"800007478";"CUCHUFLI BITTER ENTRELAGOS 57GR";"17"
"7803908004469";"5011528";"AGUA GUALLARAUCO MANGO 500CC ";"47"
"7802215501821";"800006034";"GALLETA AGUA LINE COSTA 175 GRS";"46"
"8423243019516";"800008081";"ACEITE DE TRUFA OLIVA TOSTANI 250 ML";"1"
"7804343004250";"5011560";"RESERVA PETIRROJO CARMENERE 750CC";"246"
"7804655190634";"800006055";"TRAPERO SIMPLE C/OJAL DOÑA GABY 50X40";"9"
"084773601282";"800008192";"CHOLGAS AL NATURAL ROBINSON CRUSOE 425 GRS ";"2"
"7802626000838";"5011677";"HARINA INTEGRAL TRIGO 1K FINA COLLICO";"29"
"0731416436625";"800006070";"BEBIDA GINGER BEER EWU PIÑA SPICY 350 CC";"108"
"30";"30";"LOMO LISO TINEO CAT V PORCIONADO";"8.244"
"7804454001384";"5011718";"VINO CASA SILVA COLECCION CARMENERE 750";"16"
"659525899271";"800006085";"CARBON CLUB DEL ASADOR ";"201"
"863";"863";"PUNTA GANSO TINEO CAT V";"1.304"
"7802500008028";"5011802";"FIDEOS TALLIANI CORBATAS FARFALLE 400GRS";"49"
"7802000018442";"800006102";"PAPAS FRITAS LAY´S ARTESANAS MERKEN 150 G";"26"
"7802920003320";"9895";"LECHE CULTIVADA COLUN LIGHT FRAMBUESA 1L";"11"
"7809569600002";"5011855";"BRESLAUER 350GRS PACEL";"11"
"7622201688370";"800006114";"CHOCOLATE MILKA OREO 100G";"81"
"7797453972291";"17103";"WHISKAS PESCADO 1 KG";"10"
"7803600000424";"5011862";"SAL LOBOS FINA POTE 850 GRS    ";"17"
"7804646450303";"800006141";"GALLETAS DE ARROZ MIZOS MANZANA 100 GRS";"13"
"7801970001836";"24856";"LOMO VETADO AH LAM LLANQUIHUE 100G";"46"
"7893000801523";"5011932";"PIZZA C/JAMON QUES MOZZAR CHAMPIG Y AC 460GR SADIA ";"34"
"793969039043";"800006161";"GRANOLA GRANOLERA CACAO DOYPACK 350 GRS";"45"
"7793100111891";"26446";"PASTA COLGATE ULTRA BLANCO 90 GRS";"37"
"7891515553715";"5011937";"FILETITO SADIA PECH POLLO 1KG ";"14"
"7806545030310";"800006179";"PETALOS DE ALGODON DESM COTOBEL 80 UNDS";"37"
"7891035024368";"30063";"DETERG LAVAVAJILLA 3 EN 1 FINISH 13TABL";"8"
"7800159081072";"5012072";"MAYO KRAFT DELI 650 GRS DP";"68"
"7804661491008";"800006205";"TE LANDI NEGRO CEYLAN NRJA MANDARINA 20 BLS";"23"
"7804330006250";"40583";"VINO CAVANZA RSVA CARMENERE 1.5 LT BOTELLON";"11"
"7802351315009";"5012132";"MOSTAZA DON JUAN 250CC DOYPACK";"93"
"7802225689014";"800006217";"GALLETAS SELZ CRACKER ARCOR 90 GR";"149"
"78028920";"67721";"POSTRES DEL SUR CHOCOLATE COLUN 95G";"57"
"7702367001029";"5012194";"ATUN VC TRIPACK EN ACEITE 80G";"11"
"7808729608810";"800006256";"VINO CASAS PATRONALES GRAN RSVA MERLOT 750CC";"16"
"7802920010816";"98462";"YOG BAT COLUN LIGHT END NAT NATURAL 120GR";"48"
"5410228143376";"5012311";"CERV STELLA 660CC BOTELLA";"853"
"7801322000050";"800006265";"FONDOS DE ALCACHOFAS 1000 CC GARCIA";"6"
"7613035951402";"5011895";"ALIMEN CAT CHOW DELIMIX 1K ";"7"
"7802920006802";"5012468";"YOGUMIX COLUN CEREAL CHO COLORES 140G";"183"
"0025215720727";"800006301";"PILA ALCALINA MAXELL AA UNID";"54"
"5013967012509";"800000367";"WHISKY JURA MALT 12 ANOS 700CC";"1"
"7809569600453";"5012526";"JAMON ACARAMELADO 125GR PACEL";"84"
"7804635950098";"800006338";"ACEITE DE OLIVA ZEITUN 1 LT";"19"
"7809562402191";"800002123";"ARANDANOS AL JUGO PERELLO 430 GRS";"4"
"78026438";"78026438";"KENT NEO TROPIC";"85"
"7861000293617";"800006343";"CAFE COSECHA ROJA INTENSO MOLIDO 340GRS";"2"
"8935048604120";"800002845";"ALOE VERA ALOE FRESH PINA 500 CC";"6"
"7614500010310";"778431217";"TOBLERONES BLANCO 100 GRS";"13"
"7802100005489";"800006358";"CERVEZA ESCUDO SILVER 710 CC";"129"
"7802237001163";"800003346";"CURRY SUK 70GRS";"1"
"7804641960104";"778431387";"JUGO CONCENTRADO CRANBERRY STANDAR MAQUI LITRO";"16"
"025215723025";"800006377";"PILA ALCALINA MAXELL D X2";"26"
"8410113072214";"800004043";"VINO LOCO DE PIEDRA RSVA CARMENERE 750 CC";"3"
"778431404";"778431404";"ALMENDRAS NATURALES EL ALMENDRO 70GRS";"25"
"7804655192454";"800006380";"JABON LIQUIDO LS AVENA 750 ML DP";"14"
"7501013107357";"800004440";"NECTAR JUMEX MANZANA 460 ML ";"17"
"7804647990068";"778431422";"PAPA MALLA ROJA 2 KILOS HUERTOS DEL RANCO";"460"
"7804603950983";"800006388";"GALLETON AVENA SIN AZUCAR PETIT";"45"
"7800000162349";"778431512";"BOLSITA TRUFAS PETIT 100G";"42"
"7803480001429";"800006392";"PAN CALABAZA NUEZ FUCHS 600G";"84"
"7802245003852";"800005819";"MAZAPAN N2 C / CHOC. 58G E.LAGOS";"5"
"7806500506829";"778431548";"PAPEL HIG.CONFORT DOBLE HOJA 22M";"604"
"7804990000018";"800006297";"JABON GLICERINA TRIANON NATURAL 100 GRS";"19"
"778431571";"778431571";"MIX ESPECIAL POTE EL ALMENDRO 200GR";"31"
"7790580429966";"800007471";"CHICLE BIGTIME VIBRANMINT POTE 50G";"3"
"7803403002212";"778431635";"PAN RALLADO IDEAL 250GR";"91"
"7804619041842";"800008006";"VINO VERAMONTE GRAN RSVA CAB SAUV 750 CC";"2"
"7804639510007";"778431818";"CERVEZA SELVA FRIA GOLDEN 330CC";"61"
"7804606296941";"800008147";"SET CAFE JUAN VALDEZ CAPUCC AVELLANA 6 SOBRES";"1"
"778431820";"778431820";"CERVEZA SELVA FRIA PUNUCAPA HOUBLON 330CC";"28"
"7805040004857";"800008268";"LIMPIADOR DESINF PISO IGENIX LAVANDA 900 ML ";"3"
"7797453001540";"778431924";"ALIMENTO PEDIGREE CARNE VEGET. 1.5 KLS";"7"
"7804320341118";"4406";"VINO SANTA EMILIANA BLC. 700CC lvb";"9"
"7898591453274";"778431991";"GOMITAS GUSANO ACIDOS FINI 90G";"62"
"7801970026624";"8487";"CHORICILLO COCKTAIL LLANQUIHUE 250 GRS";"18"
"7898591454349";"778431994";"GOMITAS OSO DULCES FINI 90G";"61"
"7802575531759";"17105";"MASTER DOG TROCI CARNE 100 GRS";"40"
"7804320306322";"778432096";"VINO ADOBE RESERV S/BLANC 750ML";"10"
"23058";"23058";"PAPAS GRANEL";"1"
"78024892";"778432176";"LUCKY STRIKE DOBLE CLIC CRUSH 20";"40"
"7804613393138";"70610";"QUESO GRANULADO MIX PIZZA KRAFT 200G";"11"
"7801505001249";"778432265";"AZUCAR RUBIA IANSA 1 KL";"57"
"7804340902580";"300705";"VINO LEON DE TARAPACA SAUV BLANC 750ML";"1"
"7802225572989";"778432363";"HUEVITOS DE ORO DEU 81 GRS";"147"
"7805010003613";"778432514";"PACK AIRWICK APARATO + 250 ML RPSTO";"2"
"2007781002603";"778432416";"CONEJO TDS 60 GRS";"62"
"5941021008543";"778433945";"ESTUCHE HEIDI BOUQ FLOW CHERRY 120G";"2"
"7891024136409";"778432448";"ENJUAGUE COLGATE PLAX FRESH MINT 250ML ";"13"
"2007585000386";"800004405";"CAJA TE VERDE S.B. 28 GRS";"1"
"7800000161427";"778432503";"ZANAHORIA DE MAZAPAN PETIT";"51"
"7804661490841";"800005080";"SET CAFE PILAO 250 GRS + TAZON KOE";"1"
"7808729601187";"778432527";"VINO CASAS PATRONALES CARM RSVA 750CC";"78"
"5014271003061";"800005679";"MERMELADA ST DALFOUR MANZ CANELA 284 GRS";"2"
"7622201693091";"28609";"GALLETA OREO TRADICIONAL108 GRS";"273"
"7802705613652";"778432565";"HELADO BRESLER VIENNETTA LUCUMA 1L ";"9"
"7790580423087";"800007041";"BIGTIME ULTRA NITRO MINT 50 GRS";"3"
"7802215121319";"28625";"ROLLS CRISPY 130 GRS";"56"
"7804303321243";"778432594";"VINO MONTES LIM SELCC S/BLANC 750CC";"3"
"070177173166";"800007418";"TE VERDE TWININGS JASMIN 25U";"1"
"7802215101465";"28721";"CHOCOLATE COSTA MILK SIN AZUCAR 80 GR";"20"
"7802920009117";"778432684";"QUESO REGGIANITO CUNA COLUN 200GR";"36"
"7804606296958";"800008145";"SET CAFE JUAN VALDEZ MOCACCINO 6 SOBRES";"1"
"7790520023964";"29158";"PASTILLA PATO PURIFIC X 1 UNDS";"30"
"7802000019210";"778432715";"PAPAS FRITAS LAYS CORTE AMERICANO 250G";"147"
"7509552992304";"800008230";"ACONDICIONADOR ELVIVE COLAGENO LIFTER 370 ML";"1"
"7802615005202";"29960";"HARINA SELECTA SIN POLVO 1 KG";"61"
"7804658470085";"778432816";"SECRETO PERUANO LIMON LT";"50"
"7509552847949";"800008240";"CREMA TRATAMIENTO ELVIVE HIALURONICO 300 GR";"1"
"7803111001712";"29987";"PESTO ALCACHOFA PERFECT CHOICE 140 G";"15"
"7802900004064";"778432857";"QUESO GAUDA SOPROLE 150 GRS";"91"
"7804662020214";"800008282";"ARENA SANITARIA TOPK9 LAVANDA 2KG";"6"
"7802410605010";"29993";"CHOCOLATE DULCE 200 G GOURMET";"22"
"7802900001162";"778433002";"QUESO GAUDA SOPROLE 250 GRS";"102"
"7500435150682";"2110";"PANAL PAMPERS PREMIUM CARE M X 20";"2"
"7805045000144";"30057";"JABON DE LAVAR LIQUI POPEYE HIPOAL 1 LTS";"17"
"7801510000091";"778433028";"SALMON AHUMADO VACIO VONFACH PORCION 300G";"78"
"3612";"3612";"CHUPETE UNIDAD";"11"
"7801875069177";"30128";"BOLSA SUPERIOR 80X120 CM CARGA";"43"
"8002270716812";"778433039";"JUGO SAN PELLEGRINO POMPELMO 330ML";"23"
"7804320363158";"4934";"VINO SANTA EMILIANA ROSE 750 ML";"3"
"7802900003296";"30226";"YOG PROTEIN+FRUTOS SECOS SOPROLE 150G";"376"
"8412598001024";"778433150";"CERVEZA ESTRELLA DE GALICIA PREM 500 CC";"18"
"24079";"24079";"MEMBRILLO KG";"18.740000000000002"
"30343";"30343";"QUESO MANTECOSO RUNCA LAMINADO";"419.227"
"7804616480040";"778433180";"CERVEZA DOLBEK BELGA 330CC";"27"
"7802215108259";"27736";"CHOCOLATE COSTA DUBAI STYLE 100 GRS";"24"
"30507";"30507";"MIX  CHEESECAKE ";"20"
"793969792740";"778433321";"SIDRA DE MANZANA TIERRA NEGRA 750 ML";"39"
"7802420007088";"28013";"BEBIDA EN POLVO COLA CAO ORIGINAL 400 GRS POTE";"6"
"7809604028099";"30598";"PAPEL HIG. SCOTT 4 ROLLOS 22 MTS RINDEMAX";"215"
"6301618000357";"778433339";"AVELLANA NATIVA TERRANUT 100 GRS";"24"
"5060033821138";"32544";"LAVALOZA THE PINK STUFF WASH UP SPRAY 500ML";"2"
"7802920010588";"35003";"YOG COLUN ORIGEN NATURAL 120G";"1600"
"7802920777252";"778433361";"QUESO COLUN RANCO LAMINADO 500GR";"192"
"793969002542";"36255";"CEREAL PUFF KUNA CACAO 10GRS";"18"
"7802920010601";"35005";"YOG COLUN ORIGEN VAINILLA 120G";"341"
"7804673020012";"778433419";"YOGUR NATURAL MATICHE 1KG";"48"
"745853842918";"36257";"CEREAL PUFF KUNA PERA ESPINACA 10GR";"7"
"7804672930015";"39400";"QUESO MANTECOSO TORRENCIAL LECHERO 950G APROX";"49"
"798190225043";"778433436";"ENERGETICA SCORE MANGO 500CC";"50"
"745853842932";"36262";"SOUFFLE BOMBAS KUNA CREMA CIBOULETTE 20GR";"6"
"8000020000020";"40024";"LICOR CINZANO ROSSO 1 LT";"25"
"7803520002461";"778433482";"GALLETAS MINI BISCUIT S/AZ ZANAHORIA 30G";"27"
"793969002580";"36268";"COOKIDS KUNA FRUTILLA 30GR";"24"
"7804300010508";"40040";"VINO CASTILLO DE MOLINA RSVA CHARDONNAY 750CC ";"75"
"7803520002492";"778433485";"GALLETAS MINI BISCUIT S/GLU COCO 30G";"17"
"7794626011252";"60464";"APOSITO PLENITUD 20UN";"3"
"7802100505538";"40099";"CERVEZA ROYAL 355 CC BOTELLA";"7"
"23045712004";"778433498";"CAFE SANTO GRANO ALTÍSIMO MOLIDO 250G";"5"
"7613287229991";"94610";"ALIMEN ONE CAT GATITO 2KG";"2"
"7804673220009";"40109";"CERVEZA CUELLO NEGRO AMBAR 330CC";"189"
"6946357134927";"778433512";"CEPILLO VIAJERO LOTUS DEEP CLEAN INDICADOR";"16"
"7702103130129";"5009556";"CEREAL ZUCARITAS 610 GRS";"9"
"7804300123413";"40112";"VINO 1865 CARMENERE 750 CC";"9"
"7801235278119";"778433550";"CHOLGAS EN AGUA SAN JOSE 190GRS";"10"
"7804320731629";"778432444";"SANGRIA CLOS DE PIRQUE 1.5 LT TPK";"13"
"7809634100413";"40120";"CERVEZA AUSTRAL TORRES DEL PAINE 500CC BOT";"53"
"6301618000043";"778433612";"BARRITA ENERGETICA TERRANUT XTREM 55G";"46"
"5941021004758";"778433534";"MERMELADA MURTA MEMBRILLO 450 GRS CALLE CALLE";"9"
"7802107000197";"40122";"CERVEZA KUNSTMANN ANWANDTER 500CC";"38"
"7802420002106";"778433660";"NUTMIX MARCO POLO 350G";"64"
"7808760900072";"778433969";"ACEITE OLIVA 500 CC OLAVE PREMIUM";"4"
"7804300137595";"40219";"VINO GATO CARMENERE BOT 1.5CC";"65"
"7804320520780";"778433695";"VINO CLOS DE PIRQUE MOSCATEL 2LTS TTA";"24"
"020800600347";"800000395";"TAMPONES TAMPAX SUPER PLUS 10 UNDS";"3"
"8411327011167";"40276";"CERVEZA MAHOU S/ACOHOL 330ML";"73"
"7808729601729";"778433738";"VINO CASAS PATRONALES GRAN RSVA SYRAH 750CC";"21"
"7797453972260";"800001078";"WHISKAS CARNE LECHE 1 KG";"7"
"7804300123345";"40322";"VINO 1865 CABERNE SAUVIG 750CC";"9"
"8445290262677";"778433781";"LA CREMERIA CRUNCHY 3 LECHES SAVORY 1LT";"22"
"7802337930226";"800001641";"MOSTAZA TRAVERSO BARRIL 240 CC";"2"
"7802175455806";"40344";"MISTRAL ICE DRY 275 CC";"39"
"7808760900478";"778433972";"ACEITE OLIVA 500 CC HUASCO";"65"
"7804340901590";"800003008";"VINO TARAPACA RSVA SYRAH 750ML";"4"
"7808704700218";"40393";"VINO MISIONES D/RENGO RSVA SAUV BLANC 750ML";"20"
"7804608720055";"778433976";"ACEITE OLIVA 500 CC ACULEO BLEND";"19"
"7804304001120";"800005037";"VINO ERRAZURIZ MAX RSVA SAUV BLANC 750CC";"1"
"7809569601306";"45612";"SALCHICHA COMPLETERA 18CMS PACEL 500GR";"34"
"7804627651095";"778433985";"MIX VEGETALES BUKA MOSTAZA MIEL 150 GRS";"155"
"7804627651040";"800005905";"DIP UNTABLE BUKA CHEDDAR 110G";"1"
"7801620010812";"50120";"GATORADE LIMON 1 LT";"87"
"7898591455193";"778434013";"GOMITAS AROS FRUTILLAS FINI 90G";"37"
"793969039074";"800006164";"GRANOLA GRANOLERA CACAO FRASCO 350 GRS";"1"
"7801620009847";"50140";"ICE TEA LIPTON FRAMBUESA 1.5 LT";"95"
"7702367003900";"778434041";"ATUN EN ACEITE VAN CAMPS 160 GR";"356"
"7803525001711";"800006850";"GALLETA NUTRA BIEN AVENA CHOCOLATE 150 GRS";"10"
"7802900001704";"50202";"YOG PROTEIN + MARACUYA SOPROLE 155G";"153"
"7806500512769";"778434044";"PAPEL HIG ELITE DOBLE HOJA X 4 25MTS";"159"
"7809573900334";"800006980";"VINO ORGANICO ODFJELL ARMADOR SAUV BLANC 750CC";"1"
"7801970001812";"50226";"SALAME LAMI LLANQUIHUE 100G";"99"
"7801235002400";"778434058";"JUREL LOMO SAN JOSE AGUA 160GRS";"112"
"7802245001520";"800007201";"CAJA TORREON BOMBONES 205 GRS ENTRELAGOS";"7"
"7802080000634";"50235";"QUESO EL ROBLE AHUMADO 150G";"31"
"2007786000161";"778434105";"MIEL BOSQUE NATIVO 500  GRS MAILEN MAPU";"11"
"070177077563";"800007414";"TE NEGRO TWININGS EARL GREY 25U";"1"
"7802920008950";"50307";"JUGO COLUN NATURAL PR NARANJA 330CC";"448"
"2007786000116";"778434107";"MIEL BOSQUE NATIVO 220 GRS MAILEN MAPU";"14"
"7804640499612";"800007558";"VINO BLUE CRYSTAL RSVA CARMENERE 750 CC";"8"
"7801930017150";"50312";"PIZZA PEPPERONI RDA";"41"
"7500435195485";"778434173";"DETERGENTE ARIEL 400 GRS ";"36"
"7804319009692";"800007692";"VINO SANTA EMA GRAN RSVA MALBEC 750CC";"3"
"7801930025698";"50514";"MINI SALAMINI SNACK RDA 50GR";"211"
"7803960000553";"778434244";"CHUNO OSO 250 GRS";"8"
"7802110003666";"800008050";"LICOR ALTO DEL CARMEN MANGO PASSION 750CC";"2"
"0632627877989";"52452";"LECHUGA RIVERFOOD UN";"712"
"7802410003779";"778434265";"CALDO GOURMET NATURAL VERDURA 6 UN";"9"
"7803948000612";"800008283";"ARENA SANITARIA TOPK9 ECOLOGICA 2KG";"9"
"7801930010380";"54136";"HAMBURGUESA VAC. RDA 100GR";"261"
"7802410003762";"778434267";"CALDO GOURMET NATURAL POLLO 6 UN";"16"
"5661";"5661";"LONGANIZA BRAUNAU X2  A/V";"3.764"
"7802920009469";"54412";"QUESO CHACRA RIO BUENO 400 GR";"218"
"7802900001926";"778434305";"YOG PROTEIN+ TZFRUTILLA 155G";"542"
"701822709330";"56004";"PLATANOS DESHIDRATADOS LOS FRUTOS 70G";"26"
"7801620008123";"778434327";"BEBIDA KEM PINA ZERO 2000CC.DESECH";"133"
"701822709255";"56021";"MANI TIPO JAPONES LOS FRUTOS 70G";"10"
"7801620853198";"778434394";"BEBIDA ORANGE CRUSH ZERO 2 DESECH";"118"
"10714";"10714";"CASTAÑAS EN ALMIBAR LA COLONIA 500G";"2"
"701822709316";"56100";"ALMENDRAS NAT 70GR LOS FRUTOS";"23"
"7803403002632";"778434435";"PAN DE COMPLETO XL X 6UN IDEAL";"74"
"7613037071368";"25134";"CAFE NESCAFE COLOMBIA 100 GRS";"2"
"701822709279";"56103";"MANI CROCANTE C/ PIMIENTO R 70G LOS FR";"49"
"778434457";"778434457";"MIX SUSHI 15 BOCADOS";"151"
"7806810007337";"30624";"TOALLAS DESINFECTANTES VIRUTEX POTE";"19"
"7801930001999";"56800";"HAMBURGUESA GRILHOUSE RDA 150G";"101"
"7802575031181";"780455141";"CUSCUS CAROZZI 250G";"49"
"659525149437";"36252";"CEREAL PUFF KUNA FRUTILLA BETARRAGA 50 GR";"4"
"041789001833";"60000";"SOPA MARUCHAN QUESO 64GR";"30"
"7803525999674";"800000016";"QUEQUE BROWNIE NUTRA BIEN NARANJA 250 GRS";"51"
"7804600771338";"40545";"VINO OVEJA NEGRA RSVA FRANC CARMENERE 750CC";"7"
"7802410001423";"60016";"ADEREZO P/ENSALADAS GOURMET CESAR 250 GR";"15"
"7797453000406";"800000038";"SOBRE WHISKAS GATITOS CARNE 85 GRS";"55"
"7804656560467";"680445";"SOFRITO HUERTOS DEL SUR 200GR";"1"
"7802410241379";"60081";"PIMIENTA NEGRA ENTERA 15 GR GOURMET";"45"
"7804615340383";"800000068";"CERVEZA KROSS STOUT 710 CC";"18"
"7804600773905";"5011631";"VINO OVEJA NEGRA SINGLE VINEYARD CAB SAUV 750CC";"9"
"7790272006550";"60154";"ACEITE PARRAL VEGETAL 900 ML";"208"
"8858135000059";"800000133";"BASE COCO THAI 250 GRS";"65"
"7802237001187";"800003345";"CURCUMA SUK 70 GRS";"2"
"7801930018652";"60210";"QUESO GAUDA FRUTILLAR 500G";"56"
"7803403002502";"800000199";"PRE PIZZA A LA PIEDRA 270GR";"31"
"7803183180278";"800004379";"HELADO COOKIES & CREAM PUDU";"5"
"7804635611166";"60220";"ATUN TROZO 500GR GLOBAL FROZEN";"245"
"7702018874729";"800000274";"PACK X2  GILLETTE PRESTOBARBA 3 ";"26"
"5941021022389";"800004876";"ESTUCHE HEIDI MOUNTAIN DREAMS 150 GRS HAZELNUTS";"1"
"7802900239558";"60237";"YOGHITO SOPROLE TETRA VAINILLA 115G";"294"
"7702010630422";"800001074";"CEPILLO COLGATE EXTRA CLEAN X2 ";"10"
"7804660620584";"800005290";"RAMITAS PURI QUESO 125 GRS";"4"
"7622201797560";"60243";"QUESO CREMA PHILADELPHIA 180G";"115"
"7896005806753";"800001174";"CAFE CRUZEIRO GRANO PLENO MOLIDO 250 GRS";"22"
"7804652980528";"800006713";"JUGO DE TOMATE BY MARIA 1 LT";"1"
"7802926001788";"60254";"PACK PALETA SAN FCO 0% CHOC NUSS 5UN";"13"
"7804658020365";"800001178";"JUGO AMA ORGANICO CIRUELA 300 CC";"2"
"7804603951102";"800007298";"MERMELADA CALLE CALLE S/AZ MEMB MANZ 210 GRS";"1"
"7801930019055";"60259";"SALCHICHA PREMIUM RDA 750GR";"160"
"7804454005771";"800001197";"VINO DONA DOMINGA BLACK RSVA CARMENERE 750CC";"81"
"7509552845914";"800008228";"ACONDICIONADOR ELVIVE HIALURONICO 370 ML";"3"
"7805000318550";"60262";"HELADO MAGNUM MINI ALMENDRAS MPK 5X60ML";"18"
"7802107000869";"800001223";"CERVEZA KUNSTMANN TOROBAYO 500CC BOT";"51"
"7801230005086";"800008247";"CHAMPIÑONES ENTEROS LAS CARABELAS 425 GRS";"1"
"7804646540189";"60303";"QUESO CREMA RAFULCO 190G";"172"
"7805040004451";"800001248";"TRAPERO HUMEDO VIRGINIA 10 UNDS";"32"
"614143234118";"800008327";"CAFE SENSORIAL 100% ARABICA ETIOPIA 250 GRS";"10"
"7802626001552";"60337";"HARINA FUERZA COLLICO 1KG";"31"
"8714599203545";"800001263";"CAFE JACOBS KRONUNG 95 GRS";"20"
"7805040001092";"800008337";"ABRILLANTADOR PISO FLOTANTE VIRGINIA 900 GRS LAV";"7"
"7804650390176";"60362";"QUESO RUNCA ESP OREGANO 200G";"70"
"7802237001002";"800001310";"HUMMUS GARBANZO SUK 380 GRS";"12"
"7804650390268";"60364";"QUESO RUNCA ESP AHUMADO 200G";"67"
"070177177430";"800001458";"TE VERDE TWININGS VERDE CON LIMON 10U";"4"
"745853842888";"36260";"SOUFFLE BOMBAS KUNA MANI 20GR";"18"
"7804650390411";"60370";"QUESO RUNCA LAMINADO 220G";"170"
"2007781001699";"800001465";"ALFAJOR TRADICION DEL SUR LECHE 35% ";"53"
"7790520012524";"303355";"MR. MUSCULO CITRUS CREMA 450 GR";"1"
"7622210953421";"60409";"CHOCOLATE MILKA OREO BROWNIE 100G";"53"
"7806500509820";"800001495";"PAPEL HIG. ELITE DOBLE HOJA 4X50MTS";"408"
"7804902033134";"778433116";"TALCO PARA PIES BROOKS KIDS 80G";"2"
"60519";"60519";"CEREGLI NUEZ UND";"78"
"7804945001053";"800001521";"JABON LIQUIDO SIMONDS AFRECHO 340 ML";"3"
"7802940045645";"800003330";"VINO TORO DE PIEDRA RINCON D/L/V CAV/SAUV 750CC";"1"
"60522";"60522";"BACLAVA UNIDAD ORIENTAL PRODUCTOS";"30"
"7804945005242";"800001597";"COLONIA BEBE AMMENS OSO 195 ML";"4"
"7804671930313";"800003666";"BEBIDA DE COCO VILAY CHOCOLATE 1LT";"3"
"60609";"60609";"PORCION TORTA";"169"
"021000081059";"800001690";"MAYONESA KRAFT TRADICIONAL FCO 1.26 KLS";"13"
"4792252918115";"800005132";"TE BASILUR FRUIT MANGO PINA 25 BLS";"2"
"78029071";"60772";"PALL MALL SUNRISE X 20";"129"
"7806500406747";"800001799";"TOALLA ELITE MAXIROLLO DECO X 2";"57"
"8032793973928";"800006075";"ESPUMANTE BOSIO MOSCATO 750";"13"
"7804647990389";"60992";"PAPA MINI HUERTO DEL RANCO 650G";"138"
"010900710923";"800001919";"PAPEL PARA COCINAR REYNOLS 7.3 M";"15"
"7804619040418";"800007290";"VINO VERAMONTE COLECC COLORES CAB SAUV 750 CC";"1"
"7802900000554";"61026";"LECHE CULT ZEROLACTO SOPROLE FRUTILLA 1L";"29"
"7802100004024";"800002019";"CERVEZA PATAGONIA HOPPY LAGER 470 CC";"261"
"041500013527";"800007873";"MOSTAZA FRENCHS SQUEEZE 20X8 OZ MCCORMICK";"1"
"7802900003371";"61037";"KEFIR SOPROLE SABOR BERRIES 1 LT";"128"
"80050094";"800002050";"CHOCOLATE KINDER MAXI 21GR";"54"
"7802225513234";"800008256";"BOMBON BON O BON PISTACHO 360 GRS";"3"
"7802900001889";"61069";"YOG ZEROLACTO FRUTOS SECOS 155G";"96"
"8005121216011";"800002062";"GNOCCHI ITALIANO DIVELLA 500 GR";"64"
"7806810004411";"800008262";"ESPONJA ABRASIVA FIBRA BONOBRIL X3 UN CLASICA VIRU";"2"
"7802920009407";"61103";"YOG COLUN PROTEIN SQZ FRUTILLA 150G";"193"
"8410342005595";"800002086";"CHOCOLATE TORRAS CLASSIC LECHE 75G";"11"
"7806810800853";"800008316";"BOLSA BASURA VIRUTEX 45 X 55 CM 20 UN ROLLO CIERRE";"2"
"7802420007903";"61150";"SALSA SOYA EDRA 155ML";"42"
"7804617570030";"800002097";"LECHUGA AGROCHOROICO";"510"
"7702626302973";"2228";"BETUN PARA ZAPATOS NUGGET CAFE 65 GR ";"2"
"7802900003227";"61210";"QUESO AZUL SOPROLE 100G";"20"
"0070847035800";"800002157";"ENERGETICA MONSTER MANGO LOCO 473 ML";"66"
"7801610350980";"5116";"BEBIDA COCA COLA ZERO 1000CC.RETORNABLE  lvb";"16"
"7808304351544";"61214";"QUESO CHAPUCO TZ OREGANO 250G";"18"
"7797453000796";"800002243";"SOBRE PEDIGREE ADULTO CARNE 100 GRS";"114"
"7805010003590";"30176";"LIMPIAVIDRIOS GLASSEX 420 ML REC";"1"
"7804647990242";"61233";"MIX ITALIANO BABY HUERTO RANCO 200G";"106"
"7804660290237";"800002255";"TABACO BRISTOL CHOCOLATE 45GR";"25"
"7802900005245";"59421";"YOG PROTEIN POWER SOPROLE NATURAL 135GR";"35"
"7809611714817";"61256";"HAMBUEGUESA VACUNO LA CRIANZA 150G";"72"
"798190260020";"800002364";"ENERGETICA SCORE 500CC";"71"
"7801552007775";"65651";"MULTIPACK MINI OREO 47 GR 5 UN";"3"
"7802705401532";"61300";"HELADO ALMENDRADO BRESLER 900ML";"16"
"8696630142788";"800002396";"AMBIENTAL RECARGA WINNEX ANTITABACO 250CC";"5"
"7809611718860";"85201";"PECHUGA PAVO COCIDA SOPRAVAL CORTE PLUMA 120G";"35"
"8445290341730";"62208";"CASSATA 1LT BANANA SPLIT SAVORY ";"19"
"7806500730958";"800002468";"TOALLITAS HUMEDAS BABYSEC ULTRAFRESH 50U";"53"
"7801230004973";"778432548";"SURTIDO TWININGS TÉ E INFUSIONES 40 BLS";"2"
"7802900002381";"65025";"LECHE PROTEIN SEMIDESCREMADA 1LTR SOPROLE";"52"
"7802000019234";"800002491";"PAPAS FRITAS LAYS MEDITERR JAMON 230 GR";"81"
"7802900002329";"65203";"LECHE CULTIV PROTEIN+ CHIRIMOYA SOPROLE 1L";"36"
"7804300151829";"800002515";"COCTEL GATO SEL DULCE TINTO BOTELLON 1.5 LTS";"12"
"0742832851491";"800004692";"CARBON VEGETAL MARQUEZ 2.5 KLS";"1"
"0659525539269";"65223";"HIELO ZIEVA ICE 1K";"812"
"7802175002413";"800002642";"PISCO HORCON QUEMADO SOUR 645CC";"23"
"6301618100040";"800006029";"CAFE TERRANUT PERU GRANO ENTERO 250G";"1"
"7802920010649";"65550";"LECHE COLUN ENTERA A2 Y ENZIMA LACTASA 1L ED";"130"
"7806510000447";"800002659";"BOLSA DE PAPEL C/MANILLA ";"442"
"793969039098";"800006166";"GRANOLA GRANOLERA TRADICION FRASCO 350 GRS";"1"
"7802960002505";"66560";"CREAM CHEESE STA ROSA 200G";"33"
"7803908006333";"800002753";"NECTAR GUALLARAUCO MANZANA PERA PET 1L";"62"
"7804600873292";"800006808";"VINO KORTA RSVA MALBEC 750 CC";"1"
"7801300004100";"67461";"HELADO BITES FRAMBUESA 250GRS FM";"52"
"7806500406662";"800002765";"TOALLA NOVA EVOLUTION MEGA ROLLO X2";"52"
"13577";"13577";"PAN QUESO JAMON ";"57"
"753153701873";"67702";"PALETA HELADO KREEMS PINA";"12"
"701822709385";"800002830";"MAIZ CURAGUA LOS FRUTOS 250GR";"7"
"7809631601777";"26424";"RATICIDA KLERAT 50 GRS";"5"
"78028937";"67722";"POSTRES DEL SUR MANJAR COLUN 110G";"86"
"7803403002588";"800002859";"PAN ARTESANO HAMBURGUESA IDEAL 720GR";"32"
"7803473543189";"27353";"GANSITO MARINELA 50 GRS";"30"
"7802900228170";"67740";"YOG 1+1 SOPROLE MINICOOKIES 140GRS";"385"
"90446849";"800002906";"ENERGETICA RED BULL SANDIA 250 ML";"134"
"7896002111836";"300129";"CACHAZA BRAZIL 51 965 ML";"1"
"7802100003256";"70056";"CERVEZA COORS LATA 470CC";"39"
"7755120965700";"800002931";"GLOBOS GLOBAL PARTY MEDIANO AZUL 9P 25U";"5"
"6301618001248";"5009895";"TE ADELGAZANTE TERRANUT 60GR";"1"
"7802920010519";"70214";"YOG DEL SUR COLUN F SECOS 120G";"44"
"5908249946880";"800002956";"TABACO TENNESIE NATURAL 40 GR					";"23"
"7803468001946";"800003073";"PAN CROCATA CASTANO 480GR";"10"
"7809611719461";"70224";"HAMBURGUESA PLANT BASED LA CRIANZA 100G";"23"
"7790380270126";"800003030";"MANTECOL COCO 111 GRS";"43"
"2007781003228";"800005179";"CORAZON DE MADERA ESPECIAL TDS 365 GRS";"1"
"7802910007062";"70604";"YOG LONCO PROTEIN NATURAL 140GR";"150"
"5908249936256";"800003048";"FILTRO TENNESIE SLIM 6MM MENTOL 				";"35"
"8002650002252";"800005618";"CAFE SAQUELLA BAR ITALIA INST PREM 100G";"1"
"7804613393091";"70609";"QUESO CHEDDAR KRAFT 130G";"20"
"7802940001801";"800003079";"VINO REQ TORO DE PIEDRA GR RSVA CHARDONNAY 750CC";"14"
"8716722002278";"800006213";"CENICERO METALICO BULLDOG AZUL";"1"
"7804619570199";"70620";"QUESO PARCELAS SIN BORDE 210G";"53"
"7802215502569";"800003101";"GALLETA SUNY 120 GRS";"63"
"7702250181593";"800007264";"ESCOBILLON DOÑA GABY ECOLOGICO";"3"
"7802920010847";"71120";"YOG BAT COLUN LIGHT S/LACT CHIRIMOYA 120G";"132"
"040000002376";"800003104";"CHOCOLATE M&M MINI TUBOS 31 GRS";"60"
"799192196324";"800007718";"DISPLAY CAFE MARLEY CHAI LATTE 8 SOBRES";"3"
"7802920010687";"74413";"YOG BAT COLUN LIGHT S/AZUCAR VAINILLA 120G";"162"
"7803468003056";"800003117";"PAN MOLDE MIGA SANDW. CASTANO 440GRS";"95"
"799192058745";"800008155";"CAPSULA CAFE MARLEY BLUES CARAMEL X10 U";"1"
"799192427756";"74513";"TORTA HOJA MANJAR PASTELERA S/GLUTEN 300GR";"24"
"7803468003476";"800003125";"PAN BLANCO S/LACTOSA CASTANO 570G";"281"
"7509552970524";"800008237";"CREMA PARA PEINAR ELVIVE DREAM LISO ANTI FRIZZ 300 ML";"1"
"7801907006897";"77780";"HAMB BRONTO SAN JORGE 185G";"105"
"7803403003943";"800003138";"TAKIS ORIGINAL 190GRS";"49"
"7806810017992";"800008317";"BOLSA BASURA VIRUTEX 50 X 55 CM 20 UN BLANCA PRO ";"6"
"78026551";"78452";"LUCKY PATTERSON ROJO BLANDO  X20";"60"
"7802800001880";"800003144";"JUGO ZUKO FRAMBUESA 20 GR";"88"
"7804688170016";"800008331";"TOALLITAS COCINA RITMO CLEAN LIMON 50 UN";"7"
"745853443849";"78466";"SUCEDANEO MORTADELA VEG D. DEL RIO 140GR";"3"
"7801505003038";"800003281";"POROTOS BLANCOS IANSA TETRA 390 GRS";"25"
"7804688170085";"800008333";"BOLSAS DE BASURA RITMO CLEAN 70 X 90";"6"
"7804635611364";"78809";"PAPAS PREFRITAS 7X7 GLOBAL FR 2.5K";"27"
"7801505003069";"800003284";"GARBANZOS IANSA TETRA 390 GRS";"54"
"7803525001810";"800008350";"GALLETAS SALMAS ZANAHORIA 108 GRS";"24"
"7801970001973";"81909";"JAMON PIERNA SANDWICH LLANQUIHUE 150G";"198"
"7802940038418";"800003336";"VINO REQ TORO DE PIEDRA GR RSVA CARIGNAN 750CC";"13"
"7802900004156";"84516";"PROBIÓTICO UNO FRUTILLA VIT  C SOPROLE 80 ML ";"30"
"7802940016706";"800003338";"VINO REQ TORO DE PIEDRA GR RSVA MERLOT 750CC";"28"
"7802920009384";"84651";"YOG COLUN PROTEIN SQZ FRUT-PLATANO 150 GR";"276"
"7802237001149";"800003352";"SESAMO SUK 250GRS";"5"
"8445290770943";"3968";"GALLETA CRIOLLITAS MCKAY 120 GRS";"6"
"7804687060011";"84951";"HELADO CHOC BROWNIE BRUMA 473ML ";"18"
"8434165466326";"800003373";"GALLETA CUETARA KRIT PUB MIX BOTE 350 GRS";"1"
"7803473002020";"27350";"ALFI MARINELA 60 GRS";"12"
"7804687060028";"84953";"HELADO DULCE LECHE BRUMA 473 ML";"9"
"7755120951000";"800003409";"VELAS MAGICAS X12 UN GLOBAL P.";"41"
"160010804100";"5009743";"CAFE VAINILLA SENSORIAL 100 GRS";"5"
"7804676870188";"800007997";"BARRA PROTEINA UNDER FIVE SALTED PEANUT 45 GRS";"34"
"8000368918704";"800002457";"ESPUMANTE RICCADONNA CHARDONNAY BRUT 750ML";"6"
"799192630323";"800008001";"SANDWICH MIGA QUESO VEGETAL VEGY 130GRS";"7"
"739802463514";"800002500";"CAFE PREMIUM LLANQUIHUE CALBUCO 250 GRS";"17"
"4792252924796";"800008014";"TE BASILUR ASSORTED CLASICOS 60 BLS";"5"
"7802337910808";"800002726";"AJI TRAVERSO ATACAMA 200 CC";"2"
"7801620009137";"800008026";"GATORADE MARACUYA 1LT ";"57"
"7803908006043";"800002752";"ALOE VERA GUALLARAUCO ORIGINAL 500CC";"21"
"799192217449";"800008043";"ROOIBOS SENSORIAL CANTO A LO BERRIES 100G";"8"
"7755120965502";"800002932";"GLOBOS GLOBAL PARTY MEDIANO BLANCO 9P 25U";"3"
"7801220006123";"800008059";"PULPA MANGO MINUTO VERDE 500GR";"5"
"7803403003158";"800003014";"PAN HOT DOG IDEAL 8UND. 450GRS";"61"
"7802245009182";"800008062";"HUEVO CHOCOLATE LECHE ENTRELAGOS70G";"16"
"7803468001427";"800003059";"PAN HOT DOG XL CASTANO 480GR";"72"
"7802245000929";"800008068";"CONEJO ALFRED BITTER ENTRELAGOS 85GR";"18"
"7803468002486";"800003067";"MINI TOAST CASTANO BLANCO 90 GRS";"38"
"7804676652548";"800008078";"PAPEL HIGIENICO BLANCO DEL SUR H/S 50 MTS X2";"64"
"7613287581020";"800003242";"CAFE NESCAFE DECAF 50 GRS TARRO";"25"
"8028277002536";"800008085";"GNOCCHI DE PAPA TOSTANI 500 GRS";"98"
"8434165469037";"800003375";"GALLETA CUETARA NAPOLITANAS 213 GRS";"9"
"7804654940988";"800008121";"SURTIDO FIGURITAS ZANAHORIA PASCUA 50 G";"34"
"800003384";"800003384";"CAFE ROASTY PERU 250GRS";"6"
"7800000162516";"800008129";"CONEJO MACIZO PETIT";"224"
"7896380105335";"800003412";"MONDADIENTES X 100 UNDS GLOBAL P.";"22"
"799192195990";"800008151";"CAFE MARLEY GRANO MOLIDO ROOTS ROCK 227 GRS";"11"
"7755120812943";"800003435";"PLATO CARTON MEDIANO X 10";"25"
"7802107001682";"800008160";"CERVEZA KUNSTMANN LAGER BLANC 330 CC";"9"
"5908249932371";"800003617";"FILTRO TENNESIE SLIM 6MM ORION	";"81"
"7891150103191";"800008173";"SHAMPOO DOVE HUMECT+COCO ANTIOX 370 ML";"8"
"7793253004279";"800003713";"AMBIENTAL POETT SOLO PARA TI 360 ML";"13"
"7802175003434";"800008179";"COCTAIL MOJITO SIERRA MORENA 650ML";"10"
"658325421972";"800003795";"CERVEZA EL REGRESO RED ALE 473 CC";"38"
"7802820002690";"800008184";"BEBIDA ISOT POWERADE ATAQUE 850 CC";"67"
"7803908008191";"800003875";"NECTAR GUALLARAUCO FRUTILLA MIX 300CC";"31"
"7899970402852";"800008207";"CHOCOLATE HERSHEYS COOKIES AND CREAM 77 GRS";"52"
"7802337101121";"800004037";"VINAGRE TRAVERSO INCOLORO 500 CC ";"31"
"7801552007683";"800008214";"HELADO TRENDY SUSPIRO LIMEÑO 1LT";"6"
"6301618000319";"800004114";"ALMENDRAS TOSTADAS TERRANUT 90G";"24"
"7804650390374";"11";"QUESO RUNCA CJ SOUVENIR ";"20"
"658325421552";"800004294";"KOMBUCHA LA IDA MARACUYA CARDAM 355 CC LATA";"187"
"261";"261";"JAMON PIERNA AHUMADA G1 PF";"50.845"
"8445290118288";"800004414";"LECHE NIDO BUEN DIA 700G.";"12"
"648";"648";"LOMO KASSLER SABROSUR";"30.502000000000006"
"0736372177933";"800004505";"BEBIDA GINGER BEER EWU 350 CC";"306"
"7809569600484";"678";"LOMO KASSLER 125GR PACEL";"33"
"7804661490568";"800004608";"DATILES SIN CAROZO KOE 160 G";"31"
"8445291443815";"1145";"CAFE NESCAFE DECAF 100GR. GRANULADO TARRO";"25"
"7804661490674";"800004620";"VINAGRE DE MANZANA ORGANICO KOE 500 ML";"16"
"7801420140139";"1367";"ARROZ TUCAPEL PREGRANEADO 1KG";"39"
"7802410004325";"800004741";"DECORACION GOURMET CHOCO CRUNCH 80 GR";"7"
"7801875047014";"1452";"TE SUPREMO CEYLAN ORO X20 UNDS";"22"
"7791293043791";"800004809";"DESODORANTE AXE MARINE M/F 150 ML";"9"
"7802200361102";"1497";"GELATINA AMBROSOLI CEREZA 100GR";"25"
"7802100001559";"800004899";"CERVEZA LATA LEMON STONES MANGO 350CC";"52"
"7802200266032";"1514";"JUGO VIVO DURAZNO 8 GRS abt";"67"
"7804000001431";"800004942";"CEREAL EN LINEA HOJUELAS CHOCOLATE 330 GRS";"12"
"7802575004239";"1703";"FIDEOS SPAGHETTINI 3 CAROZZI 400GR abt";"41"
"7804000001691";"800004959";"CAJA BARRA CEREAL EN LINEA MANZANA 90 GRS";"33"
"7792960000147";"2494";"LIMPIADOR POETT LAVANDA MENTA EUCA 900ML";"24"
"7804000002056";"800004961";"CAJA BARRA CEREAL EN LINEA ALMENDRA COCO 120 GRS";"17"
"7702026180287";"2726";"TOALLA HIG NOSOTRAS NOCTURNA SUAVE 8 U";"22"
"7804000002001";"800004967";"GRANOLA EN LINEA CRANBERRIES 320 GRS";"27"
"78005624";"3324";"CHICLE BIGTIME MENTA FRESCA 10GRpcr";"221"
"7804000002810";"800004994";"SET CAFE EN LINEA CAPUCCINO 8 SOBRES";"8"
"7802215515064";"3562";"GALLETAS GRETEL YOGH FRUTILLA 85 GR";"91"
"7804661490742";"800005073";"TRAIL MIX 1 KOE MANI DATIL COCO 150GR";"34"
"7790580412449";"3680";"HUEVO CHUBI PANUELO 110 GRS";"24"
"0745853191924";"800005086";"BARQUILLOS BOLSA TALLER DULCE 5 UNDS";"30"
"7802110001228";"4140";"LICOR TOFFE CREAM CAPEL 700 ML";"8"
"7802410004479";"800005123";"SALSA STREET GOURMET AJI CHIPOTLE 250 GRS";"4"
"7804320303178";"4402";"VINO CASILLERO DEL DIABLO CAB. SAUVIGNON 750CC lvb";"9"
"4792252920125";"800005146";"TE BASILUR ENGLISH BREAKFAST 10 BLS";"15"
"7804330001996";"4446";"VINO GRAN EDICION 120 CAB/CARM 1500CC ";"19"
"7908228801917";"800005187";"TUBOS FINI UVA DULCE 80G";"34"
"7808704700058";"4641";"VINO MISIONES DE RENGO CABER SAUVIG 750 CC";"5"
"7803908006890";"800005208";"NECTAR GUALLARAUCO MANGO 300CC";"47"
"7804300010614";"4813";"VINO CASTILLO DE MOLINA RSVA CAB/SAUV 750 CC";"54"
"4006581061054";"800005223";"CAFE EN CAPSULAS MOVENPICK HIMM LUNGO 10U";"9"
"7804602380101";"4898";"ESPUMANTE VINAMAR BRUT 750CC";"30"
"7896045104864";"800005328";"CAFE CRUZEIRO LIOF PREMIUM EQUILIBRADO 170GRS";"5"
"7804320365039";"4919";"VINO MARQUES DE CASA CONCHA CARMENERE 750 ML";"10"
"7803403003424";"800005349";"TORTILLAS RAPIDITAS IDEAL LINAZA CHIA 200G";"57"
"7801610001523";"5032";"BEBIDA COCA COLA 2.5CC. DESECHABLE   lvb";"597"
"2007781003334";"800005391";"BOLSITA TDS TRUFAS SURTIDAS 100 GRS";"34"
"7801610005286";"5056";"BEBIDA SPRITE 2000CC RETORNABLE lvb";"17"
"7802215502590";"800005453";"GALLETA DINDON AMERICANA 102 GR";"36"
"7801620001834";"5178";"NECTAR WATTS FRUTILLA 300CC ";"103"
"0764451481756";"800005489";"BARQUILLO XL VALQUILLO MANJAR ART X4U";"99"
"7801620002343";"5196";"NECTAR WATTS TUTTI KIWI LVB 1500CC DES";"44"
"8906078266510";"800005505";"GALLETA OLSEN MANTEQUILLA 270 GRS LATA";"13"
"7801620330132";"5267";"BEBIDA ORANGE CRUSH LATA 350CC LVB";"66"
"7801305005416";"800005540";"TOMATES EN TROCITOS WASIL 380 GRS TETRA";"33"
"7802575220127";"5316";"NECTAR SPRIM DURAZNO 190 ML..lvb";"45"
"7802200140721";"800005584";"BOLSA BON BON MALVA CALAF 196 GRS";"67"
"7802820600100";"5436";"AGUA MINERAL VITAL C/G 600CC LVB";"172"
"8711000532874";"800005605";"CAFE JACOBS CRONAT GOLD 100 GRS";"9"
"7801610000595";"5663";"BEBIDA COCA COLA LIGHT 591 ML";"95"
"7804671160093";"800005682";"SOUR NATURAL CLÁSICO 1 LTLA PIZKA";"73"
"7802200266414";"5724";"JUGO VIVO DURAZNO HUESILLO 8 GRS";"41"
"7804682660049";"800005776";"CERVEZA VOLCANES BOCKCHOCOLATE 650CC";"28"
"7801220005706";"6093";"PULPA CHIRIMOYA MINUTO VERDE 335G";"20"
"7803520003062";"800005789";"GALLETA ECOVIDA QUINOA 145G ROLLO";"23"
"78028746";"6205";"FLAN DEL SUR CHOC AVELLANA COLUN 100G";"43"
"7803520003222";"800005793";"GALLETA ECOVIDA QUINOA 100 GRS";"7"
"6372";"6372";"QUESO CHANCO MANTECOSO DEL PRADO";"16.048000000000002"
"798190259970";"800005797";"ENERGETICA SCORE FRUIT PUNCH 473CC";"76"
"7801930001180";"6536";"VEGAN BURGER PEPINILLO RDA 100G";"54"
"7803468004534";"800005828";"PAN KINGSBURY PERFECTO 580G";"41"
"7808704701116";"6594";"VINO MISIONES DE RENGO LATE HARVEST 375 ML ";"8"
"7804660620461";"800005916";"POPCORN PURIPOP MANTEQUILLA 40 GRS";"8"
"7802930004881";"7067";"YOG QUILLAYES GRIEGO NATURAL ENDULZ 800GR";"23"
"745853858544";"800006005";"PASTA DE AJI P. COLONOS 142GR";"8"
"8001230001722";"7326";"PARMEGGIANO REGG CUNA FERRARI 200GR";"24"
"7804654940803";"800006016";"HUEVITOS PASCUA DULCE LLUVIA LECHE 100 GRS";"19"
"658325668322";"7981";"BOLSO COOLER MEDIANO";"14"
"6301618100057";"800006030";"CAFE TERRANUT PERU GRANO MOLIDO 250G";"13"
"7809569600316";"8559";"SALCHICHA PACEL 500 GRS";"47"
"0731416436618";"800006072";"BEBIDA GINGER BEER EWU MARACUYA CARD 350 CC";"132"
"7802920009797";"8581";"QUESO AZUL LOS ALPES  COLUN 100 GRS";"71"
"793969039050";"800006162";"GRANOLA GRANOLERA POLINESIA DOYPACK 350 GRS";"24"
"8445291792784";"9098";"CHANDELLE CHOCOLATE S/LACT 130G";"26"
"7804676651510";"800006175";"TOALLA PAPEL BLANCO DEL SUR DH 50 MTS ";"141"
"7802900028473";"9191";"LECHE CHOCOLATE ORIGINAL SOPROLE 200CC ";"39"
"7804676650377";"800006189";"VASO TRANSICION SEQUITOS 210 ML";"2"
"7802900638016";"9390";"MARGARINA MIX CON MANTEQUILLA SOPROLE 500GR.lct";"24"
"7798196990016";"800006249";"CAFE SEGAFREDO PREFERITO FCO 100 G";"11"
"7802950022322";"9482";"CREMA DE LECHE NESTLE 200CC";"46"
"7804655192089";"800006281";"LAVALOZAS PREMIUM DOÑA GABY DOSIF EUCAL 550 ML";"5"
"7802920242545";"9614";"YOGURT COLUN PLATANO 1K";"77"
"7501013107340";"800006309";"NECTAR JUMEX COCO PINA 460 ML ";"59"
"7802920002323";"9718";"YOGHURT FUSION CHOCOLATE 140 GRS";"35"
"800006316";"800006316";"CHIP PREPAGO MOVISTAR";"23"
"9818";"9818";"PACK L GOOD MEAL";"22"
"799192174162";"800006353";"CAFE TALLER GRANO MOLIDO BRASIL 250 GRS";"17"
"7802920004952";"9867";"YOGURT COLUN S/LACTOSA FRUTILLA 125 GR";"173"
"7804655192461";"800006382";"JABON LIQUIDO LS MANZANA MIEL 750 ML DP";"14"
"7802930004799";"9875";"YOG QUILLAYES DURAZNO 800 GRS";"16"
"9780201427875";"800006464";"CERVEZA TOTEM DOPPELBOCK LATA 475CC";"25"
"7802900002138";"10000";"YOG SIN AZUCAR F SECOS SOPROLE 155G";"244"
"0070847895268";"800006490";"ENERGETICA MONSTER ENERGY RIPPER 473ML";"58"
"7804918450031";"10173";"PRESERVATIVOS LIFE STYLES STUDDED 3UNI";"3"
"764451866003";"800006498";"SALSA AJI ROCOTO PTO COLONOS";"11"
"7804617471108";"10505";"YOG PROB MANZANA SURLAT SL 4X80";"19"
"764451546318";"800006525";"CERVEZA GRULLA SESSION IPA 470 CC";"15"
"10713";"10713";"MERMELADA ALCAYOTA LA COLONIA 400G";"1"
"7802420008658";"800006604";"PAPAS FRITAS MARCO POLO C/AMER 170G";"5"
"7804650390534";"10767";"QUESO UNTABLE RUNCA MERKEN 115G";"19"
"7803183180032";"800006632";"HELADO FRAMBUESA MARACUYA PUDU";"7"
"7804650390152";"10823";"QUESO RUNCA DE GUARDA RES 900G";"78"
"7790990003657";"800006644";"LAVALOZA MAGISTRAL 300 ML";"35"
"7613031238217";"11010";"CASSATA 1LT TRES LECHES SAVORY";"26"
"2007781003525";"800006760";"BARRA BITTER 70% ";"12"
"7613032180096";"11063";"HELADO SUPER TRULULU SAVOR 70 ML";"38"
"7501055386628";"800006793";"NECTAR DEL VALLE DURAZNO 340 CC LATA";"90"
"78006027";"11112";"HELADO LOLLY POP SAVORY";"19"
"7622210285065";"800006868";"CHOCOLATE MILKA LU SANDWICH 85 GRS";"18"
"7613035407176";"11119";"HELADO DANKY NOGATONGA SAVORY";"13"
"7802225640602";"800006968";"GALLETA RIGOCHOC BLANCO & NEGRO 113GABT";"28"
"11344";"11344";"GELATO BRUMA DOBLE  ";"61"
"7622202044311";"800007007";"HUEVOS CHOCOLATE MILKA ALPENMILCH 90G";"63"
"7613287793881";"11401";"HELADO MEGA COOKIES SAVORY";"13"
"7804660620553";"800007011";"SOUFFLE PURI CRUNCHI QUESO 140 GRS";"24"
"070177197131";"12136";"TE TWININGS ENGLISH BREAKFAST 10U";"17"
"7802410004936";"800007048";"ADEREZO P/ENSALADAS GOURMET PALTA CIL 250 GR";"4"
"070177169640";"12178";"INFUSION TWININGS LIMON/FRAMBUESA 10U";"7"
"7808304352671";"800007059";"GOMITAS JELLY BEANS CONFITADAS 80 GRS POTE";"34"
"070177197346";"12197";"INFUSION TWININGS LIMON JENGI 10U";"13"
"7802100005809";"800007094";"CERVEZA SOL 650 CC";"29"
"7802000013614";"12346";"LAYS STAX CHEDDAR 134 GRS";"79"
"736372938763";"800007151";"JUGO MURTA MEMBRILLO CALLE CALLE 450CC";"13"
"7808737700483";"13419";"CHURRASCO  LA CRIANZA VACUNO 120 GRS";"47"
"8424465954203";"800007160";"DONUTS REYADA NEGR.PACK EP 120GR";"69"
"7801305003641";"14059";"CHOCLO WASIL TTR 340GRabt";"43"
"7802575534828";"800007273";"ALIM MASC ANIMAL PLANET INDOOR CAT ADUL 2.1 KLS";"15"
"14586";"14586";"TULIPANES X 10 UNDS";"79"
"5060229012005";"800007284";"TE PUKKA SUPREME MATCHA GREEN 20 BLS";"5"
"78025035";"15097";"PALL MALL CLICK ON X 20 UNDS";"103"
"78930193";"800007308";"CHOCOLATE BATON DUO 16G";"69"
"78021020";"15126";"KENT BELMONT BLCO 10";"44"
"8445291719736";"800007327";"GALLETA TRITON 116GR.CHOCOLATE ABT";"153"
"78025271";"15133";"KENT TUBE BLUE 20";"46"
"7622202318580";"800007369";"GALLETA OREO SELENA GOMEZ 108 GR";"22"
"78028043";"15301";"PALL MALL AZUL HL BOX X20";"113"
"6301618100118";"800007386";"CAFE TERRANUT COLOMBIA MOLIDO MEDIO 250G";"7"
"7802575531735";"17084";"SOBRE MASTER CAT CARNE 85 GRS";"81"
"8434165446991";"800007410";"GALLETA CUETARA MARIA 400 GRS";"12"
"7791293049472";"20572";"DESODORANTE REXONA FUTBOL FANT MEN 150 ML";"16"
"7804668160136";"800007442";"SIDRA DELLA CHA PETIT ROSE 330 CC";"11"
"7803468005326";"800007494";"PAN MOLDE CASTANO LINAZA CHIA PREBIOTICO 400GR";"64"
"7501055388578";"800007500";"NECTAR DEL VALLE PERA 340 CC LATA";"36"
"7798339251523";"800007540";"CERVEZA GUINNESS HOP HOUSE 473 ML LATA";"18"
"8445291796539";"800007578";"GALLETA TRITON FRUTILLA 126 GR";"50"
"78033450";"800007598";"LUCKY STRIKE AMBER XTEND 20UNI";"43"
"799192653469";"800007647";"CAFE TALLER GRANO ENTERO COLOMBIA 250 GRS";"19"
"7800159001049";"800007688";"MOSTAZA HEINZ 350 GRS DOYPACK";"35"
"7801220005195";"800007730";"PIZZA MINUTO VERDE PEPPERONI 470GR";"54"
"8001665706926";"800007746";"FETTUCCINI RANA 300G ";"41"
"7353803659368";"800007798";"RAMITAS DE GARBANZO WANIA QUESO CHEDAR ";"5"
"7801505002864";"800007837";"ENDULZANTE IANSA CERO K ALULOSA SUC 250 ML";"39"
"0799192684593";"800007848";"PASTA AJÍ ROJO CASA COCINA  340GR";"2"
"7899970400902";"800007891";"CHOCOLATE  SPECIAL DARK ORIGINAL 60% 85G HERSHEYS";"14"
"8000070049604";"800007896";"CAFÉ MOLIDO TIERRA FOR AFRICA 180G LAVAZZA";"3"
"7802420009273";"800007906";"PAPAS INFERNO CA SPICY PEPPERONI 14X180G INFERNO";"45"
"7791130963305";"800007926";"LIMPIADOR BAÑO 500CC HARPIC";"6"
"800007956";"800007956";"SUSHI ROLL AVOCADO (10 PIEZAS)";"46"
"841058003595";"800007968";"ESPUMA AFEITAR SCHICK XTREME 300 ML";"5"
"381519180736";"800007979";"SHAMPOO HERBAL ESS ROSA HIPS 400 ML";"19"
"7500435193894";"800007989";"ACONDICIONADOR HERBAL ESS TE VDE MENTA 400 ML";"4"
"7802910009370";"800008005";"BEBIDA LACTEA SHAKE SHAKE CHOCOLATE 170ML";"23"
"7804660290190";"800008023";"TABACO BRISTOL ORIGINAL 45GR";"39"
"8002130206392";"800008110";"ARROZ SUSHI TOSTANI 1 KG";"3"
"23095";"23095";"DURAZNO BLANQUILLO";"3.9800000000000004"
"793969787494";"800008136";"MIX CAPSULAS CAFE LLANQUIHUE 55GR";"8"
"7802810002099";"24081";"ACEITE CHEF MARAVILLA 1 LT";"41"
"7500435155847";"800008165";"SHAMPOO PANTENE BAMBU 400ML";"10"
"8445291964006";"24140";"LECHE CONDENSADA GLORIA 393 GRS";"4"
"74";"74";"LONGANIZA NORMAL CZISCHKE";"14.352"
"7613033822285";"24228";"CALDO MAGGI VERDURAS x 8 unidades.abt";"38"
"7803110102212";"24301";"ARROZ BANQUETE PREMIUM G1 1 KG ";"94"
"7808704700850";"24520";"ESPUMANTE MISIONES DE RENGO DEMISEC 750";"45"
"7800120166777";"24749";"CEREAL MONO CHOC 260GR";"13"
"7801305133645";"24809";"PALMITOS ENTEROS WASIL 400 GRS";"4"
"7801875001030";"24892";"TE SUPREMO VERDE FRUTOS DEL BOSQUE 20 B";"8"
"7802420007927";"24946";"CEREAL COLA CAO CHOCO MINI PILLOWS 350 GRS";"27"
"7802410209522";"25176";"SAL DE MAR GOURMET 100 GRS";"11"
"7802410073383";"25189";"COCO RALLADO GOURMET 100 GRS";"7"
"7802410639305";"25200";"SALSA INGLESA GOURMET 165 CC";"16"
"7802410000464";"25266";"SAZONADOR CARNE GOURMET 45 GRS";"8"
"7802410101543";"25278";"CIBOULETTE DESHIDR GOURMET 2 GRS";"27"
"7707211631469";"25357";"CAFE JUAN VALDEZ LIOFILIZADO INSTA 95 GRS";"2"
"7809558101725";"25378";"ENDULZANTE DAILY LIQ STEVIA 270 ML";"14"
"5014271310428";"25441";"MERMELADA ST DALFOUR CEREZA NEGRA 284 GRS";"3"
"7802810011473";"800006407";"POUCH WATTS DURAZNO 90GR";"76"
"7802337102302";"25499";"VINAGRE TRAVERSO MANZANA 500 ML";"50"
"7801230004997";"800006446";"ATUN OTUNA LOMITO ACEITE 140 GR ";"130"
"7802410000976";"25509";"BASE CARNE MONGOLIANA GOURMET 30 GRS";"19"
"7804676650858";"800006448";"TRAPERO HUMEDO DOÑA GABY LAVANDA X10";"56"
"7793750000415";"25527";"YERBA MATE PIPORE COMPUESTA 500 GRS";"35"
"7804627651118";"800006461";"PAPAS FRITAS BUKA CEBOLLA CARAMELIZ 150GRS ";"153"
"7802410000358";"25546";"SOPA CARNE C/CRUTONES PARA UNO15 GRS GOURMET";"53"
"7509546659374";"800006474";"CEPILLO COLGATE ZZ CARBON UNID";"51"
"7802337939021";"25628";"SOPA TRAVERSO POLLO POTE 65 G ";"43"
"7804660620560";"800006488";"PURI CRUNCHY MANI 140 GRS";"24"
"7801505000419";"25632";"ENDULZANTE LIQUI IANSA CEROK STEVIA 250ML";"23"
"78031470";"800006499";"CHICLE BIGTIME ENERGY 11 GR";"83"
"7802410350675";"25679";"SAZONADOR GUACAMOLE  GOURMET 28 GRS";"15"
"7803908007842";"800006505";"NECTAR GUALLARAUCO FRUTILLA PET 1L";"52"
"7802410011385";"25693";"AJO SAL COND GOURMET 20 GRS";"23"
"7802215512377";"800006547";"GALLETA FRAC BI FRUTILLA CHOCOLATE 110 GR ";"177"
"7805025110009";"26018";"CLORO CLOROX TRADICIONAL 1000CC abt";"15"
"7801220005560";"800006554";"PAPAS FRITAS FINAS  2.5 KG  MINUTO VERDE ";"40"
"7805080100038";"26179";"CLORO CONCENTRADO CLORINDA 2 LTS  ABT";"26"
"7804676651718";"800006565";"SERVILLETAS BLANCO DEL SUR 50 UNDS";"46"
"7806500962335";"26287";"PROTECTOR DIARIO LADYSOFT 20 UNDS pqt";"31"
"7804627651156";"800006568";"SNACK BUKA ARITOS DE CEBOLLA 200 GRS";"20"
"7500435138000";"26556";"SHAMPOO H&SH CARBON 375 ML";"4"
"7803473005960";"800006573";"MANKEKE MARINELA 3 UNIDADES 90GR";"123"
"7802420510120";"26659";"PALMITOS ENTEROS ESMERALDA 810 GRS";"7"
"7804661491060";"800006583";"PASTA DE MANI NATURAL KOE 500 GRS";"15"
"7805000323219";"26772";"CIF CLORO GEL TRADICIONAL 800 ML";"14"
"7803403003936";"800006610";"PAN MOLDE BLANCO IDEAL 580 GRS";"26"
"7801315140008";"26908";"CHAMPINONES ENTEROS ESMERALDA 184 GRS";"5"
"7509546075242";"800006612";"CEPILLO COLGATE SUPER FLEXI SUAVE PACK X2 ";"31"
"8445291239043";"26958";"CAFE NESCAFE CAPPUCCINO X 8 UNDS";"12"
"7802900004330";"800006614";"YOG BATIFRUT PAPAYA 165 GR SOPROLE";"31"
"7803525000240";"27782";"BROWNIE RECETA ORIG NUTRA BIEN 62 G";"291"
"7801235004374";"800006618";"CHIPS FLIP PAPAS MIX VEGETALES 140 GRS";"30"
"9002859055638";"28396";"EST BOMBON SURT MAITRE TRUFF AMAR 100 GRS";"11"
"799192165047";"800006641";"KOMBUCHA PINDA IMPULSO NATURAL 330CC";"15"
"7803520140149";"28444";"GALLETAS DIET S/AZUCAR ECOVIDA 120 GRS";"14"
"6901118707024";"800006663";"TE VERDE CHINA BUTTERFLY BRAND 100 BLS";"6"
"7802215121241";"28624";"ROLLS BLANCO CROCANTE 140 GRS";"42"
"7808304355238";"800006668";"ESTUCHE BOMBONES REUTTER 150 GRS";"42"
"7790580422776";"28744";"TURRON MANI ARCOR 220 GR";"74"
"7842535000048";"800006677";"CARBON VEGETAL FIREBULL QUEBRACHO 2.5 KLS";"166"
"7801505232025";"29937";"AZUCAR RUBIA EN CUBITOS IANSA";"28"
"7802100006028";"800006724";"CERVEZA HEINEKEN LATA 710 CC ";"211"
"7802410180944";"29984";"ESENCIA VAINILLA GOURMET 500 ML";"14"
"7798422620137";"800006729";"ENERGETICA MONSTER ENERGY ZERO 473 ML";"108"
"7891035060007";"30564";"LIMPIADOR LIQUIDO METAL BRASSO 200 ML";"1"
"7806500406877";"800006731";"TOALLA PAPEL NOVA CLASICA 1 ROLLO 12 MTS";"65"
"5060033823453";"32550";"ESPONJA THE PINK STUFF DUAL SQEEZY UND";"5"
"7802800001927";"800006734";"JUGO ZUKO NARANJA 15 GRS";"78"
"8410113002150";"40106";"VINO LAS MULAS CARMENERE 750 CC";"23"
"7802215512414";"800006736";"GALLETA FRAC NARANJA 110 GRS";"107"
"7802150002612";"40460";"DESTILADO CHILLAN 50 ° 900 ML";"21"
"7804654940858";"800006739";"CERVEZA BUNDOR NINFA 473 CC LATA";"87"
"7790895001260";"50020";"VITAMIN WATER TROPICAL 500 ML";"121"
"7802225689090";"800006744";"GALLETAS SELZ CRACKER MERKEN 90 GR";"82"
"7790895001208";"50118";"VITAMIN WATER FRUTA DE DRAGON 500 ML";"86"
"7801610003084";"800006749";"BEBIDA FANTA ORIGINAL 3LT. DESECH";"59"
"7899916913305";"50215";"JUGO QUILLAYES PINK LEMONADE 900ML";"16"
"7803403003264";"800006752";"PAN IDEAL ARTESANO MASA MADRE 550GR";"96"
"7801930025674";"50513";"MINI CHORIZO SNACK RDA 0GR";"43"
"7801610002926";"800006754";"BEBIDA FANTA 591 ML";"50"
"7802900004347";"56541";"LECHE SEMIDESCREMADA AVENA CHOCOLATE 200 ML";"31"
"5902854106981";"800006770";"TE LIQUIDO DILMAH LEMON BLACK 330 CC LATA";"10"
"7804635611067";"60236";"SURTIDO MARISCOS GOLD GLOBAL FROZEN 1K";"56"
"7802130003660";"800006773";"CERVEZA LEYENDAS DE ORIGEN PINCOYA 473CC";"93"
"7802080000849";"60662";"QUESO CHACRA S/LACT ROBLE 350G";"13"
"7804613393114";"800006795";"QUESO GRANULADO DUO MIX KRAFT 200G";"29"
"0745853437657";"60670";"HELADO D´LIGHT SIN AZUCAR PISTACHO 200G";"9"
"7790380127017";"800006816";"MANTECOL MARMOLADO 111 GRS";"99"
"7802900003494";"61801";"LECHE COOKIES SOPROLE 200CC";"35"
"8716200680295";"800006847";"SUCEDANEO EVAPORADA BELLA HOLANDESA 405 GRS";"45"
"742832146968";"63222";"SACAPITA INTEGRAL 120G";"16"
"7803525001728";"800006851";"GALLETA NUTRA BIEN AVENA PASAS 150 GRS";"9"
"7802900000967";"65114";"YOG SIN AZUCAR TZ CHIA ARAND SOPROLE 155G";"182"
"7804682660292";"800006854";"CERVEZA VOLCANES LUCUMA 470CC LATA";"99"
"7802920010915";"65262";"MANJAR RIO BUENO BOLSA 1 KG";"18"
"7804676651640";"800006857";"SERVILLETAS COCTEL BLANCO DEL SUR 50 UNDS";"69"
"7802900003807";"65502";"LECHE SOPROLE PROTEIN+ NITRO VAINILLA 200 ML";"115"
"7803403004018";"800006910";"PAN BRIOCHE ARTESANO IDEAL 370 GRS";"6"
"7899916919376";"65646";"JUGO QUILLAYES NARANJA 1,3 LT";"54"
"7804673910283";"800006951";"BARRITAS DE COCO WILD +FIT 5 UNDS";"20"
"7809611721105";"65984";"SUPREMA POLLO 120 GR LA CRIANZA";"89"
"7500435230599";"800006962";"MAQUINA DE AFEITAR VENUSINTIMA  ";"26"
"753153701835";"67700";"PALETA HELADO KREEMS FRAMBUESA";"27"
"7751493011075";"800007022";"PANAL HUGGIES ACTIVE SEC XXG 10 UNDS";"7"
"753153701781";"67704";"PALETA HELADO KREEMS FRUTILLA A LA CREMA";"26"
"7802225688994";"800007042";"TRIPACK GALLETAS SELZ CRACKER ARCOR ";"127"
"7803480001214";"67724";"PAN HAMB FUCHS 8UN";"53"
"7804600779457";"800007071";"VINO OVEJA NEGRA BOLD CARMENERE 750CC";"42"
"7801220005447";"70507";"EDAMAME MINUTO VERDE 400G";"16"
"7808709504552";"800007091";"CREMA SURLAT S/L 200ML TETRA";"78"
"7802955010850";"70600";"YOG GRI OIKOS SABOR FRUTILLA 110GR";"146"
"7803800003096";"800007096";"TABACO LUCKY TABACO PICADO ";"20"
"701822709606";"70960";"SEMILLAS DE MARAVILLA LOS FRUTOS 100GR";"6"
"7808304351421";"800007098";"QUESO CHAPUCO CHANCO MANTECOSO 500GR TZ";"40"
"78411";"78411";"NO POLLITO VEGANO 200GR HAILSEITAN";"5"
"7802000018749";"800007106";"PAPAS FRITAS LAYS ARTESANAS CEB Y PIM 150 GRS";"28"
"736372719386";"78457";"MIEL MULTIFLORAL CHILOE CAHUALA 1KG";"10"
"781159846359";"800007120";"APERITIVO CARPINTERO ROSSO S/AZUCAR 750 CC";"1"
"745853997533";"80066";"XPARLING SABOR LIMON 240ML ";"30"
"90474507";"800007130";"ENERGETICA RED BULL ZERO 250 ML";"284"
"7802910083509";"90044";"LECHE S/LACTOSA  DESCREM LONCO 1L";"13"
"7802175003311";"800007133";"GIN KANTAL BERRIES 470 CC LATA ";"134"
"7802920007137";"90133";"LECHE COLUN FRUTILLA 1L";"23"
"7802175003298";"800007135";"GIN KANTAL TROPICAL 470 CC LATA ";"99"
"7802920006499";"90135";"QUESO COLUN UNTABLE TOMATE OREGANO 100 GR";"22"
"7801305005577";"800007180";"DAMASCOS WASIL 500GR TETRA";"16"
"7891000295915";"94588";"ALIMENT HUMEDO GATO FANCYFEST POLLO PAVO 85GR";"24"
"7808304351445";"800007187";"QUESO CHAPUCO MANTECOSO LAMINADO 500GRS";"16"
"7891000247112";"94591";"DENTALIFE PERRO RAZA MEDIANA 119GR";"11"
"7801315000395";"800007189";"ALCACHOFAS CORAZONES ESMERALDA SALM 400G";"13"
"7808709505153";"95546";"LECHE SURLAT WHET PROTEIN CARAMEL 200ML ";"27"
"7802245005092";"800007203";"CAJA BURDEO MAZAPAN FRUTAS 120G E.LAGOS";"13"
"793969904464";"97843";"ALFAJOR PROTEIN MANI MANJAR 80GR ACTIVA2";"120"
"7702011104144";"800007228";"GALLETA WAFER COLOMBINA VAINILLA 140GRS";"4"
"637962141962";"98865";"SALSA AJI DOÑA OLI FUERTE 250GR";"11"
"7702011201881";"800007232";"GALLETAS MOMENTS MANTEQUILLA 280 GRS";"46"
"7803960000522";"300465";"QUINOA OSO 250GR";"24"
"7802225590204";"800007258";"CHOCOLATE TABLETA TIFFANY 110 GRS";"86"
"7804340902641";"300622";"VINO LEON DE TARAPACA CARMENERE 750ML";"3"
"7802000020278";"800007260";"SNACK DE TODITO II 275 GRS";"106"
"7802420520013";"300737";"COPACABANA CACAO AMARGO 150GR";"29"
"7804654940865";"800007272";"CERVEZA BUNDOR ELFA 473 CC LATA";"63"
"022000018489";"300811";"SKITTLES WILD BERRY 61.5GR";"47"
"8445291716841";"800007306";"GALLETA TRITON MCKAY VAINILLA 116 GRS";"247"
"7802832101220";"301011";"JUGO AFE PERA 300CC";"21"
"7808304355122";"800007313";"BOMBON HEART FOR YOU T-4 40 GRS";"11"
"303299";"303299";"MERMELADA SRA VIOLA NARANJA C/AZ 500G";"2"
"7622202319723";"800007322";"PACK GALLETA OREO LIMON 6 UNDS 216 GRS";"12"
"5410677110189";"303382";"TAHINA ALWADI 454GR ";"9"
"7891000248829";"800007334";"CHOCOLATE KIT KAT DARK 41.5 GRS";"56"
"7804454000462";"500014";"VINO CASA SILVA RSVA CARMENERE 750 ML";"17"
"7891000384152";"800007340";"GALLETA TRENCITO CUBIERTA 130 GRS";"25"
"7802420009259";"500108";"RAMITAS SALADAS MARCO POLO 230 GRS";"83"
"7802920010892";"800007361";"QUESO RANCO 75GR COLUN";"1181"
"78031708";"595662";"VAP VUSE GO 1000 GRAPE ICE";"6"
"7802225640954";"800007368";"GALLETA BON O BON SUPER CHOCO 95 GRS";"87"
"7804666810002";"849561";"NAT CRACKERS PISTACHO ROMERO 160GR";"12"
"7804673910252";"800007376";"SET X5 BARRA WILD PROTEIN CARAMELO";"13"
"7808709505139";"946511";"LECHE SURLAT WHET PROTEIN CHOCOLATE 1LT";"9"
"7804671600902";"800007389";"VINO 2 X 2 STATE SAUV BLANC 750 CC";"15"
"7803473002662";"5008823";"PAN MOLDE BLANCO XL 750GR IDEAL";"161"
"8434165466111";"800007407";"GALLETA CUETARA KRIT CANAPE 100 GRS";"41"
"7802575226327";"5009067";"NECTAR VIVO PINA 1 LITRO ";"40"
"7802420009549";"800007427";"MANI SIN SAL MARCO POLO 380 GRS";"32"
"7809620700351";"5009122";"MIEL MONTANA KLAASSEN 500 GRS.";"14"
"799192195969";"800007436";"CAFE MARLEY LIOFIL WAKE UP GUATEMALA 100 GRS";"42"
"7804314945322";"5009345";"VINO VIU MANENT ESTATE RVA ROSE  750CC";"21"
"7804627651125";"800007446";"MAYONESA CASERA BUKA 500 GRS DOYPACK";"91"
"7804920350893";"5009439";"JABON LIQ BALLERINA HIPOALERGENICO 750 ML DP";"13"
"7804627651248";"800007448";"MAYONESA BUKA ACEITUNA MORADA 330G SQUEEZE";"74"
"8076809513692";"5009506";"SALSA BARILLA NAPOLETANA 400GR";"10"
"658325421538";"800007458";"KOMBUCHA LA IDA DETOX 355 CC LATA";"225"
"8410376017113";"5009634";"GALLETA GULLON MEGA DUO CHOC 500 GRS";"60"
"78033559";"800007472";"CHICLE BIGTIME FRESH MINT 11 GR";"150"
"7896019208468";"5009777";"CAFE CRUZEIRO LIOFILIZADO 170 GRS";"30"
"7804000003640";"800007507";"NECTAR ISOTONICO EN LINEA DURAZNO 600 CC";"6"
"5941021111755";"5009814";"MERMELADA MEMBR-MANZ LIM 450G CALLE CALLE";"21"
"793969943319";"800007513";"LICOR DE 23 BOTANICOS CHUPITO 750 CC";"7"
"7802920010830";"5009909";"YOG BAT COLUN LIGHT S/LACT VAINILLA 120G";"100"
"8445291769885";"800007524";"COLADO NESTLE CRECIDITOS CARNE C/VERDURAS 205GR.";"72"
"78018853";"5010142";"PALL MALL AZUL X 10";"122"
"7803468005340";"800007545";"PAN MOLDE CASTAÑO CALABAZA PROTEINA 400 GRS";"36"
"3090291119373";"5010541";"BRIE LAMINADO ILE DE FRANCE 150GRS";"14"
"7804673912980";"800007549";"SET X4 BARRA WILD PROTEIN SURTIDA";"32"
"7802960000785";"5010661";"MOZZARELLA CILINDRO 200GRS STA ROSA";"16"
"745853529161";"800007552";"ALFAJOR DULCE SAN VALENTIN SELVA NEGRA 50G";"56"
"7802200843028";"5010909";"CARAMELO OLD ENGLAND TOFEE CHOC 300 GRS";"11"
"7622202271908";"800007577";"CHOCOLATE MILKA EXTRA CACAO 90G";"58"
"7804340909572";"5011693";"VINO TARAPACA RSVA CHARDONNAY 750CC";"8"
"7730976823480";"800007583";"JUGO 100% NATURAL NARANJA GROW 1 LT";"186"
"7790520014177";"5011725";"DESINF AREO ORIGINAL LYSOFORM 360ML";"15"
"8445291679542";"800007601";"CAFE NESCAFE FINA SEL SMOOT VAIN 95G";"12"
"7809569600279";"5011857";"LONGANIZA 500GRS AL VACIO PACEL ";"7"
"7804684890598";"800007612";"PROTEINA DE SOYA GESCHMACK CARAMELO 500 GRS";"5"
"7893000801448";"5011931";"PIZZA C/ QUESO MOZZARELLA 440GR SADIA ";"32"
"745853975449";"800007636";"CERVEZA TROPERA GUADALINA 473 CC";"66"
"7801420001966";"5012244";"ARROZ TUCAPEL BASMATI 400 GRS";"27"
"799192446719";"800007639";"CERVEZA TROPERA HAZYMENI 473 CC";"44"
"7802225590341";"5012319";"CHOCOLATE TABLETA CHUBI 103GRS";"34"
"7702103130150";"800007643";"CEREAL CORN FLAKES 410 GRS";"36"
"3057068029709";"5012338";"FILTRO REGULAR OCB SLIM 8 MM";"12"
"7908228807490";"800007656";"GOMITAS FRUTILLAS FINI 80G";"61"
"6301618000371";"20212150";"SNACK GOJI TERRANUT 90 GRS";"1"
"6922235801372";"800007683";"BEBIDA GUNY´S POPPING BOBA MANGO MAR 350 ML";"14"
"2007781002078";"200778101";"CAJA 12 OSITOS LECHE FINO TRAD. DEL SUR 144 G";"1"
"6922235801358";"800007685";"BEBIDA GUNY´S POPPING BOBA FRAMBUESA 350 ML";"70"
"7800000162356";"778431511";"BOLSITA MONTON MANI";"64"
"7802107001729";"800007699";"CERVEZA KUNSTMANN RADLER POMELO LATA 470 CC";"52"
"7804668160075";"778431863";"SIDRA PATAGONIA DEMI SEC 330CC";"2"
"7802100006295";"800007716";"CERVEZA ROYAL GOLDEN 710 CC LATON";"851"
"7898591453137";"778431998";"TUBOS FINI FRUTILLA DULCE 80G";"69"
"7809611722034";"800007721";"PECHUGA DESHUESADA 750GRS SUPER POLLO";"54"
"0781159034046";"778432373";"ORQUIDEA GRANDE CHILEORCHIDS";"29"
"7801220002415";"800007724";"CHOCLO TIERNO MINUTO VERDE PREMIUM 400GR";"112"
"7809611714398";"778432463";"EMPANADA APERITIVO ACEITUNA 460GR CRIANZA";"13"
"7802930004157";"800007743";"QUESO MOZZARELLA GRANUL QUILLAYES 400G ";"62"
"7804320301174";"778432512";"VINO CASILLERO DEL DIABLO SAUV. BLANC 750 ML";"23"
"7802930005772";"800007748";"QUESO BRIE QUILLAYES 100 GRS";"30"
"7804656560016";"778432556";"AJO PICADO HUERTOS DEL SUR 200G";"1"
"7802900004873";"800007756";"POSTRE SOPROLE PROTEIN CARAMELO 130 G";"67"
"7801930015538";"778432716";"PIZZA RDA SUPREMA 620GR ";"42"
"745853997489";"800007773";"XPARLING SABOR MANGO 240ML";"2"
"7804340905710";"778432810";"VINO ORGANICO TARAPACA GRAN RSVA 750CC";"6"
"041508581653";"800007784";"JUGO SAN PELLEGRINO ZERO CLEMENTINE 330ML";"2"
"8001665724111";"778433051";"GNOCCHI RANA 400 GR";"68"
"7801235004831";"800007808";"FRUTA CONG MANGO LIGHT 333GR COOKGREEN ";"8"
"778433410";"778433410";"ARROLLADO ARTESANAL LAM 160 G  CECINAS GRAU";"17"
"7801235004855";"800007810";"FRUTA CONG MIX TROPICAL LIGHT 333GR COOKGREEN";"6"
"7803908008153";"778433568";"LIMONADA GUALLARAUCO FRSA 500CC S/AZ";"60"
"7804165000157";"800007834";"BANDEJA 30 HUEVOS EL MONTE ";"128"
"7794612413831";"778433597";"BIGTIME ULTRA RED BERRY 24 GR";"60"
"7801505002857";"800007836";"ENDULZANTE IANSA CERO K ALULOSA SUC 180 ML";"18"
"7702026145026";"778433818";"TOALLA HIG NOSOTRAS NOCT ULTRA DELG 8U";"25"
"7802420005046";"800007855";"PAPAS FRITAS RÚSTICAS ACETO SAL DE MAR 185G MARCO POLO ";"94"
"8445291297142";"800000069";"CEREAL MILO 240 GRS";"46"
"7802420008238";"800007857";"PAPAS FRITAS RÚSTICAS CEBOLLA CARAMELIZADA 185G MARCO POLO ";"66"
"8858135054021";"800000128";"PAPEL ARROZ 100 GRS THAI";"13"
"7898024397861";"800007862";"CHOCOLATE FERRERO ROCHER T-4 50 G ";"18"
"7790990003664";"800000277";"LAVALOZA MAGISTRAL 500 ML";"27"
"7898961400259";"800007867";"CHARQUI  JACK LINKS JERKY TERIYAKI 25G  ";"16"
"7802410003700";"800000358";"AJO EN HOJUELAS GOURMET";"12"
"7899970402838";"800007880";"CHOCOLATE HERSHEYS 40% CACAO 4X18X82GR ";"82"
"7896005806760";"800001173";"CAFE CRUZEIRO GRANO FORTE 250 GRS";"26"
"7899970402982";"800007885";"CHOCOLATE HERSHEYS LECHE 4X18X82GR ";"97"
"7613037071399";"800001184";"CAFE NESCAFE ESPRESSO 100 GRS";"19"
"8000070053465";"800007901";"CAFE  CAPSULA ESPRESSO QUALITA ORO LAVAZZA 55G LAVAZZA";"6"
"2664697020758";"800001558";"JACINTO MACETERO BLUME";"15"
"8445292266062";"800007911";"PICADO POLLO Y VERDURAS NATURNES 205 GR";"25"
"7804658470528";"800001817";"PISCO REPUBLICANO MOSCATEL 40  750CC";"5"
"7908228802761";"800007921";"TUBOS FINI FRUTAS SILV Y CREMA ACIDA 80G";"76"
"8410342006301";"800002084";"CHOCOLATE TORRAS CLASSIC NGR/MANGO 75G";"16"
"7805025694301";"800007925";"LIMPIADOR CLOROX ANTIHONGOS 500ML ";"18"
"7802000018251";"800002154";"SNACK DE TODITO DULCE 220 GRS";"41"
"800007952";"800007952";"SUSHI ROLL ACEVICHADO (10 PIEZAS)";"68"
"7803111002566";"800002287";"BRUSCHETTA PALM ESP VDE ALM PERFECT CHOICE 280 GRS";"13"
"800007962";"800007962";"HOSOMAKI SAKE (6 PIEZAS)";"59"
"7896451921079";"800002307";"GOMITAS DOCILE CULEBRITAS CITRICAS 80 GRS";"42"
"7500435193887";"800007983";"SHAMPOO HERBAL ESS TE VDE MENTA 400 ML";"10"
"8410113008923";"800002325";"VINO LAS MULAS MERLOT 750 CC";"5"
"123";"123";"FRUTILLA ";"69.722"
"10622";"10622";"QUESO CAMEMBERT QUIMAN PQ KG";"0.772"
"152";"152";"QUESO RAFULCO REDONDO";"50.15"
"7802910009158";"10631";"YOG LONCO FULL PROTEIN FRUTILLA 150G";"62"
"161";"161";"CURCUMA KILO";"9.624"
"7801620011079";"10690";"AGUA MAS FRUTO BOSQUE 1.6 LT";"202"
"167";"167";"FILETE CATEGORIA  V. rtc";"36.92400000000001"
"793969113651";"10701";"ALFAJOR MANJAR SOYA DEL CERRO";"122"
"186";"186";"SALAME ARTESANAL GRANEL RDA";"6.837999999999999"
"764451515581";"10703";"GALLETON AVENA DEL CERRO";"302"
"200";"200";"FILETE SALMON CONG ATL GRANEL VON ";"158.66399999999993"
"0793969113682";"10717";"BARRA TIPO SNICKER DEL CERRO PACK X2";"46"
"202";"202";"JAMON ACARAMELADO RDA";"89.27100000000004"
"7802900003975";"10722";"LECHE AVENA SOPROLE 200CC";"49"
"220";"220";"JAMON COLONIAL PF";"156.08600000000007"
"793969113705";"10736";"TORTA VASO ZANAHORIA NUEZ DEL CERRO 245GR ";"46"
"271";"271";"HUACHALOMO DE VACUNO CAT V";"151.82600000000002"
"7804650390404";"10760";"QUESO RUNCA LAMINADO 470G";"133"
"7801970001720";"283";"JAMON PIERNA LAM LLANQUIHUE 150G";"177"
"7804650390381";"10762";"MANJAR RUNCA 280G";"12"
"7809611720542";"362";"MALAYITA DE CERDO 450 GRS";"55"
"7802955011406";"10778";"YOG OIKOS MIEL CRUNCH  142G";"30"
"418";"418";"SALCHICHON CERVEZA LLANQUIHUE KG";"13.602000000000002"
"7802955011345";"10817";"YOG ACTIVIA TZ FTOS BOSQUE 140G";"20"
"500";"500";"PAN PITA BLANCO ENVASADO 450 GRS";"425"
"7804650390664";"10830";"QUESO RUNCA PZ 500G";"89"
"507";"507";"CAZUELA DE CERDO KG";"51.58199999999999"
"7804650390527";"10851";"QUESO RUNCA REDONDO T1 900G APROX";"62"
"549";"549";"JAMON PIERNA G2 LLANQUIHUE";"76.646"
"7802247530202";"11032";"CONFITES POROTITOS MERELLO 250 G";"6"
"565";"565";"POSTA NEGRA CAT V NACIONAL";"507.105"
"7802247346353";"11088";"GOMITA SUIZA MERELLO 90 G";"23"
"613";"613";"EMPANADA ANTICUCHO P. VARAS";"165"
"7613287221629";"11125";"CASSATA 1LT CHOC F DEL BOSQUE SAVORY";"37"
"616";"616";"ACEITUNA AZAPA ARTESANAL";"100.18799999999999"
"7802710832116";"11201";"CASSATA 1LT VAINILLA SAVORY";"29"
"619";"619";"EMPANADA CAMARON CHAMPIÑON P. VARAS";"89"
"7802710835216";"11205";"CASSATA 1LT PASAS AL RON SAVORY";"28"
"621";"621";"EMPANADA CARNE MERKEN P. VARAS";"385"
"40685878";"11265";"PEPINILLO SELEC STOLLENWERK 720ML";"15"
"623";"623";"EMPANADA CARNE P. VARAS";"885"
"4068500810297";"11282";"CHUKRUT STOLLENWEK 720ML";"35"
"625";"625";"JAMON PAVO ACARAMELADO SOPRAVAL";"18.001"
"7802926000033";"11330";"POSTRE SAN FCO FRAMBUESA A LA CREMA 1 LT";"31"
"628";"628";"JAMON PIERNA ACARAME. PF";"68.07900000000002"
"7802926000750";"11345";"POSTRE SAN FCO TRES LECHES 1LT";"24"
"630";"630";"EMPANADA POLLO QUESO P. VARAS";"122"
"7613033725333";"11355";"CHARLOT 1LT ALMENDRADO PREMIUM SAVORY";"14"
"632";"632";"EMPANADA QUESO P. VARAS";"132"
"7802926000040";"11367";"HELADO AGUA SAN FCO FRAMBUESA 1 LT";"20"
"635";"635";"EMPANADAS ROLL (CHAPARRITA) P. VARAS";"249"
"7802926000248";"11380";"HELADO AGUA SAN FCO LIMON 1 LT";"8"
"641";"641";"JAMON ACARAMELADO SUPER CERDO";"94.13000000000001"
"8445291225305";"11502";"POSTRE GOODNESS CHOCOLATE 115G";"145"
"674";"674";"CEBOLLA ESCABECHE";"26.186000000000007"
"7802000019548";"12036";"MANI SALADO EVERCRISP 140  GRS";"101"
"677";"677";"ACEITUNA  AZAPA NEGRA";"68.15299999999999"
"070177197155";"12154";"TE TWININGS FRUTOS ROJOS 10U";"7"
"685";"685";"SALSA AMERICANA";"23.785999999999998"
"7802800535576";"12250";"PAPAS FRITAS KRYZPO QUESO 37 GRS";"89"
"701";"701";"ARROLLADO HUASO PREMIUM TESSMANN";"72.987"
"7802800535583";"12331";"PAPAS FRITAS KRYZPO CEBOLLA 37 GRS";"88"
"725";"725";"PECHUGA ASADA SOPRAVAL";"74.432"
"7802000013621";"12345";"LAYS STAX CEBOLLA 134 GRS";"204"
"734";"734";"PECHUGA ACARAMELADA SOPRAVAL";"96.33899999999998"
"7802800533565";"12389";"PAPAS FRITAS KRYZPO ORIGINAL 130 GR";"127"
"768";"768";"JAMON COLONIAL SAN JORGE";"149.23599999999996"
"13299";"13299";"ASIENTO PICANA";"324.492"
"778";"778";"LOMO LISO VACUNO CAT V";"119.98699999999997"
"7809611700513";"13377";"HAMBURGUESA PR VACUNO LA CRIANZA 100 GR.";"472"
"790";"790";"LOMO CENTRO DE CERDO";"192.418"
"7809611700865";"13382";"HAMBURGUESA PREM.POLLO LA CRIANZA 100 GRS";"156"
"808";"808";"CHARKI DE FILETE CZISCHKE";"8.208000000000002"
"7801930009254";"13388";"HAMBURGUESA SOYA VEGGIE 100 GRS";"145"
"845";"845";"COSTILLAR AHUMADO SCHWENCKE KG";"30.999999999999996"
"7801970000426";"13427";"HAMBURGUESA PREMIUM VACUNO LLANQUIHUE 100 GRS";"84"
"890";"890";"TRUTRO ALA  POLLO";"257.73199999999997"
"7801300000065";"13506";"PASTELERA CHOCLO FR.DEL MAIPO 1KG";"99"
"896";"896";"PEPPERONI GRAU 100GR";"12"
"13573";"13573";"CLAVO PARRILLERO";"64.372"
"901";"901";"JAMON CRUDO CZISCHKE";"14.138000000000002"
"7801300001024";"13612";"MIX BERRIES 400GR FRUTOS DEL MAIPO";"83"
"941";"941";"MALAYA TXAFQUINTUN KG";"77.27100000000002"
"7802100002525";"13800";"CERVEZA LATA LEMON STONES MARACUYA 350CC";"94"
"981";"981";"JAMON GLACE PF";"102.86799999999997"
"7801235552417";"14021";"SARDINAS EN ACEITE SAN JOSE 125GR.abt";"78"
"6921180820025";"1015";"SALSA DE SOYA CLARA PEARL RIVER 500ML ";"26"
"7801315151516";"14070";"PINAS EN RODAJAS ESMERALDA 567 GRS";"16"
"7613032203795";"1127";"CAFE NESCAFE TRADICION 170GR GRANULADO FRASCO";"27"
"7804682060054";"14078";"DURAZNOS DOS CABALLOS MITADES 590 GRS";"13"
"1193";"1193";"PAN CENTENO 500 GR LEHMANN";"124"
"7702367998138";"14417";"ATUN VAN CAMPS EN ACEITE 320 GRS";"21"
"1203";"1203";"QUESO DE CERDO 400G CECINAS GRAU";"19"
"14475";"14475";"MERMELADA SRA VIOLA CIRUELA C/AZ 500G";"3"
"78013315";"1353";"FLAN CHOCOLATE 100 GRS COLUN";"153"
"7801305004099";"14479";"POROTOS NEGROS WASIL 380 GR";"80"
"78013339";"1355";"FLAN MANJAR COLUN 100 GRS lct";"112"
"7801305004082";"14481";"LENTEJAS WASIL 380 GR";"20"
"7801505231905";"1402";"AZUCAR IANSA 5 KG";"23"
"78012523";"15042";"PALL MALL AZUL SOFT X 20";"177"
"7801875055149";"1454";"TE SUPREMO VERDE LIMON 20 BLS";"23"
"78025288";"15062";"KENT ONE WHITE X 20 ";"193"
"7801875052018";"1457";"TE MILDRED X 20 BOLSITA";"52"
"78019041";"15127";"PALL MALL X 10 BOX CLICK ON";"33"
"7801875061010";"1466";"TE HIERBAS SURTIDO SUPREMO X20.abt";"40"
"78019324";"15131";"LUCKY STRIKE BLUE X 20 SIN AD";"206"
"7802300000154";"1535";"SALSA DE TOMATE MALLOA SACHET 200GR. abt";"122"
"78028050";"15135";"PALL MALL GRIS X 20";"93"
"7802500037059";"1659";"SALSA DE TOMATE LUCCHETTI ITA 200GR ";"106"
"78025066";"15200";"PALL MALL SUNSET XL 20";"19"
"7802575001030";"1693";"FIDEOS CABELLOS DE ANGEL CAROZZI 400GR abt";"22"
"78028791";"15203";"LUCKY STRIKE COMPACT CLICK X20";"164"
"7802575004437";"1704";"FIDEOS SPAGHETTI 5 CAROZZI 400GR";"181"
"7801970001775";"15214";"ARROLLADO LAM LLANQUIHUE 150GR";"1"
"7802575007261";"1735";"LASAGNA TRADICIONAL CAROZZI 400gr";"33"
"7801970001959";"15221";"SALAME ITALIANO LLANQUIHUE 100GR";"101"
"1750";"1750";"LOMO KASSLER GRAU 250G";"26"
"7803403232114";"16023";"PRE PIZZA RECT 3 UNDS IDEAL 750 GRS";"48"
"7802575353047";"1831";"POMAROLA ITALIANA 200 GRS CAROZZI";"491"
"7803010800379";"16049";"LEVADURA INSTAN DRY YEAST COLLICO 500 GRS";"17"
"7802615006551";"1853";"ARROZ MIRAFLORES LARGO G1 1000GR abt";"151"
"7797453000475";"17070";"SOBRE PEDIGREE CARNE  RAZA PEQ 100 GRS";"117"
"7802640400270";"1892";"AJI CHILENO JB PET 240GR.abt";"54"
"7797453000550";"17112";"SOBRE WHISKAS SABOR POLLO 85 GR";"67"
"7802640400355";"1896";"KETCHUP JB PET 240GR.abt";"24"
"701822709347";"18227";"PASAS NEGRAS LOS FRUTOS 90 GR";"15"
"7802640720637";"1916";"AJI PEBRE JB 240GR  abt";"34"
"7802920009643";"19431";"LECHE COLUN CHOCOLATE S/LACTOSA 200ML";"239"
"7790250096078";"2330";"TOALLA HIG LADYSOFT ULTRADELGADA SUAVE 8 U";"26"
"7802920009605";"19434";"LECHE COLUN SEMIDESCREMADA 200CC";"38"
"7801875069351";"2638";"BOLSA DE BASURA SUPERIOR 50X70";"207"
"7500435113465";"20500";"DESODORANTE GEL GILLETE ANTI BAC 82GRS";"12"
"7801875150233";"2640";"PAPEL ALUMINIO ALUFOIL  4MTS.ABT";"45"
"8711700555135";"20703";"PEPSODENT WHITE NOW 75 ML";"1"
"7702026180324";"2712";"TOALLA HIG NOSOTRAS INVISIBLE SUAVE 10U";"15"
"21080";"21080";"CAFE MEDIANO NESCAFE";"306"
"7805000322014";"2857";"LAVALOZAS QUIX 750 CC ABT";"76"
"7803473005854";"22221";"MAGDALENAS TRES LECHES AGUA PIEDRA 2 UNDS";"21"
"3006";"3006";"PIMIENTO MORRON ROJO";"798"
"23020";"23020";"TOMATE";"1678.8829999999998"
"7891000248768";"3014";"CHOCOLATE KIT KAT NESTLE 41.5 GRS";"139"
"23023";"23023";"NARANJA KG";"206.69"
"3020";"3020";"PIMIENTO VERDE UN";"341"
"23025";"23025";"PLATANO";"1799.936"
"7613030612339";"3060";"SUPER 8 29GR C";"1147"
"23034";"23034";"ZANAHORIA";"567.9300000000002"
"7790040424166";"3191";"GALLETA MANA VAINILLA 393 GRS";"39"
"23038";"23038";"PINA UNIDAD";"30"
"78011748";"3345";"CHICLE BIGTIME AQUA 10GRpcr";"149"
"23041";"23041";"PIMIENTO AMARILLO";"154"
"7802200136939";"3428";"FRUGELE AMBROSOLI 430 GR pcr";"42"
"23048";"23048";"CEBOLLA MORADA KG";"175.076"
"7802215302053";"3488";"GALLETA GRAN CEREAL CLASICA 135G abt";"66"
"23051";"23051";"ZAPALLO CAMOTE";"296.461"
"7802215303401";"3498";"CHOCMAN XL COSTA 36GR.pcr";"322"
"23054";"23054";"TOMATE CHERRY KG";"321.041"
"7802215502026";"3503";"GALLETA SODA COSTA 160 GRS";"114"
"23061";"23061";"POMELO";"35.695"
"7802215502262";"3507";"GALLETA TUAREG COSTA 125G COCO";"179"
"23064";"23064";"PEPINOS DULCE";"31.909999999999997"
"7802215504679";"3514";"GALLETA NIK LIMON COSTA 71GR.abt";"154"
"23069";"23069";"UVA RED GLOBE";"392.4110000000001"
"7802215505027";"3518";"GALLETAS OBSESION DE COSTA 85 GRS";"191"
"23074";"23074";"AJI VERDE";"45.07699999999999"
"7802215505270";"3523";"GALLETA LIMON COSTA 140G ABT";"143"
"23084";"23084";"PEPINO ALASKA";"136"
"7802215505294";"3525";"GALLETA MANTEQUILLA COSTA 140GR.abt";"162"
"23097";"23097";"DURAZNO NECTARIN";"139.94500000000002"
"7802215505409";"3527";"GALLETA COCO COSTA 125GRS ABT";"100"
"23105";"23105";"CIRUELA";"1.55"
"7802215508530";"3537";"GALLETAS DONUTS CHOCOL BLANCO 100 GR";"214"
"23201";"23201";"TOMATE POMAROLA";"6.614999999999999"
"7802215511011";"3540";"GALLETA COSTA CRACKELET 85 grs  abt";"548"
"7802800576449";"24056";"JUGO LIVEAN DURAZNO 7G";"83"
"7802215514326";"3554";"GALLETAS OBSESION COSTA MENTA 85 GR";"115"
"7802800576692";"24060";"JUGO LIVEAN PERA 7 GRS";"94"
"7802215515019";"3560";"GALLETAS GRETEL CHOCOLATE 85 GRS";"133"
"7802810006837";"24098";"MANTECA ASTRA  200G. lct";"41"
"7802215515347";"3565";"GALLETA COSTA CHAMPANA 85G abt";"66"
"7802810031020";"24110";"MERMELADA WATTS DURAZNO 225 GRS";"29"
"7802225310635";"3640";"CARAMELOS 1/2 HORA 400 G";"6"
"7802810031082";"24114";"MERMELADA WATTS FRAMBUESA 225 GRS";"55"
"7802225632607";"3834";"GALLETA VERDI VINO 160G";"35"
"7802920003023";"24158";"LECHE ENTERA EN POLVO COLUN120GR";"31"
"7802225683661";"3915";"SODA SELZ BIOSAL 180G abt";"136"
"8801055709212";"24171";"CAFE NESCAFE FINA SELECCION 100 GR.FRASCO";"31"
"7802230070029";"3945";"CHOCOLATE TRENCITO DE LECHE150GR NESTLE ";"192"
"7802950002126";"24175";"CAFE NESCAFE TRADICION 170GRabt";"67"
"7613287755810";"3952";"GALLETA BANADA CHOKITA NESTLE 30GR.PCR";"309"
"7613030121046";"24191";"MILO RECARGA 300GR.";"44"
"7802230081162";"3957";"GALLETA KUKY CLASICA MCKAY 120GR.abt";"130"
"7802950005936";"24221";"CALDO MAGGI GALLINA x 8 unidades.abt";"32"
"7802100006097";"4081";"CERVEZA LATA LEMON STONES 350CC.lvb";"60"
"7803600031275";"24343";"SAL LOBOS FINA 1 KL";"158"
"7802105000724";"4106";"MARTINI ROSSO 750CC ";"9"
"7808704700843";"24362";"ESPUMANTE MISIONES DE RENGO 750 BRUT";"205"
"7802175455493";"4268";"PISCO CAMPANARIO SOUR LITRO";"7"
"7803960000362";"24383";"AVENA INSTANTANEA OSO 500GR";"186"
"7802180068169";"4283";"ESPUMANTE VALDIVIESO BRUT 750CC.LVB";"48"
"7803960000386";"24385";"PURE DE PAPAS HOFFMANN 125GR.abt";"72"
"7804300004002";"4287";"VINO GATO TTA.1000CC TINTO";"74"
"7803960100307";"24390";"HARINA TOSTADA OSO HOFFMANN 1KG.abt";"7"
"7804300121457";"4295";"VINO GATO TTA.2000CC. BLANCO lvb";"59"
"24642";"24642";"CAFE NESCAFE SOBRE 2GR  abt";"356"
"7804300122935";"4303";"VINO GATO BLANCO 1500CC.BOTELLA";"13"
"7792710000182";"24735";"YERBA MATE AMANDA 500 GRS";"46"
"7804330000944";"4442";"VINO 120 TRES MEDALLAS CARMENERE 700CC";"9"
"7805040004765";"24747";"CHANCACA DELICIOSA 400 GRS";"38"
"7804300122089";"4642";"VINO TTRA. SANTA HELENA 500CC TINTO";"43"
"7802920009803";"24780";"LECHE COLUN POLVO 900 GR";"33"
"7802130003394";"4646";"CERVEZA QUILMES LATA 710 CC";"404"
"7802351131203";"24808";"ACEITUNAS SEVILLANAS DON JUAN 200GRS";"71"
"7804300122096";"4675";"VINO TTRA. SANTA HELENA BLANCO 500CC";"69"
"7802500007038";"24965";"FIDEOS TALLIANI TALLARINES 77 400 GRS";"55"
"7804615340246";"4766";"CERVEZA KROSS GOLDEN 710 CC";"34"
"7802500007045";"24967";"FIDEOS TALLIANI TALLARINES 78 400GRS";"91"
"7802100001092";"4892";"CERVEZA CRISTAL CERO 355 ML BOT";"20"
"021000070237";"24993";"MAYONESA KRAFT SQUEEZE 315 GRS";"53"
"7804320333175";"4920";"VINO MARQUES DE CASA CONCHA CAB/SAUV 750 ML";"3"
"7804165000089";"25023";"HUEVOS BLANCO GRANDE X 6 EL MONTE";"535"
"7801610001042";"5027";"BEBIDA COCA COLA 1000CC RETORNABLE";"63"
"7801315000326";"25138";"CAFE COPACABANA 250 GRS MOLIDO ";"190"
"7801610001295";"5031";"BEBIDA COCA COLA RETORNABLE 2 LTS LVB";"143"
"8445291178977";"25148";"CAFE NESCAFE VAINILLA 8 UNDS";"25"
"7801610005262";"5055";"BEBIDA SPRITE 1500CC DESECHECHABLE  lvb";"121"
"7802410203933";"25178";"OREGANO ENTERO GOURMET 30 GRS FCO";"8"
"7801610022122";"5063";"BEBIDA LATA COCA COLA LIGHT 350CC lvb";"141"
"7802410400233";"25184";"SALSA DE SOYA LIGHT GOURMET 500 GRS";"19"
"7801610022726";"5068";"BEBIDA COCA COLA LIGTH 1.5CC DESECHABLE LVB";"105"
"7802410305033";"25190";"CALLAMPAS GOURMET 35 GRS";"8"
"7801610223727";"5094";"BEBIDA SPRITE ZERO 1500CC DESECHECHABLE lvb";"114"
"7802410002826";"25201";"PESTO GOURMET 190 GRS";"35"
"7801610350256";"5108";"BEBIDA COCA COLA ZERO 2000CC.RETORNABLE   LVB";"177"
"7802410110224";"25205";"PIMENTON PAPRIKA GOURMET 100 GRS";"55"
"7801610350409";"5110";"BEBIDA COCA COLA ZERO 1500CC. DESECHABLE  lvb";"1301"
"7802410370185";"25212";"CREMA ZAPALLO GOURMET 53GRS";"45"
"7801620006518";"5165";"BEBIDA PAP ZERO 2LT. DESECH";"68"
"7802410195375";"25271";"OREGANO ENTERO GOURMET 20 GRS";"70"
"7801620006600";"5198";"AGUA MAS 1.6 LT CITRUS";"192"
"7802410102434";"25281";"PIMIENTA GRUESA MOLIDA GOURMET 15 GRS";"39"
"7801620011611";"5216";"NECTAR WATTS DURAZNO 1.5 LT";"210"
"7802410595380";"25285";"ENELDO GOURMET 8 GRS";"39"
"7801620011635";"5218";"NECTAR WATTS PINA 1500CC DES LVB";"172"
"7802410131373";"25287";"COMINO MOLIDO GOURMET 15 GRS";"61"
"7801620014681";"5223";"BEBIDA PEPSI 2000CC DESECHABLE LVB";"260"
"7802410251378";"25297";"PIMIENTA NEGRA MOLIDA GOURMET 15 GRS";"75"
"7801620009694";"5226";"AGUA MINERAL CACHANTUN 600CC C/GAS";"202"
"7802410101871";"25300";"JENGIBRE MOLIDO GOURMET 15 GRS";"19"
"7801620290184";"5257";"BEBIDA LATA BILZ 350CC LATA  lvb";"59"
"7802575341150";"25308";"SALSA TOSCANA ARRABBIATA 200 GRS CAROZZI";"76"
"7801620300210";"5264";"BEBIDA PAP 2 LT DESECHABLE LVB";"149"
"7802575341143";"25311";"SALSA TOSCANA AL PESTO CAROZZI 200 GRS";"57"
"7801620360153";"5283";"BEBIDA LATA CANADA DRY 350CC lvb";"94"
"7891021006866";"25338";"CAFE MELITTA ESPECIAL 500 GRS";"31"
"7801620370107";"5287";"AGUA TONICA CANADA DRY 1500CC DESECH";"93"
"021000026326";"25380";"MAYONESA KRAFT TRAD 789 GRS";"137"
"7801620852955";"5294";"AGUA MINERAL CACHANTUN 1.6 LTS C/G DESE";"256"
"7802500008080";"25390";"FIDEOS TALLIANI RIGATI 400 GRS";"60"
"7802575220110";"5315";"NECTAR SPRIM NARANJA 190 ML..lvb";"73"
"5063305007872";"25524";"TE LIPTON ROYAL CEYLON 100 BLS";"11"
"7802820020953";"5369";"AGUA MINERAL VITAL C/GAS1600CC DESECH";"245"
"7802410371038";"25538";"CREMA CHOCLO S/PARA UNO GOURMET 18 GRS";"50"
"7802820441512";"5415";"AGUA BENEDICTINO S/GAS 1.5CC ";"214"
"7802410000341";"25548";"CONSOME POLLO PARA UNO 15 GRS GOURMET";"64"
"7802820500035";"5421";"NECTAR ANDINA DURAZNO 1500CC. DES.lvb";"68"
"7802410053613";"25594";"ALBAHACA GOURMET 6 GRS";"18"
"7802820600209";"5437";"AGUA MINERAL VITAL 600CC sin gas lvb";"134"
"7793750000163";"25636";"YERBA PIPORE SUAVE 500 GRS";"40"
"7802820700091";"5463";"NECTAR ANDINA NARANJA 200CC";"85"
"7613034635525";"25674";"BEBIDA EN POLVO MILO 700G TARRO ";"7"
"7802820700473";"5471";"NECTAR ANDINA MANZANA 200CC lvb";"123"
"7808743602467";"25739";"POROTO TORTOLA BONANZA G2 1 KG";"23"
"7802900480035";"5528";"NECTAR SOPROLE TTA.1000CC PINA lvb";"79"
"7804647990228";"25751";"PAPAS MIX HUERTO DEL RANCO 650G";"281"
"7802900480066";"5530";"NECTAR SOPROLE TTA. 1000CC NARANJA lvb";"68"
"7805045001134";"26144";"JABON POPEYE VERDE 170 GR.abt";"16"
"7802900480165";"5532";"NECTAR SOPROLE TTA.1000CC MANZANA.lvb";"58"
"7790520023957";"26164";"PASTILLA ESTANQUE LYSOFORM 40GR X3";"8"
"9002490100070";"5573";"ENERGETICA RED BULL 250 ML";"541"
"7806300010038";"26219";"FOSFOROS LOS ANDES 220 unidades abt";"42"
"7802820678048";"5596";"BEBIDA ISOT POWERADE FROZEN BLAST 1.1 LTS";"77"
"7806500962809";"26284";"TOALLA LADYSOFT NOCT ULTRAD MALLA X7";"64"
"7802820250244";"5599";"KAPO MANSOO MANZANA 252 ML";"27"
"7806810104005";"26387";"ESPONJA BONOBRIL VIRUTEX MEDIA 110400";"95"
"7802820250206";"5604";"KAPO MANSOO NARANJA 252";"27"
"7806500225522";"26628";"SERVILLETA ELITE MESA 50 UNDS 33X33CMS";"113"
"7801610671030";"5632";"BEBIDA FANTA ZERO DESE. 1.5 LTS";"83"
"7802215166785";"26643";"CEREAL MONO CRUNCH ROLLS 200 GRS";"35"
"7801610000571";"5664";"BEBIDA COCA COLA 591 ML";"560"
"7805000323608";"26733";"LAVALOZAS QUIX ULTRA CONCENT 300 ML";"74"
"7801620005160";"5693";"GATORADE COOL BLUE 1 LTS";"219"
"7802351111304";"26816";"ACEITUNA AZAPA DON JUAN 200 GRS";"57"
"9002490214852";"5836";"ENERGETICA RED BULL SUGARFREE 250 ML";"126"
"650240035401";"26838";"JABON ASEPXIA CARBON BARRA 100 GRS";"2"
"7801620005153";"5926";"GATORADE FRUTAS TROPICAL 1 LTS";"90"
"7809604028464";"26976";"PROTEC.DIARIOS KOTEX 40 UNDS";"32"
"7802820700053";"5965";"NECTAR ANDINA NARANJA 1.5 LTS";"94"
"78068315";"27094";"CHICLE BIGTIME STRONG 11 GR";"229"
"7802820990102";"5977";"AGUA VITAL 990 ML  S/G";"98"
"7803960000478";"27715";"POLENTA OSO 500 GRS";"9"
"7802626161010";"6012";"HARINA COLLICO  C/POLVO DE HORNEAR 1 KILO";"93"
"7790040425446";"27746";"ALFAJOR BON O BON 3 CAPAS 60 GRS";"132"
"7804672400006";"6099";"HUEVOS LA PRADERA EXTRA X 12";"296"
"7802225640770";"28046";"GALLETA BON O BON TRAD 95 GRS";"234"
"7801220311104";"6322";"ARVEJAS MINUTO VERDE 500G";"96"
"7802215502019";"28089";"GALLETA VIVO AGUA 140 GRS";"60"
"7802920009070";"6324";"YOGURT BAT COLUN NATURAL 0% GRASA 120G";"685"
"7802225688758";"28123";"GALLETA ROCKLETS VAINILLA 165 GR";"27"
"6337";"6337";"LOMO KASSLER LAM 250 GRS BRAUNAU";"12.711999999999998"
"7803525001001";"28215";"QUEQUE BROWNIE NUTRA BIEN S/AZUCAR 250 GRS";"49"
"6348";"6348";"QUESO CABEZA LAMINAR BRAUNAU";"24.741999999999994"
"7803525999704";"28218";"QUEQUE BROWNIE NUTRA BIEN MARMOL 250 GRS";"56"
"7804650730125";"6355";"PATE KRAUTERLEBERWURST BRAUNAU 150G";"55"
"079344007204";"28238";"QUEQUE DE CHOCOLATE SCHLUNDER 400GRS";"61"
"7804650730163";"6357";"PATE TEEWURST BRAUNAU 150G";"95"
"8410376035407";"28261";"GALLETA CHAMPAGNE GULLON 200 GRS";"59"
"6366";"6366";"QUESO FRESCO DEL PRADO APROX 600G";"143"
"7802215108174";"28327";"ROLLS NUTS 150 GRS COSTA";"69"
"6368";"6368";"YOG SKYR C/SALSA FRAMB DEL PRADO 500G";"70"
"7802220140749";"28331";"CHOCOLATE IN KAT XL MANI 90 GRS";"45"
"7801220000657";"6382";"PAPAS DUQUESAS MINUTO VERDE 1K";"21"
"079344007235";"28384";"QUEQUE LIMON SCHLUNDER 400 GRS";"25"
"7801300004056";"6510";"AROS DE CEBOLLA 350GRS FRUTOS DEL MAIPO";"12"
"7802215104855";"28566";"CHOCOLATE D/LECHE COSTA RAMA 115 GRS";"29"
"6525";"6525";"LONGANICILLA MERKEN BRAUNAU";"2.45"
"7802920011530";"6591";"LECHE ORIGEN CHOCOLATE 1L COLUN";"157"
"6723";"6723";"ROLLITO NEW YORK MOULIN";"103"
"7801930011882";"7038";"JAMON PIERNA ART CORTE PLUMA RDA 125G";"160"
"7802080000726";"7085";"QUESO CABRA TILO OLIVA OREGANO 200GR";"30"
"7804635611340";"7303";"CAMARON 36/40 PEL CR GLOBAL FROZEN 1K";"193"
"7802920010625";"7505";"YOG COLUN KEFIR FRUTILLA 120G";"374"
"798190093451";"7575";"ALFAJOR COCO LOS TORREONES ";"120"
"798190093420";"7779";"ALFAJOR MOUSSE CHOC TORREONES";"147"
"8445291178526";"7882";"CASSATA 0% CHOCOLATE SAVORY 1L";"18"
"7804627651088";"8001";"MIX VEGETALES BUKA ORIGINAL 150 GRS";"143"
"7801970026082";"8195";"SALCHICHAS A/V LLANQUIHUE 1 KG";"146"
"7801970026402";"8197";"PATE TERNERA LLANQUIHUE 125 GRS";"98"
"7802920116013";"8211";"QUESO COLUN RALLADO PARMESANO 40GR ";"94"
"7809569600323";"8222";"SALCHICHAS PACEL SIN PIEL 1K";"136"
"7801930007120";"8289";"SALCHICHA PREMIUM 5 UNDS R.ABUELO";"282"
"7802920115504";"8364";"QUESO COLUN RANCO 150 GR";"99"
"7801970026174";"8469";"LONGANIZA LLANQUIHUE 250 GRS";"53"
"7801970026433";"8473";"PATE TEEWURST  LLANQUIHUE 125 GRS";"109"
"7801970000983";"8476";"PETIT SALAMIN LLANQUIHUE 200GRS";"41"
"7801970026204";"8488";"CHORIZO PARRILLERO 250 GRS LLANQUIHUE";"16"
"7801930008622";"8500";"SALAME ARTESANAL RECE DEL ABUELO 100 GRS";"70"
"8531";"8531";"JAMON PIERNA ARTESANAL LA CRIANZA";"7.734"
"7801970001850";"8549";"MORTADELA BRESLAUER 400 GRS LLANQUIHUE";"74"
"7802920005836";"8557";"QUESO LOS ALERCES FUNDIDO CHEDDAR 160 GR";"145"
"7802920005843";"8580";"QUESO LOS ALERCES FUNDIDO MANTECOSO 160 GR";"52"
"7801970026198";"8603";"CHORIZO PARRILLERO LLANQUIHE 500 GRS";"31"
"8646";"8646";"ACEITUNA VERDE RELLENA PIMENTON";"37.155"
"7801970001713";"8667";"JAMON ARTESANAL LAM LLANQUIHUE 150G";"108"
"8707";"8707";"JAMON DE PAVO COCIDO SOPRAVAL";"48.654000000000025"
"7804642980460";"8782";"CHORIZO PARRILLERO 4 UNI SCHWENCKE";"54"
"8910";"8910";"ENTRANA CAT U";"44.607"
"8964";"8964";"MORTADELA JAMONELA LLANQUIHUE KG";"5.816999999999999"
"7613031370320";"9037";"CHAMYTO X 6 UNDS FRUTILLA NESTLE";"38"
"7613032415679";"9063";"CREMA DE LECHE  NESTLE 236 GR";"28"
"78013285";"9148";"JALEA FRAMBUESA COLUN 100 GR";"946"
"7802900001308";"9185";"LECHE ENTERA SOPROLE TTA.1000CC. LCT";"84"
"7802900214074";"9212";"POSTRE MANJARATE BLACK SOPROLE 80G";"50"
"7802900004231";"9273";"FLAN CARAMELO SOPROLE 110G LCT";"100"
"7802900300029";"9286";"YOG BATIDO SOPROLE FRUTILLA 165G";"90"
"7802900332402";"9318";"YOG 1+1 SOPROLE  ZUCARITAS 140G";"354"
"7802900238384";"9366";"UNO AL DIA SOPROLE FRAMBUESA PACK X 6";"52"
"7802900605001";"9383";"MARGARINA SOPROLE 250GR.lct";"49"
"7802900001414";"9389";"YOG PROTEIN + NATURAL SOPROLE 155G";"501"
"7802920000091";"9407";"LECHE COLUN SEMIDESCREMADA 1L";"954"
"7802920000190";"9409";"YOGURT COLUN CEREZA 1K";"155"
"7802920000718";"9415";"QUESILLO COLUN 160GR ";"84"
"7802920000930";"9425";"YOGURT BATIDO COLUN FRUTILLA 125GR";"315"
"7802920000954";"9427";"YOGURT BATIDO COLUN VAINILLA 125GR";"766"
"7802920000978";"9429";"YOGURT BATIDO COLUN MORA 125GR ";"323"
"7802920000992";"9431";"YOGURT BATIDO COLUN PINA 125GR";"591"
"7802920010946";"9433";"YOG ALERCES FRUTILLA 120G";"230"
"7802920010786";"9437";"YOG BAT COLUN LIGHT END NAT VAINILLA 120 GR";"153"
"7802920010762";"9440";"YOG BAT COLUN LIGHT END NAT FRAMBUESA 120 GR";"230"
"7802920010991";"9442";"YOG ALERCES MORA 120G";"138"
"7802920202105";"9450";"MANTEQUILLA COLUN 125GR ";"874"
"7802920221328";"9454";"MANJAR COLUN 400GR";"70"
"7802920423609";"9457";"QUESO COLUN RALLADO REGGIANITO 40GR";"168"
"7802920759135";"9461";"LECHE COLUN FRUTILLA 200CC ";"210"
"7802950004892";"9471";"MANJAR NESTLE 1 KILO  lct";"23"
"7802920008158";"9493";"LECHE CARAMELO 330 CC LIGHT COLUN";"24"
"8445291792562";"9507";"CHANDELLE CREMA MANJAR 130 GRS";"121"
"7613037839326";"9543";"COMPOTA MANZANA NESTLE 120GR.lct";"80"
"7808709500790";"9568";"LECHE SURLAT TTRA S/LACTOSA SEMIDES 1 LTSt";"38"
"8445291218802";"9585";"SEMOLA SALSA DE CARAMELO NESTLE  130G";"71"
"7802920801087";"9591";"LECHE COLUN CHOCOLATE SEMIDES 1L";"205"
"7802920242538";"9596";"YOGURT COLUN PINA 1K";"102"
"7802920801704";"9613";"YOGURT COLUN DAMASCO 1K";"97"
"7802910303201";"9644";"LECHE YOGU YOGU MORA  200CC";"58"
"7802900202019";"9680";"POSTRELECHE ASADA SOPROLE 120 GRS";"85"
"7802900000301";"9705";"YOG BATIFRUT SOPROLE  FRUTILLA  165G";"225"
"78014046";"9709";"JALEA GUINDA COLUN 100 GR";"987"
"7802920777283";"9714";"CREMA P/BATIR 200 CC COLUN ";"824"
"78014053";"9723";"JALEA PINA COLUN 100 GR ";"477"
"7802920801858";"9740";"LECHE COLUN ENTERA  200 ML";"342"
"7802900235253";"9750";"YOGHURT S/LACTOSA VAINILLA 120 GR SOPROLE";"36"
"7802900001339";"9783";"QUESO MANTECOSO QUILQUE 250 GR.";"158"
"7802920010717";"9796";"YOG BAT COLUN LIGHT END NAT VAINILLA 900G";"50"
"7802920003177";"9819";"YOGURT COLUN NATURAL 1K";"136"
"7802920203409";"9868";"MANTEQUILLA COLUN 250 GR S/SAL";"248"
"7802930004843";"9881";"YOG QUILLAYES GRIEGO 0% BERRIES 800GR";"28"
"7802920001326";"9887";"MANTEQUILLA COLUN 200 GR POTE";"127"
"9896";"9896";"FRUTILLA PRODUCTOR LOCAL ";"400.51"
"7802920116006";"9908";"QUESO COLUN RALLADO PARMESANO 80GR";"176"
"10";"10";"POSTA ROSADA  CAT V NACIONAL KG";"420.74499999999995"
"7802920005782";"9915";"LECHE COLUN PLATANO 200CC";"10"
"14";"14";"HIGADO DE VACUNO";"158.79800000000003"
"7802900001421";"9929";"LECHE PROTEIN SOPROLE CHOCOLATE 1LT";"64"
"24";"24";"QUESO DE CABEZA SABROSUR rtc";"49.39200000000001"
"7802955007799";"9941";"YOGHURT GRIEGO NATURAL S/AZUC 150 GRS";"697"
"39";"39";"MORTADELA JAMONADA PACEL";"115.043"
"7802920002293";"9992";"QUESILLO COLUN FRESCO 350 GR";"103"
"43";"43";"LONGANIZA PACEL RTC";"52.273999999999994"
"7804612131274";"10083";"ENCENDEDOR RONSON PIEDRA";"198"
"49";"49";"QUESO CREMOSO RIO CRUCES";"494.6199999999999"
"7802810011572";"10506";"JUGO 100% MANZANA WATTS 200ML";"36"
"75";"75";"COSTILLAR DE CERDO";"146.58200000000002"
"7801930011868";"10527";"PECHUGA COCIDA RDA CTE PLUMA 125G";"124"
"78";"78";"TRUTRO ENTERO  POLLO ";"2098.539"
"7802910008656";"10573";"MANTEQUILLA LAS PARCELAS 200G";"74"
"95";"95";"LONGANIZA SABROSUR";"160.38500000000002"
"7802920006352";"10600";"QUESO RIO BUENO LAM 250 GR";"233"
"112";"112";"ARROLLADO HUASO BRAUNAU";"12.663999999999998"
"799192174575";"10605";"GALLETAS SURTIDAS TRICA 300 GRS";"516"
"8412765508905";"800003493";"ENCENDEDOR CLIPPER DISEÑO";"19"
"8445291239128";"25147";"CAFE NESCAFE MOKA 8 UNDS";"13"
"7802200122055";"800003557";"CARAMELO OLD ENGLAND TOFEE SURT 450 GRS";"7"
"7802410225300";"25198";"SALSA DE AJO GOURMET 165 CC";"2"
"6301618000302";"800004111";"ALMENDRAS TOSTADAS C/SAL TERRANUT 90G";"23"
"7802410370147";"25222";"CREMA CHAMPINONES GOURMET 50 GRS";"12"
"7808729602290";"800004236";"VINO CASAS PATRONALES LATE HARVEST 500CC";"5"
"5063305007865";"25572";"TE LIPTON ROYAL CEYLON 50 BLS";"4"
"7755120813902";"800004428";"MONDADIENTES X 250 UNDS GLOBAL P.";"19"
"7802420510083";"26809";"CHAMPINONES LAM. ESMERALDA 400 GRS";"4"
"7803183180353";"800004575";"HELADO MANJAR DE CAMPO PUDU";"11"
"7805000315177";"27868";"JABON LIQU.LE SANCY PEPINO ALOE VERA 750 ML";"3"
"7804661490490";"800004623";"ACEITE DE COCO KOE 200 GRS";"9"
"7803520002232";"28439";"GALLETAS S/GLUTEN CHOCO CHIPS ECOVIDA 150 GRS";"9"
"7804315012924";"800004673";"ESPUMANTE LA DOLCE VITA PREMIUM BRUT 750CC";"1"
"7614500035788";"28606";"TOBLERONE 200 GRS";"10"
"7500435019712";"800004889";"SHAMPOO H&S PROTECCION CAIDA 360ML";"6"
"7791130007160";"30169";"LIMPIAVIDRIOS GLASSEX 500 ML GATILLO";"3"
"7622210293381";"800004918";"CHOCOLATE MILKA MAX OREO 300G";"9"
"7501003698513";"40045";"TEQUILA OLMECA REPOSADO 700CC ";"2"
"7804000001646";"800004945";"CEREAL EN LINEA HOJUELAS MAIZ 330 GRS";"8"
"7804320510187";"40288";"VINO CASILLERO DEL DIABLO MALBEC RSV 750CC";"5"
"7804000001837";"800004947";"CEREAL EN LINEA KIDS FRUTAL 330 GRS";"16"
"5000329002254";"40406";"GIN BEEFEATER 750 ML 40  ";"11"
"7804000002100";"800004952";"CEREAL EN LINEA PROTEINA 300 GRS";"8"
"7804340901057";"40462";"VINO TARAPACA GRAN RSVA CARMENERE 750CC ";"16"
"7804000002322";"800004983";"KETCHUP EN LINEA 350 GRS";"5"
"8445290262790";"50309";"LA CREMERIA CRUNCHY RAPSBERRIES 1L";"16"
"7804000002865";"800005003";"GALLETAS EN LINEA LIMON 120 GRS";"34"
"041789001918";"60002";"SOPA INSTANTANEA MARUCHAN POLLO 64 GR";"8"
"7701362014881";"800005031";"CAFE JUAN VALDEZ  DULCE DE LECHE 95G";"2"
"7801305002446";"60163";"CHAMPINONES ENTEROS WASIL 400 GR";"3"
"4792252915077";"800005148";"TEA BOOK BASILUR MAGIX FRUIT 32 BLS";"4"
"7802926001771";"60247";"HELADO 0% AZUCAR F DEL BOSQUE SN FCO 1LT";"14"
"7790380270027";"800005247";"MANTECOL CLASICO 111 GRS";"79"
"7613287426635";"61555";"POSTRE SAHNE NUSS 100G";"1"
"7802225590365";"800005285";"CHOCOLATE TABLETA BON O BON 270 GRS";"12"
"78030442";"65302";"LUCKY STRIKE ECLIPSE 20";"37"
"7803111003310";"800005323";"CEBOLLA CARAMELIZADA PERFECT CHOICE 320 GRS";"4"
"0745853443825";"70004";"SUCEDANEO LONGANICILLA  270G";"4"
"0764451319806";"800005487";"SALSA MERKEN AJO REY TREBOL 190GRS";"17"
"8445291524972";"94561";"MEGA TRIO FRAMBUESA 450 ML SAVORY";"3"
"7808304351995";"800005503";"BOMBON VALENTTE 200 GRS";"11"
"7613036672887";"94574";"ALIMEN GATO CATCHOW 3KG";"6"
"096572008087";"800005613";"CAFE SAQUELLA ESPRESSO ORO MOLIDO 250G LATA";"8"
"7891000332467";"94597";"ALIMENT HUMEDO PURINA ONCE GARO MULTIPROTEIN 85G";"53"
"7802237001279";"800005674";"DIP BABA GANOUSH SUK 175 GRS";"4"
"7707211632169";"300146";"CAFE JUAN VALDEZ VANICANELA 95 GR";"4"
"7804671160307";"800005699";"CÓCTEL MOSCOW MULE 100% NATURAL 1 LTLA PIZKA";"7"
"7461323129275";"300433";"RON BARCELO ANEJO 750ML";"6"
"7802420000256";"800005771";"PINAS EN CUBITOS ESMERALDA 567 GRS";"18"
"7804335002646";"300680";"VINO CARMEN PREMIER MERLOT 750ML";"3"
"799192075230";"800005907";"CERVEZA EL GROWLER PILSEN 330 CC LATA";"10"
"084773602203";"300879";"SURTIDO CALDILLO EN ACEITE ROBINSON CRUSOE 425 GRS ";"4"
"7804654940490";"800006014";"CONEJO PASCUA DULCE LLUVIA 90 GRS";"6"
"7803525000769";"303393";"GALLETAS NUTRABIEN CHOCO CHIPS 75 GRS";"32"
"7805000322007";"800006020";"LAVALOZAS QUIX 1200 ML";"26"
"7809527600075";"500010";"VINO HUASO CHILENO CARMENERE 750 CC ";"7"
"7802820191004";"800006089";"NECTAR ANDINA MULTI FRUTILLA 200 CC";"68"
"7804454001360";"500017";"VINO DONA DOMINGA RSVA CAB SAUV 750 CC";"7"
"793969039081";"800006165";"GRANOLA GRANOLERA POLINESIA FRASCO 350 GRS";"1"
"7804666810057";"849563";"NAT CRACKERS ACEITUNAS VERDE 160GR";"5"
"769503436029";"800006176";"AMPOLLETA LED WELLMAX ECON 9W CALIDA";"35"
"7809620700672";"5009117";"MIEL TINEO KLAASSEN 500 GRS.";"10"
"8002200108014";"800006304";"CAFE KIMBO GRANO MOLIDO CLASSICO 250 GR";"19"
"7802410002208";"5009478";"CALDO EN POLVO COSTILLA 48GRS";"12"
"799192149900";"800006497";"SALSA AJI CACHO CABRA POT COLONOS";"17"
"0614143234033";"5009729";"TE SENSORIAL HIERBAS BUENAS 50GRS";"13"
"07363727060102";"800006645";"SANDWICH APETITOSO BURGER 300 GRS NETO VEGY";"7"
"7802960000389";"5010647";"CREAM CHEESE LIGHT SOFT 150GRS STA ROSA";"27"
"7804619041859";"800006708";"VINO VERAMONTE GRAN RSVA CARMENERE 750 CC";"5"
"7802930004027";"5010855";"QUESO PARMESANO QUILLEYES TZ 200GR";"11"
"7802100005960";"800006801";"CERVEZA LATA LEMON STONES BERRIES 350 CC";"94"
"084773601268";"5010963";"CHORITOS AL NATURAL ROBINSON CRUSOE 425 GRS ";"6"
"7802100005823";"800006803";"CERVEZA SOL MANGO 350 ML LATA";"5"
"084773601411";"5010972";"CHORITOS EN SALSA PICANTE ROBINSON CRUSOE 190 GR";"22"
"7792710000151";"800006902";"YERBA MATE AMANDA SAQUITOS 25U";"11"
"084773601787";"5011082";"SALMON TROZ ACEITE ROBINSON CRUSOE 170 GR";"10"
"7790040424173";"800007044";"GALLETA MANA CHOCOLATE 393 GRS";"14"
"8410113002143";"5011199";"VINO LAS MULAS SAUVIGNON BLANC 750 CC";"8"
"7808725408742";"800007122";"VINO PENINSULA RSVA CAB SAUV 750 CC";"1"
"7804632980012";"5011298";"QUESO CAMEMBERT 150GRS ARTISAN ";"20"
"7804676652388";"800007196";"AMBIENTAL DOÑA GABY AMB MAGICOS FRESCURA 320 ML";"5"
"2007781000579";"5011413";"BOMBON MAZAPAN 140G TRADICION DEL SUR ";"6"
"7790580419912";"800007238";"BOLSA BUTTER TOFFE DULCE DE LECHE 350GR";"8"
"7804632980289";"5011540";"YOGURT GRIEGO ARTISAN 360GR";"41"
"5063270111079";"800007281";"TE PUKKA LEMON, GINGER & MANUKA HONEY 20 BLS";"4"
"7808734200160";"5011569";"VINO LEYDA CARMENERE 750CC";"10"
"5065000523183";"800007373";"TE PUKKA NIGHT TIME 20 BLS";"11"
"7802500008011";"5011799";"FIDEOS TALLIANI 51 CABELLITOS 400GRS";"23"
"7804673910078";"800007377";"SET X5 BARRA WILD PROTEIN CHOCOLATE";"17"
"8000070010000";"5012211";"CAFE DESCAFEINADO 250 G LAVAZZA";"5"
"7804671600872";"800007387";"VINO 2 X 2 STATE CARMENERE 750 CC";"5"
"7809636300781";"5012414";"VINO CALITERRA RESER.CARME.750CC";"12"
"8434165443358";"800007409";"GALLETA CUETARA MARIA 200 GRS";"32"
"7804647990013";"778431421";"PAPA MALLA ROJA 5 KILOS HUERTOS DEL RANCO ";"27"
"7891000409640";"800007430";"CHOCOLATE TABLETA CHOCOTRIO PRESTIGIO 90 GRS";"13"
"7804632980197";"778431750";"YOG ARTIFRUT GRIEGO DURAZNO 150G";"28"
"658325042375";"800007439";"DISPLAY CAFE MARLEY CARAMEL LATTE 8 SOBRES";"2"
"7797453001519";"778431923";"ALIMENTO PEDIGREE CACHORRO 3 KLS";"3"
"7802225513111";"800007492";"BOMBON BON O BON TENTACIONES FRAMB 192G";"15"
"7802705613645";"778432567";"HELADO BRESLER VIENNETTA CLASICA 1 L";"8"
"799192631870";"800007572";"GIN DUENDE ORIGINAL 700 CC";"5"
"0761847043079";"778432767";"MOSTAZA TRADICIONAL NOBLEZA ARTESANAL 220G";"3"
"7802110003581";"800007606";"CAPEL ICE SANDIA 275 ML";"43"
"9002859082153";"778432807";"LATA BARQUILLO HELENA CR AVELLANA 400G";"6"
"745853975456";"800007637";"CERVEZA TROPERA BOTA SUCIA 473 CC";"25"
"7801510000046";"778433032";"SALMON MARINADO ENELDO VONFACH 150G";"13"
"6301618001798";"800007700";"MANTEQUILLA DE MANI TERRANUT CRUNCHY AVELL NAT 400GR";"11"
"7790520019851";"778433124";"DESOD AMB GLADE MINI GEL LAV 70G";"10"
"2007781004126";"800007712";"BOLSA NARANJITAS TDS BITTER 55%";"7"
"7801930011783";"778433250";"SALAMIN ARTESANAL 200 GRSRDA ";"20"
"78031593";"800007722";"VAP VUSE GO 5000 MANGO ICE";"3"
"7808729601224";"778433328";"VINO CASAS PATRONALES CHARD RSVA 750CC";"32"
"609143581515";"800007772";"ALOE VERA MICOLAND SABOR ORIGINAL  1,50 L";"9"
"4006581061078";"778433722";"CAFE EN CAPSULAS MOVENPICK ITALIANO 10U";"9"
"7804664500301";"800007799";"PAPAS HILO WANIA 500GR";"9"
"7801510000107";"778434118";"SALMON AHUMADO LAMINADO 200 GR VONFACH";"20"
"0799192572807";"800007849";"PEPINOS ENCURTIDOS AGRIDULCES CASA COCINA 430GR  ";"9"
"7802960002154";"778434423";"TABLA TRADICION 470 GRS SANTA ROSA";"8"
"8076809523714";"800007865";"PASTAS TAGLIATELLE COLLEZIONE BARILLA 500G ";"8"
"8002270916588";"800000170";"BEBIDA SAN PELLEGRINO AGUA TONICA 330ML";"7"
"7891962060453";"800007878";"TOSTADA ORIGINAL BAUDUCCO 142 G";"4"
"7804654940087";"800000310";"CERVEZA BUNDOR NESSIE 330ML";"24"
"9556001047175";"800007916";"CAFE HELADO NESCAFE ORIGINAL 240 CC";"9"
"7804454005764";"800001196";"VINO DONA DOMINGA BLACK RSVA CAB SAU 750CC";"63"
"7804609730404";"800007922";"LIMPIA VIDRIOS Y MULTIUSO WYN 750 C/GAT";"8"
"8711000509388";"800001262";"CAFE JACOBS KRONUNG 200 GRS";"8"
"7500435184731";"800007981";"SHAMPOO HERBAL ESS AGUA DE COCO 400 ML";"13"
"4009041108122";"800001469";"CAFE MOVENPICK LIOFIL GOLG ORIGINAL 200G";"9"
"7500435184724";"800007987";"ACONDICIONADOR HERBAL ESS AGUA DE COCO 400 ML";"7"
"5000299618073";"800001710";"GIN BEEFEATER PINK 750 ML";"3"
"799192630316";"800007999";"SANDWICH VEGETAL MECHADA VEGY 250GR";"14"
"7898024395072";"800001907";"BOMBON FERRERO ROCHER CORAZON 100G ";"12"
"7801909002842";"800008037";"CHULETA VETADA DE CERDO PV 200G ";"7"
"7804603950693";"800002034";"CAJA GALLETAS CASERAS PETIT 250 GRAMOS";"50"
"7802245001841";"800008066";"CONEJO MIRA CHOC SIN AZUCAR 120G";"19"
"7804320753317";"800002161";"VINO LATE HARVEST ROSE  375 CC";"22"
"7804676652609";"800008073";"ENCAPSULADOR OLORES DOÑA GABY AUTO 250 ML";"4"
"7803111001699";"800002283";"BRUSCHETTA PIMIENTO PIQ PERFECT CHOICE 280 GRS";"9"
"8004325600190";"800008086";"TOMATE TRITURADO TOSTANI NATURAL 690 GRS";"22"
"8410113557988";"800002487";"PISCO EL GOBERNADOR 700 CC 35 ";"2"
"799192667121";"800008139";"LATA CAFE TALLAR COLOMBIA MOLIDO 220GR";"3"
"7802337910921";"800002723";"MOSTAZA FUERTE TRAVERSO VINTAGE 450 CC";"8"
"7891150103443";"800008170";"SHAMPOO DOVE UV REPAIR 370 ML";"4"
"7804340902825";"800003009";"VINO LEON DE TARAPACA SYRAH 750CC";"2"
"7891000098479";"800008213";"MEDALLONES DE CARNE DOGUITO 65GR";"27"
"7802110002973";"800003359";"PISCO ALTO DEL CARMEN ESPECIAL 1.5 LTS";"6"
"33";"33";"PAN BAGUETTE XL ";"8"
"4008455446318";"800003488";"LIMPIA ALFOMBRAS DR BECKMANN 650CC ";"6"
"98";"98";"PLATEADA  CAT V";"12.482"
"7896451921062";"800003568";"GOMITAS DOCILE CULEBRITAS FRUTALES 80 GRS";"26"
"120";"120";"PORCION KUCHEN";"175"
"2007585000287";"800003657";"MUESLI MURTA ARANDANO SIEMPRE BERRIES 400G";"4"
"780";"780";"PUNTA GANSO CAT V";"33.64"
"7613038630977";"800004075";"SET 4U CAFE STARBUCKS SACHET VAINILLA LATTE 21.5G";"5"
"7802337801052";"1569";"SUCEDANEO LIMON TRAVERSO 1000CC.";"10"
"7804454001278";"800004128";"VINO CASA SILVA COLECCION CHARDONNAY 750CC";"6"
"7802575002433";"1698";"FIDEOS CARACOLES CAROZZI 400GR abt";"14"
"8436036182670";"800004341";"GOMITAS TROLLI OSITOS 500G POTE";"4"
"1742";"1742";"PRIETA BOM-BOM 400G CECINAS GRAU";"4"
"7804654940131";"800004454";"BOMBONES DULCE LLUVIA CAJA X 12U";"9"
"1755";"1755";"COSTILLAR AHUMADO 600G CECINAS GRAU";"12.349999999999998"
"7808729601736";"800004519";"VINO CASAS PATRONALES RSVA SYRAH 750CC";"13"
"7804300004019";"4288";"VINO GATO TTA.1000CC BLANCO lvb";"38"
"8445290193193";"800004628";"LECHE POLVO NIDO BUEN DIA 130GR";"11"
"7802110002621";"4574";"PISCO SOUR ESTRELLA DEL ELQUI 750 CC";"11"
"7804320756714";"800004698";"VINO DIABLO VOLCANIC CAB 750CC";"1"
"7753749001182";"4777";"CERVEZA CUSQUENA 620 ML";"4"
"7790272001036";"800004891";"ACEITE NATURA MARAVILLA 3 LTS";"11"
"6352";"6352";"SALCHICHA A/V X 5 BRAUNAU";"0.292"
"7804000002605";"800004976";"BALLS EN LINEA CLASICO 90 GRS";"7"
"6535";"6535";"CHORIZO PARRILLERO MERKEN BRAUNAU";"10.714"
"4792252002074";"800005130";"TE BASILUR FRUTILLA & KIWI 25 BLS";"7"
"7805000318079";"7090";"HELADO MAGNUM POSTRE FRAMBUESA BCO 900ML";"13"
"7804681180029";"800005533";"CERVEZA LOA MINGA LOCA 470 CC LATA";"8"
"7150";"7150";"LONGANIZA PICANTE CZISCHKE";"9.274000000000001"
"8002650002177";"800005617";"CAFE SAQUELLA BAR ITALIA INST CLAS 100G";"7"
"8001230056319";"7327";"PECORINO ROMANO CUNA FERRARI 200G";"12"
"6947593020074";"800005718";"SALSA DE OSTRAS PEARL RIVER ETIQ DORADA 139 GR";"11"
"7801970026167";"8489";"LONGANIZA LLANQUIHUE 500 GRS";"31"
"7802940053305";"800006011";"VINO REQ TORO DE PIEDRA RSVA RED BLEND 750CC";"32"
"0745853997519";"8803";"XPARKLING SABOR LICHI 240ML";"26"
"7702103712325";"800006021";"CEREAL CHOCO KRISPIS 310 GRS";"12"
"745853017934";"8972";"AJI ESCABECHADO 200GR ROFUCO";"2"
"7802810031013";"800006059";"MERMELADA WATTS DAMASCO 225 GRS";"21"
"7801220005683";"10511";"PULPA MANGO MINUTO VERDE 335G";"8"
"0025215720734";"800006302";"PILA ALCALINA MAXELL AAA UNID";"59"
"10623";"10623";"QUESO CAMEMBERT QUIMAN GR KG";"2.142"
"799192174179";"800006352";"CAFE TALLER GRANO ENTERO BRASIL 250 GRS";"18"
"7801235005197";"10993";"NUGGET JUREL SAN JOSE  300G";"12"
"764451546288";"800006549";"CERVEZA GRULLA BLONDE ALE 470 CC";"6"
"7801300000195";"13593";"FRUTILLAS CONG 450G FRUTOS DEL MAIPO";"23"
"7802215610011";"800006584";"POPCORN POPS AMBERRIES 220 GRS";"3"
"7801970002116";"15223";"SALCHICHA ORIGEN SUREÑA 500GR";"22"
"5413121371914";"800006661";"CHOCOLATE NEW BELGIAN SEASHELLS CARAMELO 65 G";"5"
"7802410400462";"25180";"SALSA BARBECUE GOURMET 280 GRS";"22"
"7804602381566";"800006727";"COCTEL DE VINO DONNALUNA BIANCO 750CC";"10"
"7802410181378";"25284";"NUEZ MOSCADA MOLIDA GOURMET 5 GRS";"27"
"7804639040313";"800006855";"CERVEZA GUAYACAN LAGER PAPAYA 500CC";"4"
"8001684025039";"25605";"CAFE CORSINI CALIDAD ORO 250 GRS";"9"
"7755120980383";"800006901";"BOLSA REGALO GLOBAL INFANTIL 25X9.5X20 CM";"1"
"7802810002310";"25641";"ACEITE CHEF EXTRA VIRGEN 500 ML";"3"
"7502311690480";"800006954";"SHAMPOO AMMENS BABY BOT 400 ML";"4"
"8717163648254";"26488";"PASTA DENTAL PEPSODENT HERBAL 75 ML";"9"
"7809573900051";"800006978";"VINO ORGANICO ODFJELL ARMADOR CARMENERE 750CC";"5"
"7809604012258";"27874";"KOTEX ULTRAFINA NOCTURNA X 15 UNDS";"12"
"7803800003102";"800007095";"TABACO PICADO LUCKY GALPAO";"9"
"7702174070270";"28156";"CHUPETE PIN POP XL 24 UNDS F.ROJOS";"18"
"7806500000228";"29194";"PANUELOS ELITE T/H X 18 UND";"23"
"041390000096";"29991";"SALSA SOYA KIKKOMAN C/DISP 148 ML";"9"
"7804646540202";"30360";"QUESO CREMA S/LACT RAFULCO 190G";"75"
"5060033820681";"32542";"LIMPIADOR THE PINK STUFF INODORO ANTISARRO 750 ML";"2"
"7804340909053";"40042";"VINO TARAPACA GRAN RSVA CAV/SAUV 750CC ";"3"
"7802175324188";"40164";"PISCO HORCON QUEMADO 40° 645CC ";"2"
"082184000335";"40168";"WHISKEY JACK DANIELS 75CL 35  HONEY";"5"
"8410113005281";"40255";"VINO SANTA DIGNA CARMENERE RSVA 750 CC";"9"
"7804320198552";"40574";"VINO ADOBE RESERVA MERLOT";"6"
"7804673220030";"55556";"PACK 6 CUELLO NEGRO STOUT";"2"
"8001684025046";"60102";"CAFE CORSINI MOKA CLASICO 250 GR";"22"
"7802926001887";"61032";"PACK PALETA SAN FCO 0% F DEL BOSQUE";"6"
"742832146999";"63220";"SACAPITA SAL DE MAR 120G";"19"
"7802960706137";"65116";"PETIT BRIE SANTA ROSA 125G";"14"
"753153701774";"67708";"PALETA HELADO KREEMS CHOC BROWNIE";"16"
"7804646540004";"144";"QUESO RAFULCO LAMINADO 1 KILO";"12"
"7801930018270";"70200";"JAMON PIERNA ARTESANAL RDA 200G";"33"
"566";"566";"POSTA PALETA CAT V NACIONAL";"7.6579999999999995"
"0609143582048";"80054";"TOCINETA EL ARRIERO ONLY BLUE 100GR";"3"
"7702054088401";"1173";"POLVO HORNEAR ROYAL SOBRE 100GR. abt";"25"
"7891000113066";"94584";"ALIMEN HUMEDO CATCHOW ADULCARNE 85GR";"61"
"7801875001894";"1468";"YERBA MATE SUPREMO NARANJA 250GRS";"18"
"7896029052327";"300844";"PEDIGREE DENTASTIX RAZAS PEQUENAS X3";"13"
"7802337101046";"1564";"VINAGRE TRAVERSO ROSADO 500CC abt";"34"
"5010677800754";"300985";"VODKA ERISTOFF 700CC";"20"
"7702026180355";"2720";"TOALLA HIG NOSOTRAS INVISIBLE SUAVE 8UNDS ";"27"
"7613035490734";"303560";"CHOMP FRAMBUESA 225 ML SAVORY";"24"
"7802200130128";"3426";"FRUGELE AMBROSOLI XL 360 GRS";"24"
"7804339002284";"500023";"VINO PROLOGO LATE HARVEST 375 CC";"19"
"7802230081179";"3958";"GALLETA KUKY MCKAY 120GR CHOCOLATEABT";"42"
"78031715";"595661";"VAP VUSE GO 1000 MINT ICE";"5"
"7804300122928";"4302";"VINO GATO NEGRO 1500CC.TINTO BOTELLA";"44"
"7802705401914";"874415";"HELADO MECANO BRESLER 900ML ";"8"
"7804330001828";"4445";"VINO 120 TRES MEDALLAS MERLOT 700CC LVB";"2"
"7809620700146";"5009119";"MIEL TIACA KLAASSEN 500 GRS.";"9"
"7804300121396";"4900";"VINO CASTILLO DE MOLINA RSVA MERLOT 750CC";"39"
"7804314945650";"5009334";"VINO VIU MANENT SECRETO GRAN RVA SAV. BLANC 750CC";"2"
"6068";"6068";"QUESO AHUMADO NAT DEL PRADO";"8.697999999999999"
"7802810011459";"5009594";"POUCH WATTS MANZANA 90GR";"100"
"7801220431109";"6321";"CHOCLO MINUTO VERDE 500G";"208"
"S702650";"5009739";"TE SENSORIAL ROOIBOS NARANJA 50GRS";"19"
"7801930018034";"6552";"JAMON SERRANO RDA 65G";"6"
"7802351000615";"5010184";"SALSA TARTARA PET 210 GRS DON JUAN";"16"
"7804642980699";"7044";"MIX PARRILLERO SCHWENCKE 500GR";"19"
"7803520180114";"5010334";"AZUCAR RUBIA 10 X 1KG. ECO VIDA";"8"
"8410113005151";"7778";"VINO SANTA DIGNA CHADONNAY 750CL";"8"
"78025318";"5010926";"KENT IBOOST X 20";"26"
"7801970000143";"8194";"PATE CERDO LLANQUIHUE 125 GRS";"52"
"7804632980227";"5011284";"QUESO CABRA NAT ARTISAN 180G";"24"
"7804642980194";"8442";"LONGANIZA ARTESANAL SCHWENCKE 500GRS";"44"
"7802080000122";"5011379";"QUESO CHACRA EL ROBLE 450GRS";"102"
"7802920009810";"8555";"QUESO BRIE LOS ALPES COLUN 125 GRS";"48"
"8001665700108";"5011467";"PAPPARDELLE RANA 300GR";"31"
"7613038883762";"9529";"LECHE ASADA NESTLE 120GR LCT";"48"
"7893000801363";"5011933";"PIZZA 4 QUESOS 460 GR. SADIA";"24"
"9827";"9827";"PACK XL GOOD MEAL";"11"
"8000070038868";"5012193";"CAFE CREMA E GUSTO LAVAZZA 250 G ";"13"
"7802910007345";"10571";"YOG LONCO PROTEIN ARANDANO 140G";"48"
"0025215499661";"5012330";"AUDIFONO MAXEL M/LIBRES ROJO";"5"
"10624";"10624";"QUESO BRIE QUIMAN GR KG";"1.9619999999999997"
"4067700014573";"778431656";"LICOR JAGERMESTER 350ML";"9"
"7804650390541";"10768";"QUESO UNTABLE RUNCA ALBAHACA 115G";"18"
"7804454001285";"778431930";"VINO CASA SILVA COLECCION CAB SAUV 750CC";"8"
"8445290952356";"11001";"CRAZY SANGURUCHO CHOCOLATOSO SAVORY";"17"
"2007781002597";"778432417";"CONEJO TDS 50 GRS";"23"
"7802926000071";"11369";"POSTRE SAN FCO LUCUMA MANJAR 1LT";"10"
"7800000162332";"778432508";"CONEJO OREJON PETIT";"3"
"7801970000570";"13424";"HAMBURGUESA PARRI  VACUNO 125 GRS LLANQUIHUE";"48"
"7804300134310";"778432599";"VINO SIDERAL BLEND 750CC";"1"
"7801305101453";"14067";"DURAZNOS TROCITOS WASIL 590GR.abt";"11"
"715126022125";"778432641";"VINO MONTES CLASSIC SAU/BLANC 750CC";"13"
"7804682060023";"14425";"DURAZNOS DOS CABALLOS MITADES 820 GR";"9"
"7804668760008";"778432723";"AJI VERDE JENGIBRE OSSEFRITZ 330CC";"1"
"7891000244661";"17015";"ALIME HUMEDO CATCHOW ADUL PESCADO 85G";"41"
"7802930004010";"778433135";"QUESO AZUL QUILLAYES 100 GR";"21"
"7804945001428";"20137";"ACEITE EMULSIONADO SIMONS 360 ML-";"3"
"7801930021430";"778433244";"CHORIZO PARRILLERO PREMIUM RDA 400G";"26"
"7702018913664";"20499";"DESODORANTE GEL GILLETE COOL WAVE 82 GRS";"5"
"6301618000029";"778433613";"BARRITA ENERGETICA TERRANUT VEGAN 55G";"16"
"7802950005967";"24223";"CALDO MAGGI CARNE x 8 unidades abt";"42"
"7790520991546";"778434204";"INSECTICIDA BAYGON CASA/JARDIN 420CC";"4"
"7802950006735";"24236";"CREMA DE ESPARRAGOS MAGGI 68GR.abt";"5"
"7802410003847";"778434263";"PREMEZCLA GOURMET GALLETAS CHIPS 450G";"14"
"7802950008814";"24247";"SOPA MAGGI POLLO C/SEMOLA 68GR.abt";"18"
"7804315008835";"778434386";"VINO PINOT MERLOT 750CC";"9"
"7802200361072";"24720";"GELATINA AMBROSOLI FRAMBUESA 100 GRS";"18"
"7790520019868";"800000025";"DESOD AMB GLADE MINI GEL LIM REFR 70G";"10"
"7802410000457";"25177";"CONDIMENTO POLLO GOURMET 32 GRS";"5"
"7801875002044";"800000339";"TE SUPREMO CEYLAN MYSTIC 80BLS";"14"
"7802410350255";"25207";"SALSA CHAMPINONES GOURMET 30 GRS";"12"
"7801230004263";"800001462";"ALCAPARRAS LAS CARABELAS 1 KL FRASCO";"4"
"7802410605027";"25611";"CHOCOLATE AMARGO 150 G GOURMET";"40"
"8410342002013";"800002081";"CHOCOLATE TORRAS CLASSIC NGR/NRJA 75G";"22"
"7509546683799";"26435";"PASTA DENTAL COLGATE TOTAL 12 CARBON 90 GRS";"20"
"8410342005632";"800002087";"CHOCOLATE TORRAS CLASSIC LECHE/ALMEND 75G";"13"
"7501001164645";"26742";"SHAMPOO PANTENE RIZOS DEFINIDOS 400ML";"8"
"7805000317317";"800002141";"DETERGENTE OMO MATIC BLS 2.7 KG";"17"
"7802420510113";"26786";"PALMITOS ENTEROS ESMERALDA 400 GRS";"45"
"7804660290244";"800002256";"TABACO BRISTOL VAINILLA 45GR";"16"
"7898024396994";"27096";"BOMBON FERRERO ROCHER 150G ";"12"
"7802575533586";"800002356";"ALIM MASC ANIMAL PLANET PERRO ADULTO RZ/PEQ 3 KLS";"16"
"7802215101441";"27364";"CHOCOLATE CACAO COSTA 80 GRS";"38"
"037000433576";"800002465";"DETERGENTE LAVAVAJILLAS CASCADE FRESH 2.12 KLS";"6"
"7803525000356";"27793";"BROWNICHOC NUTRA BIEN 35 GRS";"48"
"739802463538";"800002502";"CAFE PREMIUM LLANQUIHUE TRONADOR 250 GR";"17"
"7805040001108";"27870";"LIMPIADOR PISO FLOTANTE VIRGINIA 900 ML LV";"12"
"7802410004080";"800002748";"SESAMO MIX GOURMET 160 GRS";"6"
"5941021001254";"28547";"CHOCOLATE TABLETA HEIDI NARANJA 80GRS";"23"
"7802410004196";"800002893";"SALSA GOURMET TERIYAKI 165 ML";"13"
"7802200120143";"28714";"BOLSA TURRON AMBROSOLI 300 GRS";"12"
"8434165466333";"800003372";"GALLETA CUETARA KRIT KRITITAS BOTE 350 GRS";"8"
"7805080695091";"30083";"CLORINDA GEL MENTA 900ML";"33"
"7702011277572";"800003561";"GALLETAS MOMENTS RELLENA CHOC 135 GRS";"31"
"7801907067768";"30558";"MANTEQUILLA LOS NOGALES 125G";"56"
"7804671930252";"800003664";"BEBIDA DE ALMENDRAS VILAY CHOCOLATE 1LT";"14"
"5060033823965";"32551";"TOALLITAS THE PINK STUFF MULTIUSO 72 UND";"6"
"7790119002370";"800003999";"SIDRA 1888 750CC";"12"
"8410113005182";"40244";"VINO SANTA DIGNA MERLOT 750CC";"1"
"7804654940179";"800004456";"BOMBONES DULCE LLUVIA ILUSTR CAJA X 20U";"7"
"5010314700003";"40354";"WHISKY THA FAMOUS GROUSE FINEST 700 ML";"8"
"7896089012637";"800004626";"CAFE PILAO TRADICIONAL 250 GRS";"11"
"7804654940001";"40457";"CERVEZA BUNDOR NINFA 330 ML";"51"
"7804000002568";"800004936";"MERMELADA EN LINEA FRUTILLA DOYPACK 350 GRS";"12"
"7801300003523";"49562";"TUTIMANGO FRUTOS DEL MAIPO 400GR";"6"
"7804000002537";"800004939";"DULCE DE LECHE EN LINEA S/LACT 380 GRS";"6"
"8001665706940";"50206";"GNOCCHI RELLENO QUESO RANA 400GR";"9"
"7804000002490";"800004963";"CAJA BARRA PROTEINA EN LINEA CRANBERRIE 200 GRS";"11"
"7802080000832";"50236";"QUESO LOS TILOS PARMESANO 145G";"53"
"4792252007147";"800005141";"TE BASILUR ENGLISH BREAKFAST 25 BLS";"7"
"7802920009018";"50308";"JUGO COLUN NATURAL PREMIUM PINA 330CC";"47"
"7803111002986";"800005325";"GALLETAS ARTISAN PERFECT CHOICE HIGO Y NUEZ 130G";"22"
"7804670160070";"60212";"ARROLLADO PRIMAVERA GLOBAL FROZEN 400G";"53"
"7804681180012";"800005532";"CERVEZA LOA OTRA RONDA 470 CC LATA";"9"
"0745853437640";"60672";"HELADO D´LIGHT SIN AZUCAR MENTA CHOC 200G";"5"
"7804671160208";"800005685";"CHARDONNAY SOUR 100% NATURAL 1 LTLA PIZKA";"11"
"7801220005713";"61098";"PULPA PINA MINUTO VERDE 335G";"26"
"7805025697760";"800005728";"LIMPIADOR POETT FRESCURA CITRICA 900ML";"16"
"7804633972993";"65416";"MERM ARANDANO MAQUI 370GR SUR NATURALE";"4"
"7804615340628";"800005892";"CERVEZA ODISSEA HOPPY ALE 470 CC";"120"
"7891515624880";"65620";"ALITAS DE POLLO ASADA 400GR SADIA";"9.35"
"7891991305679";"800005958";"CERVEZA CORONA CERO 330 ML";"18"
"753153701767";"67707";"PALETA HELADO KREEMS CHOC ALMENDRAS";"23"
"7804330009800";"800006135";"VINO GRAN 120 BLUE BLEND BOT 1.5 LTS";"12"
"701822709521";"70952";"TROPICAL MIX LOS FRUTOS 100GR";"30"
"800006154";"800006154";"MERMELADA SRA VIOLA ZARZAPARRILLA C/AZ 500G";"1"
"7809611719058";"74410";"CUBITOS DE POLLO SUPER POLLO 300G";"34"
"7804655192492";"800006185";"PINZAS BAMBU DOÑA GABY GIGANTES 24U";"13"
"7804687060035";"84955";"HELADO FRUTILLA CREMA BRUMA 473 ML ";"7"
"7791290795761";"800006396";"DETERGENTE OMO BICARBONATO BLS 2.7 KG";"11"
"7891000332382";"94510";"ALIMENT HUMEDO PURINA ONE GATO ESTERIL 85GR";"30"
"7801305005645";"800006532";"CASTAÑAS EN ALMIBAR WASIL TTA 570G";"13"
"8445291533097";"94562";"MEGA TRIO DULCE DE LECHE 450 ML SAVORY";"6"
"2007781003518";"800006589";"CHOCOLATE BARRA TDS BLANCO FINO 5O G ";"22"
"7808709505146";"95612";"LECHE SURLAT WHEY PROTEIN CARAMEL 1LT";"15"
"736372706126";"800006647";"SANDWICH MIGA PIMENTÓN 130 GRS VEGY";"10"
"637962141955";"98864";"SALSA AJI DOÑA OLI SUAVE 250GR";"8"
"7804652980375";"800006707";"KETCHUP CURRY CLASICO BY MARIA 450 GRS";"2"
"7804300121693";"300431";"VINO CASTILLO DE MOLINA RSVA PINOT NOIR 750CC";"23"
"7804602381573";"800006728";"COCTEL DE VINO DONNALUNA ROSSATO 750CC";"12"
"8427163911905";"300481";"TINTA DE SEPIA ESTERILIZADA 90GR GLOBE ITALIA";"1"
"799192075261";"800006763";"CERVEZA EL GROWLER AMBAR 330 CC LATA";"17"
"7801300000713";"300648";"SALTEADO THAI WOK 500GR FRUTOS DEL MAIPO";"29"
"7804600870185";"800006809";"VINO KORTA BARREL SEL GRAN RSVA CARMENERE 750CC";"16"
"7800159002121";"300924";"MOSTAZA HEINZ PET 396 GRS";"8"
"7804676651701";"800006858";"SERVILLETAS BLANCO DEL SUR PREMIUM D/H 150U";"9"
"7802832000158";"301009";"JUGO AFE MANZANA VERDE 300CC";"15"
"7792710000366";"800006903";"LATA ANIVERSARIO +YERBA MATE AMANDA 500G";"4"
"7804920350664";"303086";"JABON LIQ BALLERINA HIPOALERGENICO 350ML FCO";"15"
"7803403003882";"800006949";"TAKIS INTENSE NACHO 190 GRS";"31"
"7804454001100";"500016";"VINO DONA DOMINGA RSVA CARMENERE 750 CC";"16"
"7802410004790";"800007045";"AJO PICADO GOURMET C/ACEITE DE OLIVA 227G";"12"
"8935048610664";"500093";"BEBIDA ALOE VERA WIN COCO 500 CC ";"30"
"7803525999407";"502678";"GALLETA CHIP CHOC S/AZUCAR NUTRABIEN  128G TUBO";"15"
"7801300506505";"602207";"ESPARRAGOS  ENTEROS LA CRIANZA 350G";"12"
"7801300003707";"894566";"MANGO FRUTOS DEL MAIPO 400GR";"9"
"7804314945087";"5009343";"VINO VIU MANENT ESTATE RVA MERLOT 750CC";"9"
"7802351633301";"5009541";"SALSA TARTARA DON JUAN DOY PACK 250G";"38"
"9002859036170";"5009817";"MERMELADA TRES FRUTOS 450GRS CALLE CALLE";"14"
"5010130";"5010130";"MIX CLASICO EL ALMENDRO 100 GRS";"17"
"793969039234";"800007055";"MIX TRAIL GRANOLERA CIMA FRASCO 300 GRS";"4"
"7802410002789";"5010173";"CALDO POLVO AJO Y CEBOLLA 6 UN";"11"
"7801610310465";"800007083";"BEBIDA SCHWEPPES GINGER 310 LATA";"18"
"7802080000320";"5011382";"QUESO CAMEMBERT LOS TILOS 100GRS ";"84"
"764451546349";"800007142";"CERVEZA GRULLA CATHARINA SOUR 470 CC";"18"
"7804343004168";"5011559";"RESERVA PETIRROJO MERLOT 750CC";"96"
"7891150098190";"800007211";"PASTA DENTAL PEPSODENT INT 18H SENS 75 ML";"37"
"7893000801608";"5011934";"PIZZA CHORIZO 460 GR SADIA ";"33"
"5060519140753";"800007286";"TE PUKKA TURMERIC ACTIVE 20 BLS";"9"
"7801305001517";"5012064";"PINA CUBITOS WASIL 560GRS";"9"
"799192058813";"800007441";"DISPLAY CAFE MARLEY PACK MIX 8 SOBRES";"7"
"7803403236341";"5012161";"PREPIZZA MASA CLASICA 500GRS";"33"
"7802410005155";"800007453";"CHILIMON GOURMET 230 GRS FRASCO";"9"
"7802225218702";"5012489";"CANDY SURTIDO 400GR";"7"
"7804000003633";"800007508";"NECTAR ISOTONICO EN LINEA PIÑA 600 CC";"3"
"778431419";"778431419";"MANI JAPONES EL ALMENDRO";"13"
"736372938749";"800007690";"MERMELADA PETIT DURAZNO 450GR";"9"
"7802410102182";"778431529";"CURCUMA GOURMET SOBRE 16 GRS.";"41"
"7804673910870";"800007778";"BARRA WILD PROTEIN CHOCOLATE NARANJA 45 GRS ";"11"
"4005808588961";"778431793";"CREMA DE AFEITAR NIVEA SENS 100ML";"4"
"7898142866867";"800007817";"ESTUCHE BON O BON SUPREME AVELLANA 144 GRS";"6"
"7898591454080";"778431996";"CHICLE SANDIA FINI 80G";"30"
"7804673910245";"800007820";"BARRA WILD PROTEIN CARAMELO";"1"
"2007781000944";"778432195";"CHOCOLATE CAJA MADERA 250 G TRAD SUR";"3"
"7891962060460";"800007876";"TOSTADA INTEGRAL BAUDUCCO 142 G ";"11"
"7803600001858";"778432354";"SAL DE MAR LOBOS EXTRA GRUESA DP 800G";"6"
"7802100006639";"800007918";"CERVEZA CRISTAL ULTRA 650 CC ";"38"
"7808729601170";"778432526";"VINO CASAS PATRONALES CAB SAU RSVA 750CC";"47"
"7891515538354";"800008017";"LASAGNA MIX QUESOS SADIA 350GRS";"13"
"7804656560054";"778432558";"DIENTES DE AJOS PLDOS HUERTOS DEL SUR 210G";"3"
"7804676652371";"800008072";"AMBIENTAL DOÑA GABY AMB MAGICOS VERANO 320 ML";"3"
"2007781004911";"800008224";"NIDO BAMBU CONEJO TDS 130G ";"8"
"274";"274";"ASADO DEL CARNICERO CAT V";"35.71999999999999"
"7613030264569";"1047";"RECETAS CASERAS CAZUELA CARBONADA  250G NESTLE abt";"23"
"7613030692577";"1059";"RECETAS CASERAS CHARQUICAN 250G NESTLE abt";"23"
"7802200266049";"1515";"JUGO VIVO PINA 8G";"32"
"7802626001668";"1929";"HARINA TOSTADA MARIPOSA 500GR.ABT";"12"
"5000265001007";"4012";"WHISKY WHITE HORSE 750 CC. 40º.LVB";"10"
"7802175454076";"4278";"PISCO MISTRAL ICE BLEND 275 CC  ";"62"
"7801315000135";"778432859";"POROTOS BLANCOS ESMERALDA 400G";"13"
"7804315001065";"4345";"VINO PINOT C/S UNDURRAGA 750CC LVB";"8"
"7801510100050";"778433031";"SALMON CARPACCIO VONFACH 150G";"26"
"5000267014005";"4747";"WHISKY JOHNNIE WALKER RED LABEL 75CL";"22"
"8002270726828";"778433042";"BEBIDA SAN PELLEGRINO MELARA 330ML";"33"
"4750021000157";"4841";"VODKA STOLICHNAYA 750 ML";"11"
"7801930011820";"778433249";"SALAMIN AHUMADO RDA 200GR";"30"
"7802626100057";"6007";"HARINA COLLICO TUD 5 KILOS";"34"
"7753749003216";"778433429";"CERV CUSQUENA GOLD LAG LATA 473ML";"22"
"78028760";"6207";"FLAN DEL SUR PANNA COTTA COLUN 100G";"44"
"7790580412791";"778433808";"BOLSA BUTTER TOFFE CHOC 350GR";"15"
"7801610003299";"6581";"FANTA FULL AZUCAR RETORNABLE 2000ML ";"14"
"7804608720123";"778433977";"ACEITE OLIVA 1000 CC ACULEO BLEND";"11"
"7891136057029";"7072";"APERITIVO APEROL NARANJA";"19"
"7861002900117";"778434039";"BOMBON FERRERO ROCHER 100 G ";"15"
"000042017001";"7507";"MANTECA DE CERDO TXAFKINTUN 250G";"27"
"7802930004188";"778434301";"MANTEQUILLA POTE S/LACTOSA 250 GRS QUILLAYES";"6"
"7890";"7890";"LIQUIDACION BODEGA HELADOS SANFRANCO 2X";"2"
"8858135003715";"800000135";"SALSA SRIRACHA HOT CHILI 235 THAI";"11"
"8229";"8229";"BRATWURST TXAFQUINTUN KG";"10.932"
"7802175002260";"800000315";"LICOR MISTRAL FIRE 750CC";"4"
"7802900097011";"9863";"CREMA CHANTILLY SOPROLE 250 GRS";"14"
"7802247614209";"800001011";"CRANBERRIES YOGURT MERELLO 120 GRS";"2"
"7804610854014";"10562";"SALAD KIT ASIATICA PROVERDE 300GR";"1"
"0737186938727";"800001420";"CERVEZA KUFEO PORTER 500CC";"12"
"78033580";"10587";"POSTRE OIKOS CHEESECAKE BERRIES 132G";"62"
"4009041108139";"800001713";"CAFE MOVENPICK LIOFILIZADO GOLD ORIGINAL 100G";"17"
"10826";"10826";"DURAZNO CONSERVERO KG";"0.95"
"9780201389913";"800001822";"CERVEZA TOTEM AMERICAN PALE ALE LATA 475CC";"32"
"7802926000170";"11346";"POSTRE SAN FCO TRONCO DE CASTANA 1 LT";"11"
"7802351001797";"800001862";"AJI INFERNO RED 250 GRS";"8"
"7802900003463";"12000";"LECHE COOKIES SOPROLE 1LT";"19"
"8410342002174";"800002082";"CHOCOLATE TORRAS CLASSIC NGR/FRESA 75G";"14"
"7801300310041";"13624";"POROTOS GRANADOS 500 GR FRUTOS DEL MAIPO";"25"
"7802575226334";"800002162";"NECTAR VIVO DURAZNO 1 LITRO ";"28"
"7801235277112";"14206";"CHORITOS SAN JOSE EN ACEITE 190G";"13"
"7803111002498";"800002281";"MERMELADA PERFECT CHOICE ROCOTO 160GR";"13"
"7804621471781";"14214";"ATUN LOMITOS AHUMADO ROBINSON CRUSOE 140 GR";"37"
"7806500982401";"800002376";"JABON LIQUIDO ELITE HUMECTANTE 230ML";"10"
"7804621471187";"14219";"ATUN LOMITOS AGUA ROBINSON CRUSOE 140 GR";"55"
"7804643650058";"800002488";"SIDRA QUEBRADA DEL CHUCAO BRUT NV 750 CC";"5"
"14473";"14473";"MERMELADA SRA VIOLA FRAMBUESA ALUL 500 G";"3"
"7802575533524";"800002540";"ARENA SANITARIA MASTER ECOL 2 KLS";"7"
"7804670030007";"23021";"LECHUGA ESCAROLA BOLSA";"197"
"7802337910815";"800002728";"AJI TRAVERSO CAPITAL 200 CC";"6"
"23036";"23036";"ESPINACA BOLSA";"73"
"7755120932108";"800002930";"BROCHETAS GLOBAL PARTY 40 CMS 50U";"7"
"23070";"23070";"JENGIBRE";"17.970000000000002"
"0012345678288";"800002972";"REMOVEDOR DE MANCHAS R/COLOR WINNEX POTE";"4"
"7803960100406";"24391";"HARINA TOSTADA OSO HOFFMANN 500GR abt.";"4"
"7803403003950";"800003137";"TAKIS FUEGO 190GRS";"52"
"011210009530";"24842";"SALSA TABASCO GREEN SAUCE 60 ML";"5"
"4008455438313";"800003486";"LIMPIA REFRIGERADOR DR BECKMANN 250CC ";"3"
"7801320242216";"24953";"ACEITE DE OLIVA TALLIANI 500ML";"2"
"5941021005023";"778432756";"ESTUCHE HEIDI BOUQ FLOWER NUTS 120G";"7"
"799192694899";"800007920";"KOMBUCHA PINDA PIÑA ALBAHCA 350 ML LATA";"101"
"0761847042980";"778432769";"MOSTAZA ALBAHACA NOBLEZA ARTESANAL 220G";"2"
"8682077009364";"800007949";"BOMBONES RELLENOS VANELLI CARAMELO CON CREMA CHOCOLATE 120GR (936 DORADO)";"15"
"7804335004589";"778433138";"VINO FRIDA KAHLO GRAN RSVA CARMENERE 750CC";"26"
"7806810017305";"800008272";"PANO ESPONJA ABSORB VIRUTEX AMARILLO 6 UN PRO";"24"
"7804915514712";"778434139";"SHAMPOO KIDS 3 EN 1 PAW PATROL 350ML";"2"
"7802215504662";"3513";"GALLETA NIK FRUTILLA COSTA 71GR.abt";"123"
"7791293049533";"778434472";"DESODORANTE REXONA W COTTON DRY 150ML";"15"
"7804300157067";"4317";"SANGRÍA MANQUEHUITO 750 CC";"9"
"7804319004000";"800001288";"VINO SANTA EMA GRAN RSVA CAB SAU 750CC";"6"
"5014271320427";"14366";"MERMELADA ST DALFOUR MORA 284 GR";"2"
"7806500752059";"800001592";"PANAL BABYSEC SUPER PREMIUM G 18 UNI.";"2"
"7806810014090";"26657";"PANO VIRUTEX NARANJO 50X45 CM";"3"
"40677798";"800001716";"LICOR JAGERMEISTER MINI 20 ML";"8"
"7805040000781";"30093";"CLORO/GEL IGENIX EUCALIPTUS 900 ML ";"8"
"739802463545";"800002503";"CAFE PREMIUM LLANQUIHUE PUNTIAGUDO 250 GR";"12"
"7807265136306";"45975";"BOLSA REGALO NAV EX GR 33X45CM SURT";"3"
"7802337910914";"800002722";"MOSTAZA SUAVE TRAVERSO VINTAGE 450 CC";"12"
"60521";"60521";"BURMA UNIDAD ORIENTAL PRODUCTOS";"1"
"5908249942899";"800002957";"TABACO TENNESIE VIRGINIA 40 GR					";"20"
"7804666357446";"65418";"CHUTNEY DE FRAMBUESA 160GRS SUR NATURALE";"1"
"5011435624582";"800003134";"ENCENDEDOR RONSON COLOR";"39"
"040000536819";"300804";"CHOCOLATE M&M CHOC SINGLE 49GR";"53"
"8434165437425";"800003377";"GALLETA CUETARA MINI COOKIE 0% 120 GRS";"2"
"7806810000567";"303389";"GUANTES VIRUTEX PEQUENOS";"5"
"7755120813711";"800003441";"CUCHILLO DE MADERA X 10 UNDS ";"3"
"7591066711014";"5010318";"MAQUINA DE  AFEITAR XTREM3 P/DELICADA";"22"
"658325695472";"800003903";"KOMBUCHA PINDA ARANDANO LAVANDA 330CC";"8"
"9002859033360";"5010418";"ESTUCHE FRUTOS DEL MAR BCO 250 G";"3"
"7804644170050";"800004087";"CERVEZA JESTER MANITOBA 473 CC";"3"
"8000570435402";"5011664";"MARTINI ASTI 750";"1"
"7803183180070";"800004374";"HELADO FRUTOS DEL BOSQUE PUDU";"9"
"7750243042888";"5012189";"CREMA UCHUCUTA ALACENA 400 G  ";"3"
"8002270676819";"800004721";"JUGO SAN PELLEGRINO ARANCIATA 330ML";"22"
"8001665124089";"778431383";"SALSA FUNGHI PORCINO (SETAS Y BOLETAS)";"11"
"7791293043807";"800004808";"DESODORANTE AXE MUSK CANELA 150 GR";"9"
"7804617140097";"778431914";"PISCO MAL PASO 35 1LT";"4"
"7804444001912";"800005164";"VINO J BOUCHON PAIS VIEJO 750CC";"2"
"7804656560078";"778432557";"PASTA DE AJO HUERTOS DEL SUR 130G";"2"
"7801235002769";"800005588";"ALMEJAS AL NATURAL SAN JOSE 425GR";"1"
"715126900195";"778432636";"VINO MONTES ALPHA CARMENERE 750CC";"3"
"7891097101427";"800005650";"LECHE CONDENSADA PARMALAT 395 GRS.";"10"
"7702084137520";"778432690";"HARINA PRECOCIDA PAN BLANCA 1KL";"6"
"7805050583595";"800005741";"RAID ELECTR 45 N APARATO+REP";"1"
"8001665700122";"778433052";"LAMINA LASAGNA RANA 250 GRS";"6"
"745853212490";"800005832";"KOMBUCHA PINDA JAZ MELENA 330CC";"17"
"8858135040086";"800000130";"SALSA AJI PICANTE 180 GRS THAI";"2"
"793969039111";"800006168";"GRANOLA GRANOLERA POLINESIA FRASCO 500 GRS";"2"
"9312631833119";"800003803";"TE NEGRO DILMAH CARAMEL 25 U";"1"
"850002690309";"800006329";"TABACO STINGRAY GOLDEN VIRGINIA NATURAL 30 GR";"2"
"7804304101004";"800005033";"VINO ERRAZURIZ MAX RSVA CAB/SAUV 750CC";"4"
"7804676652234";"800006567";"ENCAPSULADOR MALOS OLORES PRIN GATILLO 250 ML";"1"
"2007781003327";"800005393";"BOLSITA TDS BLANCO NRJA CRANB AVELL 100 GRS";"9"
"7804320758640";"800006656";"VINO DIABLO PURPLE MALBEC 750 CC";"20"
"0659525280864";"800005402";"YERBA MATE LAYMI ENERGIZANTE 350 GRS TUBO";"2"
"7751493011068";"800007024";"PANAL HUGGIES ACTIVE SEC XG 10 UNDS";"4"
"7804671160161";"800005693";"CÓCTEL MOSCOW MULE 100% NATURAL 350CCLA PIZKA";"2"
"7804305001112";"800007240";"VINO CHIFLON RSVA CARMENERE 750 CC";"7"
"7801322000043";"800006264";"PURE DE CASTAÑAS 1000 CC GARCIA";"4"
"799192075278";"800007650";"CERVEZA EL GROWLER MURTA STOUT 330 CC LATA";"9"
"7701362014904";"800006394";"CAFE JUAN VALDEZ AVELLANA INSTA 95 GRS";"1"
"7802245001391";"800007742";"CHOCOLATE PURO S/AZUCAR 185GR E.LAGOS";"3"
"7804320761718";"800006483";"VINO DIABLO VELVET MERLOT 750CC";"13"
"735380200633";"800007854";"MIX LEGUMBRES WANIA TOMATE ALBAHACA 120GR";"19"
"7802215104817";"800007972";"CHOCOLATE LENGUA DE GATO COSTA 120 G";"16"
"7707211632800";"800006634";"CAFE JUAN VALDEZ LIOFILIZ ORGANICO 95 GRS";"1"
"614143234149";"800008047";"YERBA MATE SENSORIAL JENGIBRE SOUR 250G TARRO";"3"
"8445291571242";"800007191";"CASSATA 1T PINA COLADA SAVORY";"6"
"8410113586049";"800008186";"VINO LAS MULAS RED BLEND 750 CC";"4"
"7804680980125";"800007363";"CERVEZA MAD CHARLIE´S AMBAR 0 ALC 355 CC";"22"
"7804621471774";"800008206";"ALBONDIGAS ATUN ROBINSON CRUSOE C/SALSA TOM 160 GR";"2"
"041500779850";"800007874";"SALSA BBQ CATTLEM. KANSAS FCO 12X18 OZ  MCCORMICK";"1"
"0609143581867";"800008254";"XPARLING SABOR NARANJA 240ML ";"24"
"800007994";"800007994";"JENGIBRE BLANCO PARA SUSHI KINOA NIKEI 460 CC";"2"
"8714100190128";"2850";"CEPILLO DENTAL PEPSODENT ESCV GIORGIO X 2";"4"
"7804676652395";"800008071";"AMBIENTAL DOÑA GABY AMB MAGICOS FELICIDAD 320 ML";"2"
"7804340909039";"4814";"VINO TARAPACA RSVA CAB/SAUV 750 ML";"5"
"7801230005222";"800008250";"FOUR PACK MIX FRUTAS HAPPY DREAMS 133 GR";"6"
"6325";"6325";"ANTICUCHOS BRAUNAU";"7.6899999999999995"
"7806810003612";"800008265";"ESPONJA VIRUTEX PLASTICA MULTIUSO SPUNITA X 1 UN";"6"
"7802247061355";"11042";"GAJITOS LIM NAR MERELLO 90 GRS.";"2"
"7805224000354";"800008278";"SODA CAUTICA KLAREN 250 GRS POTE";"6"
"070177197124";"12138";"TE TWININGS PRINCE OF WALES 10U";"6"
"7801220901145";"800008288";"ESPINACA MINUTO VERDE 350GRS";"14"
"7803005011018";"24838";"TRIGO MOTE JACINTO 1 KL";"2"
"7802575532664";"800008291";"SOBRE MASTER DOG CACHORRO 85GR";"15"
"7802410102410";"25283";"PIMIENTA NEGRA MOLIDA GOURMET 100 GRS";"7"
"7702103130143";"1017";"CEREAL ZUCARITAS 200 GRS";"14"
"7801505000327";"25627";"AZUCAR IANSA LIGHT 500 GRS";"4"
"8501110080439";"4580";"RON HAVANA CLUB  ANEJO 7 AÑOS 700 CC";"1"
"7500435020008";"30041";"SHAMPOO HEAD SHOULDERS RENOV 375 ML";"8"
"7613036868228";"8020";"HELADO CRAZY CHIRIMOYA ALEGRE 170ML SAVORY";"7"
"030772000922";"30181";"LAVALOZA DAWN BLUE ORIGINAL 458 ML";"2"
"070177050580";"12171";"TE TWININGS PURE CEYLON 10U";"3"
"7802410205906";"25237";"NUEZ MOSCADA MOLIDA GOURMET 26 GRS";"3"
"7805010000445";"30006";"AIR WICK ELECTRICO VAINILLA";"1"
"764451925328";"60678";"HELADO D´LIGHT SIN AZUCAR LUCUMA MANJAR 200GR";"3"
"7804633972634";"65415";"MERM FRUTOS BOSQUE 370GR SUR NATURALE";"3"
"7802955010874";"70601";"YOG GRI OIKOS SABOR CHIRIMOYA 110GR";"86"
"8445291971431";"87456";"HELADO SAVORY DANKY STRANGER THINGS 125ML";"12"
"5014271300429";"300166";"MERMELADA ST DALFOUR DAMASCO 284 GR";"2"
"300524";"300524";"MERMELADA SRA VIOLA DURAZNO C/AZ 500G";"2"
"7506309840024";"300883";"SHAMPOO PANTENE HIDRATACION EX 400ML";"7"
"6301618000524";"1583330";"HARINA LINAZA TERRANUT 330G";"5"
"7809620700191";"5009121";"MIEL BOQUI KLAASSEN 1 KGS.";"2"
"160010806100";"5009741";"CAFE NARANJA SENSORIAL 100 GRS";"3"
"7802410400356";"5010948";"HUMO LIQUIDO GOURMET 165 CC";"2"
"160010900100";"5009744";"CAFE YOGUI SENSORIAL 100 GRS";"5"
"7803908004452";"5011525";"AGUA GUALLARAUCO LIMON 500CC ";"22"
"7804613390519";"5011582";"QUESO GRANULADO250G LA VAQUITA  ";"21"
"7804920003621";"778431874";"PROT SOLAR RAYFILTER KIDS SPRAY 100ML FC50";"1"
"7804444001172";"778432531";"VINO J BOUCHON RSVA CAV SAU 750CC";"2"
"7804340901613";"778432260";"VINO TARAPACA RSVA CARMENERE 700CC";"11"
"0761847042867";"778432762";"MOSTAZA AGRIDULCE NOBLEZA ARTESANAL 220G";"4"
"0761847042898";"778432763";"MOSTAZA AL AJI NOBLEZA ARTESANAL 220G";"2"
"7804600778924";"800001820";"VINO OVEJA NEGRA GRAN RSVA CAB/FRANC/CARM 750 CC";"2"
"7804621470647";"778433045";"ENSALADA ATUN MEDITERRANEA ROBINSON CRUSOE 160 GR";"8"
"4000862110424";"800002959";"PURITOS CLUBMASTER MINI BLUE X 20					";"3"
"7802080000764";"778433154";"PROVOLETA 260 GR LOS TILOS";"4"
"5411663002990";"800003598";"CERVEZA GULDEN DRAAK BREWMASTER 750 ML";"1"
"7801970000440";"778433899";"HAMB PREMIUM 600GR X 6UN LLANQUIHUE";"18"
"7803600002206";"800004642";"SAL LOBOS PIRAMIDAL 250 GRS";"1"
"614143234088";"800001745";"YERBA MATE SENSORIAL NAVEGAO 250G TARRO";"7"
"7804304001229";"800005032";"VINO ERRAZURIZ MAX RSVA CARMENERE 750CC";"3"
"8076809513388";"800002052";"SALSA BARILLA ARRABBIATA 400 GRS";"7"
"7790520997746";"800005657";"AMBIENTAL AUTOM GLADE LAV/VAIN+ REP 175GRS";"1"
"739802463590";"800002504";"CAFE PREMIUM LLANQUIHUE BLACK 250 GR";"3"
"7509546012100";"800006350";"CEPILLO COLGATE ZZ ANTIBACT SOFT PACK X2 ";"7"
"7802337910938";"800002720";"AJI PEBRE TRAVERSO VINTAGE 450 CC";"6"
"6933625678979";"800006886";"POTE JALEAS MABU HONGUITO 100 UDS";"1"
"800003380";"800003380";"CAFE ROASTY COLOMBIA 250GRS";"12"
"6925374531834";"800007498";"POTE GOMITA BOTELLA SOUR BEAST 30U";"3"
"7803183180179";"800004382";"HELADO BOMBON FERRERO PUDU";"5"
"7803520003000";"800007839";"CEREAL SIN GLUTEN ENDULZADO 10X280 GRS";"1"
"7804654940438";"800004459";"BOMBONES DULCE LLUVIA ILUSTR VEGANO CJ X 12U";"9"
"614143234156";"800008045";"YERBA MATE SENSORIAL BERRIES 250G TARRO";"4"
"7804661490766";"800005076";"TE MATCHA KOE 100 GRS ";"5"
"7509552963380";"800008227";"ACONDICIONADOR ELVIVE GLYCOLIC GLOSS CRISTAL 370 ML";"2"
"7802110003284";"800005231";"CAPEL ICE FRUTOS BERRIES 275 ML";"45"
"7805040005687";"800008261";"LIMPIADOR IGENIX CLORO/GEL TRADICIONAL 900ML";"7"
"764451829350";"800005666";"MERKEN CACHO CABRA AVELLANA 50 GRS";"1"
"7805040000651";"800008271";"LUSTRAMUEBLES VIRGINIA NARANJA 360 CC AEROS";"3"
"7808304352077";"800005707";"BOMBON VALENTTE DOBLE CORAZON T-16 200 GRS";"7"
"7702626216751";"800008276";"QUITAMANCHA VANISH LIQ R COLOR 300 ML DP";"4"
"7804655191068";"800006053";"ESPONJA TEFLON DOÑA GABY 3UNDS";"4"
"7805040005748";"800006351";"CHANCACA DELICIOSA 200 GRS";"34"
"5902854106998";"800006771";"TE LIQUIDO DILMAH JASMINE GREEN 330 CC LATA";"6"
"7809573900013";"800006977";"VINO ORGANICO ODFJELL ARMADOR CAB SAUV 750CC";"4"
"7804000003602";"800007087";"CAJA BARRA PROTEINA EN LINEA ENERGY CHOC 4U";"5"
"078895120509";"12064";"SALSA TERIYAKI LEE KUM KEE 250 GRS";"4"
"7804619040487";"800007291";"VINO VERAMONTE COLECC COLORES SAUV BLANC 750 CC";"7"
"7806810002004";"26384";"LANA FINA DE OLLA VIRUTEX  X6";"6"
"8699462609504";"800007431";"BOMBONES SURTIDOS LEXUS 1 KL DOYPACK";"3"
"60130";"60130";"MERMELADA SRA VIOLA MOSQUETO C/AZ 500G";"2"
"78033481";"800007562";"VAP VUSE GO 1000 RAPSBERRY";"3"
"2007781003617";"651415";"CAJA CHOC BITTER LECHE BLANCO 90GR TDS";"7"
"659525154110";"800007659";"CERVEZA TRECA LA GABI 473 CC";"5"
"7802420002533";"5012147";"BEBIDA EN POLVO COLA CAO STEVIA CHOC 300 GRS POTE";"5"
"7802410005438";"800007822";"FIDEOS GOUDELS GOURMET POLLO 65 GRS POTE";"8"
"7804340101563";"778432095";"VINO GRAN RESERVA ETQ AZUL TARAPACA";"1"
"7804677280177";"800007840";"GALLETAS SANTIAGO CHOCOLATE 18X250 GRS.";"6"
"6301618001217";"778433444";"INFUSION TERRANUT LEMONGRASS 50GR";"1"
"8000070012783";"800007893";"CAFE  QUALITA ORO 250 G  LAVAZZA";"8"
"7802930000579";"778433792";"TABLA SELECCION N 1 QUILLAYES 550GR";"4"
"8000070053502";"800007899";"CAFE  CÁPSULA ESPRESSO DESCAFEINADO NUEVO 58G LAVAZZA";"3"
"7804314945711";"800001647";"VINO VIU MANENT SECRETO GRAN RVA PINOT 750CC";"3"
"632627820275";"800008004";"SET GINGER SHOT EWU JENGIBRE 60 ML X4 U";"13"
"7803480001269";"800002359";"PAN LINAZA CHIA FUCHS 650GRS";"1"
"7801909002583";"800008038";"CHURRASCO DE VACUNO POSTA 120G";"9"
"23045712003";"800003889";"CAFE SANTO GRANO ALTÍSIMO GRANO 250G";"1"
"084773601275";"800008194";"SURTIDO CALDILLO AL NATURAL ROBINSON CRUSOE 425 GRS ";"4"
"1702";"1702";"PRIETA GOURMET 400G CECINAS GRAU";"7"
"7790520002266";"2337";"INSECTICIDA RAID MAX MATA ARANAS 235 CC";"12"
"5000281015248";"4943";"LICOR GIN TANQUERAY LONDON 750 ML";"5"
"7802247100207";"11017";"DELICIA DE NUEZ MERELLO 250 G";"9"
"7801970001751";"15218";"MORTADELA JAMONADA LAM LLANQUIHUE 150GR";"19"
"7802410000112";"25206";"SALSA QUESO GOURMET 35 GRS";"7"
"7802410000525";"25532";"AZAFRAN GOURMET 0.5 GRS";"2"
"084773612516";"25695";"CHOLGAS EN ACEITE ROBINSON CRUSOE 190 GRS ";"6"
"7804340909312";"40495";"VINO TARAPACA GRAN RESV ETQ NEGRA ";"1"
"764451925335";"60679";"HELADO D´LIGHT SIN AZUCAR MANJAR PLATANO 200GR";"4"
"67124";"67124";"DUNS PINK WHITE 74 GRS EP";"36"
"7802095000209";"300878";"QUESAVILLAS PANCHO VILLA M 8UN";"5"
"5516660716854";"501191";"YOG DESCREMADO ARTISAN 1 LT";"8"
"7807990075543";"5009587";"BARRA FRUTOS SECOS 60GR PETIT";"20"
"78033726";"800007262";"VAP VUSE GO 3000 STRAWBERRY ICE";"7"
"7804621471293";"5011063";"ATUN ACEITE DE OLIVA ROBINSON CRUSOE 130 GR";"3"
"4017602700722";"800007277";"CARAMELOS COMPASS CLASSIC FRUTOS DEL BOSQUE";"9"
"084773601770";"5011081";"SALMON TROZ AGUA ROBINSON CRUSOE 170 GR";"6"
"7804619040425";"800007292";"VINO VERAMONTE COLECC COLORES MERLOT 750 CC";"8"
"7802351244002";"5012178";"AJI JALAPENO EXTRACTO DON JUAN 100G";"6"
"7802420007163";"800007382";"FRUTILLAS ESMERALDA 410 GRS";"12"
"7801230004010";"778431968";"CAJA DE MADERA TWININGS 6 DIV";"1"
"7802175003397";"800007464";"COCTAIL SABOR ANDINO SOUR CALAFATE 1 LT";"9"
"2007781002658";"778432421";"CONEJO TDS 350 GRS";"2"
"7804654941077";"800007504";"BOMBONES DULCE LLUVIA PISTACHO BITTER 30G";"18"
"7801315000159";"778432858";"LENTEJAS ESMERALDA 400G";"8"
"7804640499629";"800007559";"VINO BLUE CRYSTAL RSVA CAB SAUV 750 CC";"6"
"7809562402160";"800002124";"PURE DE CASTANAS PERELLO FCO 500 GRS";"3"
"8445292149808";"800007600";"GALLETAS KUKY SABOR NAVIDAD 150 GRS";"3"
"7802200117778";"800003558";"CARAMELO OLD ENGLAND TOFEE MINT 405 GRS";"3"
"7804319000514";"800007691";"VINO SANTA EMA GRAN RSVA PINOT NOIR 750CC";"6"
"7792860008557";"800004318";"CARAMELO PICO DULCE POTE 672 G";"4"
"7801220003504";"800007725";"CHAMPIÑON MINUTO VERDE PREMIUM 350GR";"14"
"7798121250932";"800004833";"HEMP WRAP LION ROLLING CIRCUS NATURAL X2 U";"1"
"7804673910863";"800007779";"BARRA WILD PROTEIN CAFÉ MOKKA 45 GRS";"3"
"6301618000814";"800005174";"MUESLI TERRANUT VITAM FRUTALES 500 GRS";"7"
"8076802085738";"800007863";"PASTAS PENNE RIGATE BARILLA 500G ";"7"
"7803300300664";"800006510";"SALSA DE ALMENDRAS COCALAN 330 GRS";"3"
"799192092596";"800007975";"ALMENDRAS GRAGEADAS VALQUILLO 200GR";"20"
"7804635420638";"800006967";"CONOS PAPEL FUMAR SOULBLIME BLANCOS 6 UNDS";"1"
"7804681180036";"800008046";"CERVEZA LOA FLOR DE TRUCO 470 CC LATA";"18"
"8424465953817";"800007166";"DONUT NEGRITO PACK EP 180GR";"30"
"7808304355931";"800008051";"MIEL CHAPUCO ULMO 1KG";"21"
"8424465952704";"800007169";"DONUTS CACAO PACK EP 110GR ";"38"
"7805000182229";"800008070";"DETERGENTE OMO ALOE LIQUIDO ULTRA 3 LT DP";"6"
"7804643980629";"800007653";"VINO VIK A GRAN RSVA CARMENERE 750 CC";"1"
"8410657305045";"800008109";"ARROZ PARA PAELLA TOSTANI 1 KG";"2"
"735380174125";"800007802";"MIX DE LEGUMBRES WANIA 120GR";"13"
"7804654940933";"800008117";"PAPÁ CONEJO 170G CH LECHE 34%";"11"
"041500000428";"800007870";"MOSTAZA FRENCHS DELI SZE TFC 12X12OZ MCCORMICK";"4"
"7804606296903";"800008148";"SET CAFE JUAN VALDEZ CAPUCC VAINILLA 6 SOBRES";"5"
"7806810014144";"800008218";"PANO MULTIUSO TRAD 3 UNI VIRUTEX";"13"
"7891150103016";"800008175";"ACONDICIONADOR DOVE RECONST+AMINOACIDO 370 ML";"5"
"964";"964";"CAZUELA EXTRA CAT V ";"95.26499999999999"
"084773602128";"800008191";"ALMEJAS AL NATURAL ROBINSON CRUSOE 425 GRS ";"2"
"7804617140004";"4647";"PISCO MAL PASO 750 ML 35º GL";"5"
"7804621471439";"800008200";"TRIPACK ATUN LOMITO AHUMADO ROBINSON CRUSOE 195 GR";"2"
"6341";"6341";"PRIETAS A/V X 4 BRAUNAU";"7.9159999999999995"
"7804621471736";"800008202";"ATUN LOMITOS ACEITE ROBINSON CRUSOE 320 GR";"8"
"7802900050078";"9189";"LECHE C/CHOCOLATE SOPROLE 1000CC lct";"1"
"7808304357010";"800008223";"CHORIZO PARRILLLERO CHAPUCO 500GR ";"20"
"7801300003776";"10522";"ESPARRAGOS EN TZ F DEL MAIPO 350G";"6"
"7707280880256";"25356";"CAFE JUAN VALDEZ VOLCAN MOLIDO 250 GRS";"7"
"7801505001720";"29939";"ENDULZANTE IANSA CERO K SUCRAL 180 ML";"12"
"7804305000771";"40123";"VINO MACUL DON MATIAS RSVA MERLOT 750CC";"41"
"7801300000409";"819";"SOFRITO FRUTOS DEL MAIPO 150G ";"91"
"7500435020046";"58978";"SHAMPOO H&S 2 EN 1 375ML";"3"
"990";"990";"POSTA NEGRA CAT V PROPIA KG";"2"
"764451925304";"60677";"HELADO D´LIGHT SIN AZUCAR CHOCO ALMENDRADO 200GR";"4"
"7802500037073";"1660";"SALSA DE TOMATE LUCCHETTI NAT 200GR ABT";"1"
"87126";"87126";"DUNS TUTTI BOMBON EP 75GR ";"73"
"088291100302";"4010";"RON ABUELO ANEJO 1 LTS";"2"
"7802930004928";"94657";"VEGANO CHEDDAR LAM QUILLAYES  200G ";"3"
"7802110001051";"4135";"CAPEL MANGO COLADA 700CC lvb";"3"
"7809558101947";"303274";"DAILY GOTAS LIQUIDO STEVIA 180ML";"19"
"7804320256900";"4391";"VINO CASILLERO DEL DIABLO CHARDONNAY LVB";"17"
"7804314945056";"5009341";"VINO VIU MANENT ESTATE RVA CAB SAU 750CC";"3"
"7808704700003";"4886";"VINO MISIONES RENGO RSV CARMENERE 750CC";"3"
"8076809545457";"5009497";"FIDEOS BARILLA S/GLUTEN PENNE RIGATE 400GR";"8"
"7804615340079";"4940";"CERVEZA KROSS 5 ANOS ANIVERS 750CC";"17"
"01801828";"5012310";"CERV BUDWEISER 473CC LATA";"18"
"7801220005669";"6088";"PULPA FRAMBUESA  MINUTO VERDE 335GR";"16"
"7802110003499";"778431634";"CAPEL ICE FRUTOS MANZANA  275 ML";"56"
"7802410506225";"7564";"COBERTURA DE CHOCOLATE GOURMET 200GR";"2"
"7500435020244";"778432327";"SHAMPOO PANTENE FUERZA RECONSTR 400ML";"6"
"7809569601337";"8947";"QUESO MANTECOSO DOÑA RAFAELA 800GR";"14"
"7803473003461";"778433855";"PINGUINOS MARINELA 3 UNID 120GR";"226"
"041333001043";"10025";"BATERIA DURACELLpcr";"10"
"4006581061009";"780455150";"CAFE EN CAPSULAS MOVENPICK RISTRETTO 10U";"4"
"070177197247";"12195";"TE VERDE TWININGS PURE 10U";"2"
"7896019207607";"800001170";"CAFE CRUZEIRO DESCAFEINADO 170 GRS";"4"
"7801300571510";"13415";"CHOCLO EN TROZOS F DEL MAIPO 650 GRS";"12"
"8003753900520";"800002423";"CAFE ILLY GRANO TOST CLASICO LATA 250 GRS";"4"
"7802410593386";"25295";"ESTRAGON GOURMET 5 GRS";"12"
"7806500224648";"800003355";"SERVILLETA NAVIDAD ELITE DECO 20UN";"1"
"7802410102014";"25515";"MOSTACILLA MULTICOLOR GOURMET 100 GRS";"7"
"7755120812974";"800003436";"BANDEJA RECTANGULAR MEDIANA C/BLONDA(25X33 CMS)";"1"
"7806500966029";"30318";"TAMPONES LADYSOFT SUPER 8 UND";"7"
"7806500982432";"800003841";"JABON LIQUIDO ELITE HUMECTANTE 700ML FCO";"3"
"5011007003029";"40038";"WHISKY JAMESON 40  750ML";"9"
"8005695005332";"800003944";"ACEITUNAS VERDES GIGANTES DAMICO 470 GRS";"1"
"7804320150604";"40575";"VINO ADOBE RESERVA CARMENERE 750 CC";"15"
"6301618001231";"800004119";"INFUSION TERRANUT ROSA JAMAICA 50GR";"4"
"7613037777741";"60229";"HELADO PURA FRUTA MANGO SAVORY";"22"
"0734191437177";"800004215";"CHIMICHURRI REY TREBOL RECETA ARG 190GRS";"1"
"7801930024547";"65117";"COMPOTA MANZANA DURAZNO PF 90G";"16"
"7804654940315";"800004470";"ALFAJOR BUNDOR ELFA 45 GRS";"10"
"0753153701798";"67712";"PALETA HELADO KREEMS MANJAR BROWNIE";"8"
"7802237001231";"800004778";"ZAATAR SUK 70 GRS";"1"
"78416";"78416";"CHORIZO VEGANO 4UN HAILSEITAN";"7"
"7804644170159";"800005092";"CERVEZA JESTER ASTRONAUTA 473 CC";"1"
"7804635611234";"78821";"CAMARON 21/25 CRUDO GLOBLA FROZEN 1K";"3"
"7804676650032";"800006056";"PAPEL ALUMINIO DOÑA GABY 30 MTS";"7"
"7802926001856";"82281";"PACK PALETA SAN FCO HEL VAINILLA 5UN";"9"
"7798121251472";"800006321";"PAPELILLO LION ROLLING CIRCUS MIND MINT";"1"
"7891000247198";"94592";"DENTALIFE PERRO RAZA PEQUEÑA 42GR";"5"
"7804637930036";"800006732";"PISCO BLACK HERON 43.5° 700 CC";"2"
"677144512296";"97852";"BARRA POWER BARBELL ACTIVA2 BLANCO 70GR";"60"
"7804631221932";"800006970";"VINO NIGTH CAT CAB SAUV 750 CC";"3"
"7804621471194";"300802";"ATUN LOMITOS ACEITE ROBINSON CRUSOE 140 GR";"6"
"7805000315559";"800007207";"JABON LIQUI DOVE KARITE 700 ML";"4"
"7802410002154";"301135";"PREMEZCLA CUPCAKES CHOCOLATE 300G";"2"
"7804655192218";"800007553";"LUSTRAMUEBLES DOÑA GABY LAVANDA GATILLO 500ML";"3"
"7891021002592";"303244";"FILTRO D/PAPEL MELITTA N 4 30 UNDS";"15"
"7804330010332";"800007753";"COCTEL 120 SPRITZ ROSATO 1.5 LT";"6"
"7809611719171";"601120";"SALMON AQUA TZ 500G";"15"
"7750243077927";"800007860";"CREMA HUANCAINA ALACENA 400 G ";"5"
"7804387001017";"5009275";"VINO CASA LAPOSTOLLE CAB SAUV 750CC";"5"
"7801909002309";"800008031";"HAMB. PAMPAVERDE VAC LIGHT 100G ";"15"
"8000368219801";"5009570";"ESPUMANTE RICCADONNA ASTI DOLCE 750ML";"11"
"7707211637829";"800008144";"CAFE JUAN VALDEZ LIOFILIZADO INSTA 150 GRS";"10"
"7803520001921";"5010333";"GALLETA ECOVIDA S/GLUT DULCE COCO 150G";"1"
"7801909001975";"798";"LOMO LISO TOROBAYO 300G";"1"
"78023147";"5010640";"CHEDDAR TROZADO SANTA ROSA 200 GRS";"9"
"040000536789";"5011115";"CHOCOLATE M&M PEANUT SINGLE 48";"81"
"8410113561282";"5011960";"VINO MIGUEL TORRES GRAN RSVA MERLOT 750CC";"3"
"7804615340369";"778431582";"CERVEZA KROSS PILS 710CC";"19"
"7804300143688";"4910";"VINO GATO PREMIUM CARMENERE 750 CC";"6"
"7801505001232";"778432266";"AZUCAR FLOR IANSA 1 KL";"16"
"7808737700506";"8948";"CHURRASCO POLLO SUPERPOLLO 500GR";"13"
"8410036009090";"778432536";"CAVA FREIXENET CORDON NEGRO BRUT 750CC";"4"
"7891021000628";"25654";"SOPORTE DE FILTRO MELITTA";"3"
"2007781003419";"778433655";"CASITA NAVIDAD TDS 4 UND 60 GRS";"1"
"659525128883";"65251";"MIEL AHUMADA DIVINA TERRA 500G";"1"
"7804915517850";"778434140";"SHAMPOO KIDS PAW PATROL 300ML";"1"
"7804687060066";"84956";"HELADO YOG AMARENA BRUMA 473 ML ";"23"
"778434259";"778434259";"NUECES EL ALMENDRO 80 GRS";"46"
"7804315002413";"301115";"VINO VIEJO ROBLE RSVA CARMENERE 2013 750ML";"3"
"7802337930400";"778434500";"PACK PARRILLERO TRAVERSO KET+MOST+PEB ";"4"
"8076809541091";"5009507";"PESTO BARILLA POMODORI SECCHI 200GR";"7"
"7804658020327";"800001180";"JUGO AMA ORGANICO MANZANA 1 LT";"2"
"7801620006198";"5010998";"NECTAR WATTS NARANJA VALENCIANA 1L";"90"
"23045712001";"800001869";"CAFE SANTO GRANO BENDITO GRANO 250GR";"5"
"084773623857";"5011087";"SARDINAS SALSA DE TOMATE ROBINSON CRUSOE 125 GR";"4"
"7792410146708";"800002035";"WHISKY BLENDERS HONEY 750ML";"11"
"2007781000616";"778431942";"CHOC BANDEJA MADERA TDS 410 GRS";"2"
"7896005810286";"800002275";"CAFE CRUZEIRO GOURMET 100% ARABICA 170 GRS";"11"
"7801510000084";"778433029";"SALMON AHUMADO VONFACH REBANADO 200G";"33"
"7501003698506";"800002345";"TEQUILA OLMECA BLANCO 700CC 40 ";"1"
"025215487224";"800001986";"PENDRIVE MAXELL 16GB";"1"
"7802100003201";"800003513";"CERVEZA COORS LATA 350CC";"67"
"7803111002276";"800002280";"MERMELADA PERFECT CHOICE CEBOLLA MORADA 160GR";"6"
"658325695489";"800003904";"KOMBUCHA PINDA PINA ALBAHACA 330CC";"13"
"7805000166885";"800003525";"JABON LIQUI DOVE ORIGINAL 700 ML";"7"
"7613038631189";"800004074";"SET 4U CAFE STARBUCKS SACHET MOCHA 22G";"3"
"7755120813834";"800004425";"VASO DE PAPEL PARA CAFE 240CC  X 10UN";"61"
"798190060361";"800004138";"CAFE MARLEY LIOFILIZADO STIR IT UP 100 GRS";"8"
"811751022650";"800005404";"VODKA STOLICHNAYA CUCUMBER 750 ML";"3"
"6301618000838";"800004192";"HARINA DE AVENA INTEGRAL TERRANUT 400G";"10"
"8445290262387";"800005478";"LECHE NIDO ENTERA 1350 GRS";"2"
"2007585000300";"800004397";"CAJA TE CHAI S.B. CANELO 28 GRS";"2"
"2007781003655";"800006593";"CAJA MADERA TDS BOM/TRUFA/MAZAP 180 GRS";"4"
"7798121251397";"800004846";"HEMP WRAP LION ROLLING CIRCUS BUBBLEGUM X2 U";"7"
"7804640499315";"800006974";"VINO CYCLO GRAN RSVA CARMENERE 750 CC";"3"
"7802215301636";"800005307";"SET X5 BARRA PROTEIN VIVO CHOCOLATE 40GR";"12"
"7804676652289";"800007310";"CEPILLO DENTAL TOTALWHITE ULTIMATE UNIT";"11"
"859940002885";"800005465";"CAFE MARLEY GRANO MOLIDO BUFFALO 227 GRS";"9"
"070177084158";"800007417";"INFUSION TWININGS ROOIBOS 25U";"5"
"7804671160253";"800005689";"SOUR NATURAL MARACUYÁ 475CCLA PIZKA";"5"
"7803111003808";"800007609";"ALCACHOFAS MARINADAS PERFECT CHOICE 185 GRS";"2"
"8410342004789";"800005983";"CHOCOLATE TORRAS ZERO NGR 72% CACAO 100G";"16"
"7801909000565";"800008030";"HAMB. PAMPAVERDE VAC 100G ";"11"
"793969039104";"800006167";"GRANOLA GRANOLERA CACAO FRASCO 500 GRS";"4"
"745853016593";"800008153";"CAPSULA CAFE MARLEY BLUES CAPPUCCINO X10 U";"2"
"6301618100088";"800006280";"CAFE TERRANUT COLOMBIA GRANO ENTERO 250G";"8"
"6301618100132";"800008162";"CAFE TERRANUT COLOMBIA MOLIDO INTENSO 1 KL";"2"
"7802800001873";"800006621";"JUGO ZUKO MANGO 15 GR ";"11"
"799192222610";"800008208";"PLATANITO EL ARRIERO LIMON PICANTE 135GR";"18"
"7802215610035";"800006692";"POPCORN POPS FRAC 220 GRS";"13"
"812";"812";"PULPA PIERNA CERDO KG";"112.14200000000001"
"7802410005186";"800006720";"CANELA CASSIA GOURMET 160 GRS";"3"
"75041670";"4790";"CERVEZA CORONA EXTRA 330 ML";"12"
"745853004828";"800007082";"GINGER BEER KUFEO CRANBERRY 350 CC";"5"
"7798085681452";"7444";"JUGO CITRIC NARANJA 100% EXPR 500 ML";"18"
"745853443894";"800007092";"CHURRASCO SEITAN DELICIAS 250G";"7"
"7730976823497";"10818";"JUGO 100% GROW NATURAL NARANJA 200ML";"52"
"7808725410448";"800007127";"VINO PENINSULA GRAN RSVA MERLOT 750 CC";"16"
"8445291145832";"11408";"HELADO CENTELLA SAVORY 52G";"25"
"7804676652364";"800007197";"AMBIENTAL DOÑA GABY AMB MAGICOS AMANECER 320 ML";"2"
"78031265";"15296";"PALL MALL ROJO X18";"7"
"736372938640";"800007299";"MERMELADA CALLE CALLE S/AZ RUIB FRUT 210 GRS";"5"
"7802950006629";"24234";"SOPA MAGGI POLLO C/ARROZ 68GR.abt";"10"
"5908249942905";"800007352";"TABACO TENNESIE VAINILLA 40 GR					";"6"
"7803600000813";"25443";"BIOSAL LOBOS DOYPACK 400 GRS";"6"
"7804678380029";"800007537";"VINO LOPEZ PANGUE MEZCLA 750 CC";"2"
"7803111003594";"800007607";"PESTO CREMOSO PERFECT CHOICE 190 GRS";"10"
"7804684890581";"800007611";"PROTEINA DE SOYA GESCHMACK BLANCA 500 GRS";"8"
"7312040350261";"40055";"VODKA ABSOLUT PEARS 750 ML";"1"
"7804319009517";"800007694";"VINO SANTA EMA GRAN RSVA SAUV BLANC 750CC";"6"
"41222";"41222";"PALTA INTERNA";"96.124"
"8445291385757";"800007737";"MULTIPACK SAVORY MEGA ALMENDRA 60ML X5";"9"
"70552";"70552";"PERA 2° SELECCION";"2.58"
"7804330010349";"800007754";"COCTEL 120 SPRITZ TINTO 1.5LT";"5"
"7802930005888";"78947";"QUESO MOZZARELLA  BOCCONCINI QUILLAYES 150GR";"8"
"735380120474";"800007801";"ARVEJAS CRUJUENTES LIM Y CIL  WANIA 120GR";"22"
"6301618001323";"2041040";"CEDRON TERRANUT 40GR";"3"
"7803520003109";"800007846";"COOKIE DIET 12X450 GRS";"13"
"5009176";"5009176";"MERMELADA SRA VIOLA MURTA ALUL 500G";"2"
"8000070022225";"800007895";"CAFÉ MOLIDO TIERRA BIO 180 G LAVAZZA";"2"
"8000368588303";"5009689";"ESPUMANTE RICCADONNA RUBY 750CC";"4"
"7801909002866";"800008041";"CHINCHULIN AL CHIMICHURRI 400G";"2"
"7804320510170";"778431456";"VINO CASILLERO SHIRAZ 750";"5"
"7804654941008";"800008127";"CONEJO CHOC VEGANO 54% S/AZUCAR 65G";"15"
"7804658470177";"778432245";"COCTAIL SANTA MARGARITA LIMON 750CC";"7"
"7802820774115";"800008182";"BEBIDA HIDRATANTE FASTLYTE FRUTILLA 625 ML";"29"
"7790139002879";"778433394";"LICOR FERNET 1882 750CC";"7"
"5";"5";"ASADO DE TIRA MESON RTC";"43.196999999999996"
"7808760900515";"778433971";"ACEITE OLIVA 250 CC HUASCO";"29"
"401";"401";"ESTOMAGUILLO CATEG. V NACIONAL";"1.53"
"7802410004158";"800002639";"ALINO COMPLETO GOURMET FCO 19 GRS";"3"
"7801875052056";"1458";"TE MILDRED X100 BOLSITAS.abt";"19"
"7802110003260";"800003980";"PISCO ALTO DEL CARMEN ETIQ BLANCA 750CC 40 ";"6"
"7802302840017";"1547";"PIMENTON PUMA 100 GRS";"5"
"2007585000348";"800004401";"CAJA TE VERDE S.B. LEMONGRASS 28 GRS";"1"
"7804910019434";"2731";"TALCO PARA PIES BROOKS 80G";"7"
"7792410779364";"800005510";"WHISKY BLENDERS AMERICANO 750ML";"2"
"7802215124693";"3485";"CHOCOLATE COSTA RAMA BLANCO  115  GRS pcr";"11"
"7798121251717";"800006320";"PAPELILLO LION ROLLING CIRCUS BANANA FREAK";"2"
"7802110001112";"4136";"CAPEL CHIRIMOYA COLADA 700CC ";"5"
"7804673910900";"800007378";"SET X5 BARRA WILD PROTEIN NARANJA BITTER";"6"
"7804330141111";"4461";"VINO 120 TRES MEDALLAS CAB/SAUVIGNON 700CC.TTO";"2"
"7898409954344";"800007420";"CAJA DE MADERA TWININGS 4 DIV";"1"
"7804617140011";"4648";"PISCO MAL PASO 750 ML 40º GL";"1"
"7802245001803";"800007629";"CHOCOLATE E. LAGOS CAJA NAVIDAD 79GR";"3"
"7808704700157";"4885";"VINO MISIONES RENGO RSV CAB SAUV 750C ";"6"
"8001665700115";"800007768";"TONNARELLI RANA 300G ";"10"
"7802926001337";"7315";"PACK PALETA SAN FCO HEL FRAM CREM 5UN";"7"
"7801235004817";"800007806";"FRUTA CONG FRAMBUESA LIGHT 6X333GR";"15"
"000042017029";"7845";"LONGANICILLA TRAFKINTUN 300GRS ";"17"
"8935330214792";"800007943";"DR FRUIT JUGO PIÑA + PULPA 490ML";"48"
"745853017675";"8974";"CREMA DE AJI ROFUCO 200GR";"1"
"8935330232338";"800007946";"DR FRUIT JUGO MARACUYÁ + PULPA 490ML";"35"
"745853997564";"800008209";"XPARLING SABOR ARANDANO 240ML ";"19"
"1029";"1029";"CAQUI KG";"12.985000000000001"
"7501058743121";"2098";"BETUN LIQUIDO NUGGET NEGRO 60GR pcr";"2"
"7802710566240";"11199";"CHARLOT 1LT SAHNE-NUSS SAVORY";"11"
"5010677801553";"4109";"VODKA ERISTOFF BLACK 700ML.";"5"
"7804682060160";"14077";"PERAS DOS CABALLOS MITADES 590 GRS";"1"
"7891136052000";"4572";"LICOR CAMPARI 750 ML LVB";"7"
"23103";"23103";"CEREZA CORAZON DE PALOMA";"0.99"
"7613035407145";"11118";"HELADO DANKY 21 SAVORY ";"12"
"7802337939045";"25630";"SOPA TRAVERSO VEGETALES POTE 65 G";"13"
"7804641490274";"23072";"MANDARINAS MALLA 1KG";"7.7"
"7804676651954";"29137";"SHAMPOO P/PERRO PRIN HIPOALERGENICO 500 ML";"1"
"7802410350118";"25220";"SALSA ALFREDO GOURMET 41 GRS";"6"
"7312040090754";"40054";"VODKA ABSOLUT CITRON 750 ML ";"2"
"7805010001558";"29188";"CERA NUGGET INCOLORA 340 CC";"8"
"7804305000795";"40220";"VINO MACUL DON MATIAS SYRAH 750CC";"1"
"8410113005267";"40102";"VINO SANTA DIGNA CABER SAUV 750CC";"2"
"7804340901170";"40349";"VINO TARAPACA GRAN RSVA MERLOT 750CC ";"3"
"000042017034";"79594";"MORCILLA BLANCA TXAFKINTUN  130GRS ";"22"
"7804670310062";"46703";"PACK X 3 MERKEN CACHO CABRA";"4"
"7809620700658";"5009124";"MIEL HUALPUTRA KLAASSEN 500 GRS.";"5"
"0745853437664";"60671";"HELADO D´LIGHT SIN AZUCAR BROWNICHOC 200G";"7"
"7800000162431";"5009607";"ALFAJOR PETIT MAZAPAN CALUGA";"27"
"7801300004094";"67463";"HELADO BITES ARANDANO 150 GRS FM ";"7"
"7804621470326";"5011052";"TROZOS CALAMAR EN TINTA ROB CRUSOE 111 GRS";"2"
"736372706096";"70541";"BOWL BURGER VEGY";"5"
"084773601794";"5011083";"SALMON TROZ AHUMADO ROBINSON CRUSOE 170 GR";"6"
"7804687060059";"84957";"HELADO FRUTOS DEL BOSQUE BRUMA 473 ML";"3"
"2007781000036";"5011419";"REJILLA MADERA SIN AZUCAR 145G TRADICION DEL SUR ";"3"
"7501072210265";"94583";"ALIMEN HUMEDO DOGCHOW ADULT CARNE 100GR";"31"
"8001665703994";"778431385";"SALSA BOLOGNESE RANA 225GR";"5"
"98246";"98246";"PEPINOS DULCE 430GR VONCATS";"5"
"715126000130";"778432638";"VINO MONTES ALPHA MERLOT 750CC";"2"
"084773611519";"300805";"CHORITOS EN ACEITE ROBINSON CRUSOE 190 GR";"5"
"7806810800433";"778433323";"BOLSAS DE BASURA VIRUTEX BIOROLLO 50X70 CM";"57"
"7804666810316";"849567";"WAFER NAT NATURAL ROMERO 100GR";"2"
"7809620700689";"5009120";"MIEL BOQUI KLAASSEN 500 GRS.";"7"
"7622202312199";"5009969";"GALLETAS CLUB SOCIAL QUESO 216G";"31"
"7802130000775";"800003288";"CERVEZA STELLA ARTOIS 473 CC";"11"
"7804621470074";"5011051";"TENT CALAMAR ROBINSON CRUSOE AC OLIVA 111 GRS";"13"
"78026612";"800003462";"TABACO BRISTOL ARANDANO 45GR";"6"
"2007781000586";"5011415";"SURTIDO SIN AZUCAR 125G TRADICION DEL SUR ";"3"
"7802110002065";"800003983";"PISCO ALTO DEL CARMEN CUMBRE 750CC 40 ";"4"
"7804320753607";"5012369";"VINO CONO SUR BIC CABERNET SAUV 750CC";"7"
"7802175002888";"800004717";"PISCO MISTRAL NOBEL APPLE 750CC";"2"
"5411663002716";"778431824";"CERVEZA GULDEN DRAAK 330CC";"8"
"7804655191167";"800006182";"GUANTES DOÑA GABY CONVENIENTES TALLA L";"11"
"5941021004699";"778432120";"JUGO MAQUI CALLE CALLE 450CC";"5"
"7804639690006";"800007353";"VINO CALCU TINY BLOCKS CARMENERE 750 CC";"5"
"715126900379";"778432596";"VINO MONTES LIM SELCC CARMENERE 750CC";"19"
"7802420011832";"800007486";"PAPAS FRITAS MARCO POLO C/AMER 140G";"491"
"715126900423";"778432635";"VINO MONTES ALPHA MALBEC 750CC";"2"
"6922235801365";"800007686";"BEBIDA GUNY´S POPPING BOBA FRUTILLA 350 ML";"12"
"701822709156";"87524";"MANI TOSTADO NATURAL 90GR LOS FRUTOS";"33"
"7755120813704";"800003440";"TENEDOR DE MADERA X 10 UNDS";"23"
"9312631837674";"800003801";"TE NEGRO DILMAH LIMON & LIMA 25 U";"1"
"7801610002858";"87849";"BEBIDA FANTA LATA 350 ML ";"61"
"78026797";"800003463";"TABACO BRISTOL SANDIA 45GR";"20"
"7501058750945";"800006052";"LIMPIAINODOR0 HARPIC XT FUERTE PATO 750CC";"2"
"659525542047";"89846";"MANTEQUILLA DE MANI UKRAINKA 500CC";"12"
"4008455458618";"800003489";"QUITAMANCHAS DESOD/SUDOR DR BECKMANN 250CC";"6"
"7757364000155";"800006443";"DESTILADO GRAN CRUZ 2 LTS";"1"
"659525111533";"89848";"CHIPS FRUTAL UKRAINKA 100GR";"16"
"7801235131612";"800003508";"JUREL NATURAL SAN JOSE BAJO SODIO 425GR";"25"
"7804619042399";"800007110";"VINO COLO COLO 1991 RED BLEND 750 CC";"6"
"7802955008826";"90085";"PROBIOTIC FRUTILLA CALAN 6X 90 ML";"35"
"7702011277589";"800003562";"GALLETAS MOMENTS RELLENA MORA 135 GRS";"41"
"070177145118";"800007415";"TE NEGRO TWININGS INDIAN CHAI VOYAGE 25U";"2"
"7802930004805";"90112";"YOG QUILLAYES BERRIES 800 GR";"2"
"7801875001320";"800003571";"BOLSA DE BASURA CLEAN 70X90";"93"
"7613035760592";"800007736";"MULTIPACK SAVORY MEGA RASPBERRY 55ML X5";"7"
"7802920006505";"90136";"QUESO COLUN UNTABLE AJO ALBAHACA 100 GR";"38"
"7804673090091";"800003582";"PISCO ARTESANAL VALLE LUNA 35 750 CC";"4"
"7806810003025";"800008263";"ESPONJA ACERO VIRUTEX CLASICA GRANDE";"10"
"8445291684201";"94570";"ALIMENT PERRO DOGCHOW CARNE MEDI POLLO 8KG";"5"
"7802575015563";"800003744";"PASTA P/UNO CARACOQUESOS CZZI 70 GR";"30"
"7802000020889";"800008348";"PAPAS FRITAS LAYS SWITCH QUESO 180 GR";"13"
"7501072210272";"94581";"ALIMEN HUMEDO DOGCHOW ADUL CORDERO 100GR";"44"
"658325421507";"800003786";"KOMBUCHA LA IDA EXPERIMENTAL 355 CC LATA";"179"
"7804647990181";"61230";"ESPINACA BABY HUERTO RANCO 200G";"44"
"7802900004170";"95468";"QUESO MATECOSO QUILQUE 17 LAM 500GRS ";"85"
"658325421545";"800003790";"KOMBUCHA LA IDA LEMON FRESH 355 CC LATA";"160"
"730170653187";"800005099";"GIN BROUWERSHAVEN 700 CC";"1"
"95488";"95488";"KIMCHI 400GR VONCATS";"15"
"658325421989";"800003796";"CERVEZA EL REGRESO CITRICAL APA 473 CC";"19"
"7803403003868";"800006409";"PINGUINOS MARINELA CHOCOLATE 80 GRS";"16"
"7801300004278";"96546";"ACAI BOWL FRUTOS DEL MAIPO 150GR ";"22"
"8411640001098";"800003806";"COCTEL SPIRIT PINA 275 ML";"18"
"7804945012479";"800006958";"SHAMPOO SIMONDS SMILLE COCONUTS 400 ML";"1"
"793969904488";"97841";"ALFAJOR PROTEIN COCO 80GR ACTIVA2";"115"
"7797453000420";"800003839";"SOBRE WHISKAS CARNE 85 GRS";"91"
"4792252924659";"800008015";"TE BASILUR ASSORTED ORIENTALES 60 BLS";"1"
"793969904457";"97845";"ALFAJOR PROTEIN CLASICO 80 GRS ACTIVA2";"153"
"30104907";"800003895";"OCB NO BLANQUEADO VIRGIN PAPER";"151"
"5745";"5745";"PERNIL COCIDO BRAUNAU";"1.206"
"793969904525";"97849";"BROWNIE PROTEIN ACTIVA2 BLANCO 180GR";"51"
"8000070052635";"800003936";"CAFE LAVAZZA PRONTISSIMO INTENSO 95G";"7"
"7791130007122";"30157";"LIMPIADOR MULTIUSO GLASSEX 500 GRS GATILLO";"4"
"793969904518";"97851";"BROWNIE PROTEIN ACTIVA2 NARANJA 180GRS";"54"
"8445291442382";"800003961";"CAFE NESCAFE DECAF 170 GRS TARRO";"13"
"5060033820117";"32541";"LIMPIADOR THE PINK STUFF BAÑO ESPUMA 750 ML";"1"
"7801300003691";"98526";"ARANDANO FRUTOS DEL MAIPO 400GR";"46"
"7801620008338";"800004021";"AGUA MINERAL MAS 1.6 LT PINA";"115"
"7804454000325";"40103";"VINO DONA DOMINGA CAB SAUV 750 CC";"8"
"7802920011400";"98841";"YOG COLUN PROT SQZ NATURAL S/A 150 GRS";"151"
"8410113072207";"800004042";"VINO LOCO DE PIEDRA RSVA CAB SAUV 750 CC";"3"
"7801552007782";"65655";"MULTIPACK MINI MILKA 48 GR 5 UND ";"2"
"7804646540240";"101200";"PROVOLETA RAULCO 250G";"27"
"6301618000012";"800004078";"BARRITA ENERGETICA TERRANUT DETOX 55G";"32"
"7804314945612";"5009340";"VINO VIU MANENT SECRETO GRAN RVA SYRAH 750CC";"1"
"7798147784008 ";"245613";"HELADO FRANUI PINK150 GR";"26"
"7804644170104";"800004088";"CERVEZA JESTER SAISON 473 CC";"8"
"8410300349044";"5009705";"CALDO CASERO DE CARNE 1 LTS.";"2"
"7802410101260";"300007";"ALINO COMPLETO 100 GR GOURMET";"16"
"070177078904";"800004095";"TE TWININGS ENGLISH BREAKFAST 50 BOLS";"253"
"5010327755014";"778433056";"GIN HENDRICKS 700CC";"1"
"7801300000096";"300065";"PAPAS PREFRITAS 1KG FRUTOS MAIPO";"178"
"7791290791466";"800004112";"DETERG OMO SENS LIQ P/DILUIR 500 CC RE";"73"
"7792798009107";"778433196";"CERVEZA QUILMES SIN ALC LATA 473 CC";"6"
"7509546654034";"300152";"PASTA COLGATE CONTROL TOTAL 90 GRS";"31"
"6301618000142";"800004118";"GRANOLA SESAMO CANELA 330GR TERRANUT";"32"
"8005121000917";"800001145";"TAGLIATELLE 91 DIVELLA 500 GRS";"6"
"7802575531742";"300176";"SOBRE MASTER CAT SALMON SARDINA 85 GRS";"86"
"781159840678";"800004141";"DISPLAY CAFE MARLEY CAPUCCINO 8 SOBRES";"9"
"7804658020341";"800001181";"JUGO AMA ORGANICO MANZ-KIWI 1 LT";"1"
"7802955009243";"300226";"YOGURT GRIEGO COLCHON PAPAYA 150 GR";"5"
"7802100004345";"800004149";"CERVEZA PATAGONIA BLACK LAGER 470 CC";"224"
"7804454004866";"800004684";"ESPUMANTE DOMINGA BRUT 750CC";"2"
"7801305004075";"300267";"GARBANZOS WASIL 380 GR";"74"
"071990100711";"800004206";"CERVEZA COORS LATON 710CC";"107"
"0745853191931";"800005087";"CALUGAS BOLSA TALLER DULCE";"4"
"7809620700092";"300277";"MIEL KLAASSEN PRADERA 1 KG";"8"
"5413121362028";"800004280";"CHOCOLATE BELGIAN HARVEST HEARTS 200G";"9"
"7501058715258";"800005469";"AMBIENTAL AIRWICK PURE SUAVIDAD ALGODON 250CC";"2"
"7804642980484";"300363";"BUTIFARRA PARRILLERA 250 GRS SCHWENCKE";"34"
"7802110003253";"800004295";"PISCO ALTO DEL CARMEN ROBLE DEL SUR 1LT";"68"
"7730976822384";"800006231";"PURE DE TOMATES PONTEVEDRA TETRA 1030 GRS";"8"
"041789001840";"300402";"SOPA INSTANTANEA MARUCHAN  POLLO PICANTE 64 GR";"31"
"0765066727451";"800004305";"TABACO SPRINGFIELD VAINILLA 40 GR";"20"
"7730976822582";"800006500";"PULPA DE TOMATES PONTEVEDRA TETRA 205 GRS";"2"
"7803960000539";"300463";"CHIA OSO 250GR";"16"
"7802410004288";"800004310";"ESENCIA VAINILLA GOURMET 165 ML";"37"
"7610113025024";"800006756";"RON BACARDI ORO 700 ML.LVB";"2"
"7790272001005";"300493";"ACEITE NATURA 100 MARAVILLA 900ML";"71"
"7803183180445";"800004381";"HELADO VAINILLA PUDU";"21"
"8000320010095";"800007595";"PASSATA VERACE CIRIO VIDRIO 700 GRS";"6"
"7809568610033";"300557";"JAMON SERRANO LONCHADO ASTURES 180G";"50"
"7804639040245";"800004389";"CERVEZA GUAYACAN HAZY LAGER 470CC LATA";"8"
"7806810240086";"800008324";"TABLA P/CORTAR ILKO PEQUEÑA 21X30 CM CLASICA";"1"
"7804642980507";"300663";"SALCHICHAS SCHWENCKE ORIGENES 250GR";"65"
"7802107000937";"800004394";"CERVEZA KUNSTMANN VALDIVIA 470 CC LATA";"1837"
"50196388";"4683";"WHISKY BUCHANANS 750 ML";"1"
"7802920005164";"300747";"LECHE CULTIVADA COLUN LIGHT FRUTILLA 180ML";"130"
"2007585000393";"800004406";"CAJA INFUSION S.B. MAQUI CACAO 28 GRS";"3"
"4068500003705";"11314";"PEPINILLOS EN VINAGRE STOLLENWERK 1.5 KLS";"11"
"7800120170170";"300785";"AVENA VIVO INSTANTANEA 700 GRS";"56"
"0781159032547";"800004408";"ALFAJOR DULCE SAN VALENTIN LECHE 50G";"97"
"7802920010199";"89545";"YOGH COLUN PROTEIN PLUS CHIRIMOYA 190GR";"3"
"7802920004129";"300835";"QUESO RANCO COLUN LAM SR 150G";"63"
"7501013107388";"800004439";"NECTAR JUMEX PINA 460 ML ";"28"
"7804330121113";"300516";"VINO MEDALLA REAL RSVA CAB. SAUVI 750CC";"6"
"7801305004167";"300961";"DURAZNOS CUBITOS WASIL 500GR";"48"
"7802100004185";"800004452";"CERVEZA HEINEKEN 650 CC ";"1137"
"7509552961515";"5012299";"ACONDICIONADOR ELVIVE DREAM LISO ANTI FRIZZ 370 ML";"1"
"7802832000011";"301013";"JUGO AFE CIRUELA 300CC";"3"
"7804654940353";"800004465";"ALFAJOR DULCE LLUVIA MANJAR 45 GRS";"58"
"715126600019";"778432595";"VINO MONTES LIM SELCC PINOT NOIR 750CC";"2"
"7802150003329";"301116";"COCTEL ANEJO DULCE CENTENARIO 1LT";"1"
"7804654940308";"800004469";"ALFAJOR BUNDOR BELZEBOO 45 GRS";"63"
"7804665830032";"800001422";"ESPUMANTE DESALCOHOLIZADO SINZERO BRUT 750CC ";"2"
"7802420011740";"303063";"CASTANAS DE CAJU MARCO POLO 150 GRS";"99"
"7804661490087";"800004605";"CHIPS HONEY BANANA KOE 120 G";"28"
"5901177153023";"800002455";"ESTUCHE FRUTOS DEL MAR SURT VOBRO 185 GRS";"2"
"7801610591888";"303183";"BEBIDA SPRITE ZERO 591ML";"101"
"7804661490285";"800004617";"JARABE DE AGAVE ORGANICO KOE 330 ML";"10"
"9002859075360";"800002799";"EST. BOMBONES SELECC BLUE MAITRE T 400 GRS";"2"
"7802420007958";"303223";"CEREAL MANJAR PILLOWS COLA CAO 350 GRS";"49"
"78021624";"800004638";"SAL LOBOS MOLINILLO 88 GRS";"5"
"5997321750118";"800005468";"AMBIENTAL AIRWICK PURE FLORES MAGN 250CC";"2"
"7802237000883";"303386";"SURTIDO DULCES ARABES MINI COCKTAIL 6 UNID";"77"
"7622201693152";"800004643";"GALLETA OREO CHOCOLATE 108 GR";"85"
"8005121054088";"800006375";"SPAGHETTI DIVELLA ESPINACA 500 GRS";"3"
"7804616480026";"303434";"CERVEZA DOLBEK MAQUI 330CC";"75"
"7804315012894";"800004671";"ESPUMANTE LA DOLCE VITA BRUT 750CC";"7"
"7804619042405";"800007112";"VINO COLO COLO ETERNO CAMPEON 750 CC";"1"
"7801610591123";"303466";"BEBIDA FANTA ZERO 591CC";"58"
"40677767";"800004677";"LICOR JAGERMEISTER 200 ML";"21"
"8906071884612";"800007496";"POTE KING POP MABU PINTALENGUAS SURTIDOS";"1"
"7801620006174";"303529";"NECTAR WATTS SELECC PIÑA GUAYABA 350 ML";"31"
"7804454001537";"800004696";"VINO CASA SILVA ANGOSTURA MERLOT 750 ML";"9"
"7804688170009";"800008329";"TRAPERO HUMEDO RITMO CLEAN LAVANDA";"2"
"7613035493650";"303561";"CHOMP SAHNE-NUSS 225ML SAVORY";"37"
"7801305005461";"800004719";"HABAS WASIL TETRA 380 GR";"21"
"7802215104091";"800008354";"CHOCOLATE D/LECHE COSTA RAMA 240 GRS";"1"
"7809611721167";"456451";"LOMO SALMON NAT 85GR LA CRIANZA";"86"
"7806500406839";"800004724";"TOALLA PAPEL NOVA ULTRA MEGAROLLO X 1";"152"
"7803600002503";"24342";"SAL LOBOS SALERO 250 GRS";"2"
"7804627650432";"500025";"MAYONESA CASERA BUKA 310 GRS";"114"
"7802107000777";"800004752";"CERVEZA KUNSTMANN MIEL 500CC";"104"
"5060033823675";"32543";"LIMPIADORTHE PINK STUFF CREMA  500 ML";"1"
"8935048604113";"500100";"BEBIDA ALOE VERA WIN MANGO  500 CC ";"23"
"7804644170173";"800004780";"CERVEZA JESTER LA NUBE 473 CC";"13"
"7802920010731";"60676";"YOG BAT COLUN LIGHT NATURAL END 900GR";"1"
"7802420009242";"500110";"RAMITAS QUESO MARCO POLO 230 GRS";"79"
"7803403003240";"800004798";"PAN INTEGRAL IDEAL CERO CERO 580 GRS";"43"
"5411663002846";"778431825";"CERVEZA GULDEN DRAAK 9000 330CC";"1"
"7802351234607";"500116";"AJI CREMA DON JUAN PET 240G ";"44"
"0798190046273";"800004812";"AZUCAR DE CANA INTEGRAL 1 KL";"52"
"5411663003027";"778432967";"CERVEZA GULDEN DRAAK BREWMASTER 330CC";"1"
"7802351421205";"500120";"SALSA AMERICANA DON JUAN 180 GRS";"69"
"7801505003052";"800004836";"LENTEJAS IANSA TETRA 390 GRS";"33"
"8005121000702";"800001161";"ROSMARINO DIVELLA 500 GR";"1"
"7802920010229";"641400";"YOG COLUN PROTEIN 18 FRUTILLA 190 ML";"154"
"7801610284339";"800004859";"BEBIDA SPRITE ZERO 3LT DES";"48"
"011210006508";"800003098";"SALSA TABASCO HABANERO SAUCE 60 ML";"1"
"799192551147";"784512";"JALEA DULCERIA MILLARAY ZARZAPARRILLA 230 GRS ";"12"
"7730219021338";"800004883";"JABON ELITE HUMECTANTE BARRA 90 ML";"86"
"8445290262943";"800006570";"LA CREMERIA PASSION FRUIT Y MANGO 1LT SAVORY ";"1"
"7809611721181";"798456";"NUGGET LA CRIANZA SALMON 400GR";"20"
"7804000002575";"800004934";"MERMELADA EN LINEA DURAZNO DOYPACK 350 GRS";"7"
"7804666810026";"849560";"NAT CRACKERS DATIL ALMENDRA 160GR";"6"
"7804000001851";"800004949";"CEREAL EN LINEA INFLADO MAIZ 300 GRS";"8"
"7802705401471";"874123";"HELADO CARTE DOR CHOCOLATE 900ML";"9"
"7804000001998";"800004966";"GRANOLA EN LINEA ALMENDRAS 320 GRS";"23"
"78032163";"954622";"CREMISIMO LUCUMA 100 GR COLUN";"64"
"7804000002117";"800004971";"MUESLI EN LINEA FRUTAL 700 GRS";"10"
"6301618000784";"3535430";"MANTEQUILLA DE MANI TERRANUT 1KL";"45"
"7804000002650";"800004979";"ALMENDRAS BANADAS EN LINEA 80% CACAO 100 GRS";"13"
"7802420002380";"5000104";"PAPAS RUSTICAS QUESO MPOLO 185 GRS";"49"
"7804000002742";"800004981";"BARRA DE MANI EN LINEA CUB CACAO 170 GRS";"13"
"7802420011764";"5008715";"PISTACHOS SALADOS ALUM MARCO POLO 150 GRS";"39"
"7804000002513";"800004984";"MAYONESA EN LINEA 350 GRS";"10"
"7802215502514";"5008717";"GALLETA DINDON 115 GR";"132"
"7804617040434";"800005043";"CERVEZA MESTRA RSVA 750 CC";"27"
"7809620700023";"5008738";"MIEL KLAASSEN ULMO 1KG";"52"
"7804680980019";"800005058";"CERVEZA MAD CHARLIE´S AAA 473 CC";"38"
"7801505001706";"5008758";"AZUCAR IANSA 900 GRS";"335"
"7804661490827";"800005070";"MANI JAPONES KOE 900GR";"9"
"7802710831119";"5009046";"CASSATA 1LT PINA SAVORY ";"15"
"7804661490926";"800005075";"TRAIL MIX 2 MIX CORN 100 GRS";"31"
"7806500174202";"5009107";"PANUELO ELITE MENTOLADO X6";"55"
"8445291028081";"800005104";"LECHE EVAPORADA IDEAL 366 ML.";"35"
"7809620700184";"5009125";"MIEL HUALPUTRA KLAASSEN 1 KGS.";"5"
"7802410004509";"800005122";"SALSA STREET GOURMET ACEVICHADA 250 GRS";"6"
"7803516000082";"5009194";"CURRITOS GRISSINES NATURAL 85GR";"70"
"4792252916418";"800005135";"TE BASILUR MAGIC NIGHTS 25 BLS";"18"
"7896015530181";"5009305";"CEPILLO DENTAL SENSODYNE SUAVE UNIT";"11"
"4792252001114";"800005142";"TE BASILUR EARL GREY 25 BLS";"17"
"041500000992";"800007868";"MOSTAZA  DIJON FRENCHS SQUEEZE 12X12  MCCORMICK";"1"
"7804314945315";"5009339";"VINO VIU MANENT ESTATE RVA.CARMENER 750CC";"45"
"7908228803270";"800005185";"TUBOS FINI FRUTAS SILV Y CREMA ACIDA 80G";"11"
"1880";"1880";"TOCINO AHUMADO LLANQUIHUE 1K ";"0.513"
"7809611701268";"5009411";"CHOCLO TIERNO LA CRIANZA 400GR";"120"
"7804680980057";"800005191";"CERVEZA MAD CHARLIE´S ORGANIC RED ALE 473 CC";"40"
"070177029630";"12102";"TE TWININGS ENGLISH BREAKFAST 100G LATA";"1"
"7809611701282";"5009433";"ARVEJAS TIERNAS LA CRIANZA 400G";"38"
"7802820410211";"800005200";"NECTAR ANDINA DURAZNO 400CC PET";"93"
"7802410205258";"25254";"ALBAHACA GOURMET 11 GRS";"1"
"7802410002253";"5009482";"SOPA COSTILLA FIDEOS GOURMET 62GRS";"29"
"745853212506";"800005218";"KOMBUCHA PINDA FRAMB/LIMON/MENTA 350 ML LATA";"233"
"56146";"56146";"DUNS NUBES EP 59 GR";"5"
"5009517";"5009517";"LENA CERTIFICADA DEL SOL SACO";"34"
"7804661490865";"800005252";"SALSA DE SOYA CROKET 500 ML";"11"
"7804641960029";"5009395";"JUGO CON. CRANBERRY SUCRALOSA 450ML";"1"
"7702367000985";"5009548";"ATUN TRI LIGHT 16 X 80GRS VAN CAMPS";"20"
"7804616480231";"800005277";"CERVEZA DOLBEK MAQUI 500 CC";"122"
"9002859037580";"800001536";"ESTUCHE PRALINE MAITRE TRUFFOUT SURT 400 GRS";"1"
"7802420009518";"5009578";"MANI SALADO 150G MPOLO";"186"
"7802100005113";"800005289";"CERVEZA PATAGONIA BLOND LAGER 470 CC";"108"
"7804600870178";"800006482";"VINO KORTA RSVA DE FAMILIA 750CC";"1"
"7802420125492";"5009580";"MANI TIPO JAPONES 100G MPOLO";"274"
"8445290846822";"800005308";"CREMA DE MARISCOS MAGGI 45GR.";"8"
"7898954933610";"800006627";"PAN FRANCES DR SCHAR 100 GRS";"1"
"7802810011466";"5009595";"POUCH WATTS PERA 90GR";"133"
"7803111002993";"800005324";"GALLETAS ARTISAN PERFECT CHOICE CRANBERRIES 130G";"26"
"7806810240055";"800008323";"TABLA P/CORTAR ILKO GRANDE 40X26CM CLASICA";"1"
"7800000162424";"5009605";"ALFAJOR FRAMBUESA PETIT";"38"
"7791290794245";"800005332";"CIF CREMA MULTIUSO LIMON 750 GRS";"49"
"8003180003399";"70510";"CREMA BRAVO 1LT";"60"
"9002859053801";"5009619";"CHOCOLATE STICK MAITRE TRUF MENTA 75GRS.";"31"
"7804627650982";"800005354";"PAPAS CAMOTES BUKA FLOW CORTE AMER 200 GRS";"181"
"800007521";"800007521";"ARRIENDO LOCAL LOS HELECHOS 500 SEGUNDO PISO LADO B";"1"
"7891000402931";"5009625";"GALLETAS GAROTO CHOCOBUISCUIT LECHE 78 GRS";"18"
"7804627650678";"800005364";"SALSA DE TOMATE BUKA PASSATA 515 GRS";"119"
"7802930002481";"5009685";"Q RALLADO QUILLAYES GRUYERE MOZZARELA 100GR";"24"
"7803468003469";"800005374";"TORTILLAS ANDALE BURRITOS 21 CM 400 GRS";"1"
"7803111001729";"5009769";"PESTO GENOVENCE PERFECT CHOICE 140 GRS";"26"
"7801610381021";"800005381";"BEBIDA SCHWEPPES GINGER S/AZUCAR 1.5";"73"
"7804340102997";"800007269";"VINO TARAPACA GRAN RESV ETQ ROJA RED BLEND 750 CC";"3"
"7800000162172";"5009796";"CALUGA MANJAR NUEZ 10 UN PETTIT";"204"
"7802225428026";"800005410";"CHUBI DOYPACK 90 GR";"56"
"14815";"14815";"GALLETAS TRICA 100GRS";"750"
"7800000162806";"5009798";"BARRA MAZAPAN BANADO 120GRS PETIT";"78"
"7622201717629";"800005426";"GALLETAS CLUB SOCIAL 216 GR";"65"
"7802920010748";"9422";"YOG BAT COLUN LIGHT END NAT FRUTILLA 120 GR";"4"
"7800000162028";"5009802";"CUCHUFLI PACK 4 PETIT";"260"
"7802000017803";"800005455";"AVENA QUAKER GRANOLA MIEL ALMENDRAS 320G";"15"
"7800000162868";"5009808";"MERMELADA MURTA 450 GRS CALLE CALLE";"23"
"7806500750031";"800005467";"TRAPERO HUMEDO NOVA X10";"19"
"9002859035982";"5009815";"MERMELADA MORA 450 GRS CALLE CALLE";"21"
"0764451481763";"800005490";"BARQUILLO XL VALQUILLO MANTEQ MANI X4U";"54"
"7801620006631";"5010012";"AGUA MAS GRANADA 1.6CC";"126"
"0764451481787";"800005492";"BARQUILLO XL VALQUILLO MANJAR ART X2U";"82"
"6301618000517";"800004246";"HARINA CALABAZA TERRANUT 330 G";"2"
"7801620006655";"5010019";"AGUA MAS PERA 1.6CC";"209"
"7801620009823";"800005506";"ICE TEA LIPTON TE NEGRO PET 1.5 LTS";"64"
"7804945012424";"800006960";"SHAMPOO SIMONDS SMILLE PINEAPPLE 400 ML";"2"
"7804668160068";"5010055";"SIDRA PATAGONIA DEMI SEC 750 CC";"27"
"7804681180005";"800005531";"CERVEZA LOA ENTRENUBES 470 CC LATA";"9"
"8684154701208";"800007432";"MINI CONE WAFINO HAZELNUT 100 GRS BOLSA";"5"
"7805080695084";"5010082";"CLORINDA CLORO GEL ORIGINAL 900ML";"34"
"7801305005591";"800005541";"SALSA DE TOMATES WASIL 180 GRS SACHET";"85"
"7804621471521";"800008205";"ENSALADA ATUN LENTEJA ROBINSON CRUSOE 160 GR";"2"
"7802175457275";"5010122";"PISCO TRES ERRES 1LT";"93"
"7804680980071";"800005562";"CERVEZA MAD CHARLIE´S MAZ IMP STOUT 473 CC";"15"
"7509552961492";"800008238";"CREMA TRATAMIENTO ELVIVE DREAM LISO ANTI FRIZZ 300 ML";"3"
"7802820678017";"5010147";"BEBIDA ISOT POWERADE FROZEN BLAST ZERO 1.1LT";"48"
"5941021004760";"800005579";"ALFAJOR CHOCOLATE BLANCO PETIT ";"31"
"7806810016537";"800008312";"LIMPIADOR MULTISUPERFICIES VIRUTEX CITRICO 900 ML";"8"
"78018846";"5010198";"PALL MALL ROJO HL 10";"28"
"764451829336";"800005664";"MERKEN CACHO CABRA ALBAHACA 50 GRS";"4"
"502";"502";"PAN BOCADO DE DAMA ENVASADO 350 GRS APROX";"9"
"7804343004151";"5010243";"RESERVA PETIRROJO CAB/SAUV 750CC";"15"
"7804671160239";"800005687";"SOUR NATURAL CLÁSICO 475CCLA PIZKA";"23"
"7613032203719";"1126";"CAFE NESCAFE TRADICION 100GR. GRANULADO FRASCO";"10"
"7801620006891";"5010288";"BEBIDA PEPSI ZERO 3 LTS";"185"
"7804671160154";"800005692";"PIÑA COLADA 100% NATURAL 350CCLA PIZKA";"5"
"7802215101472";"3471";"CHOCOLATE COSTANUSS 110GR";"14"
"7804300129491";"5010347";"VINO CASTILLO DE MOLINA RSVA SAUV BLANC 750CC";"29"
"7808304352657";"800005704";"CHICLE GIGANTE OMG 85 GRS";"80"
"7802107000050";"4882";"CERVEZA KUNSTMANN MIEL 330 CC";"6"
"5941021001674";"5010407";"CHOCOLATE TABLETA HEIDI DARK EXTREME";"56"
"7801620010461";"800005720";"AGUA PURIFICADA MANANTIAL S/GAS 3 LTS";"157"
"070177169633";"12177";"INFUSION TWININGS FRUTILLA/MANGO 10U";"3"
"041333431482";"5010429";"PILA ALCALINA DURACELL BLISTER AAA X2";"160"
"7801620009441";"800005732";"BEBIDA KEM PINA 600CC DESECHABLE LVB";"136"
"7806810002073";"26359";"MAGO PADS VIRUTEX SIN JABON X 12 UNDS";"7"
"78023055";"5010638";"CABRA TRADICIONAL TROZADO 200 GRS";"16"
"7804673220078";"800005743";"CERVEZA CUELLO NEGRO AMBAR 473CC ";"133"
"4000417018007";"28247";"CHOCOLATE RITTER SPORT ALPES 100 GRS";"11"
"78023161";"5010659";"GRUYERE TROZADO 200GRS SANTA ROSA";"15"
"7804673220061";"800005745";"CERVEZA CUELLO NEGRO SESSION IPA 473CC ";"75"
"8001665700047";"5010845";"GIRASOLI RICOT Y ESPINAC RANA 250GRS";"108"
"7802200134072";"800005769";"CINTAS LOOP AMBROSOLI ACIDAS FRUTALES 67 GRS";"75"
"659525128890";"65250";"MIEL MULTIFLORA DIVINA TERRA 500G";"2"
"7804619570045";"5010869";"QUESOS LAS PARCELAS LAMINADO 350GR";"27"
"7803520003086";"800005787";"GALLETA ECOVIDA CHIPS CHOCO 145G ROLLO";"2"
"7800000162752";"5009869";"CAJA MAZAPAN X10 FIG PETIT";"7"
"7802920007120";"5010933";"LECHE COLUN CHOC ORIGINAL 1L";"264"
"7803520003215";"800005792";"GALLETA ECOVIDA ZANAHORIA 100 GRS";"20"
"7802410000228";"5010937";"CURRY GOURMET 27GRS FRASCO ";"3"
"7802175000723";"5011110";"MISTRAL ICE ENERGY 275CC";"57"
"7500435237215";"800005845";"DETERGENTE ARIEL DOWNY 700G";"30"
"2007785000049";"5011295";"INFUSION FRUTAL ARANDANO 50G SIEMPREBERRIES";"1"
"7804632980111";"5011285";"QUESO CABRA OREGANO ARTISAN 180GR";"20"
"799192075209";"800005908";"CERVEZA EL GROWLER SOLSATION 330 CC LATA";"20"
"2007781000821";"778432191";"CHOCOLATE CAJA 90.TRAD SUR";"2"
"2007785000056";"5011297";"TE NEGRO MURTA MAQUI 50G SIEMPREBERRIES";"4"
"7804660620065";"800005913";"POPCORN PURIPOP SAL DE MAR 125 GRS";"13"
"7804608720048";"778433975";"ACEITE OLIVA 250 CC ACULEO BLEND";"15"
"7802215101625";"5011362";"CHOCOLATE COSTA CACAO MENTA 100GRS";"48"
"7804646450266";"800005917";"GALLETAS DE ARROZ MIZOS CHOCOLATE 120 GRS";"38"
"7755120810307";"800003424";"PLATO MEDIANO 18 CMS POLIPAPEL NARANJO X 10";"2"
"7802080000146";"5011380";"QUESO FRESCO LOS TILOS 350GRS";"155"
"7802000019012";"800005940";"GATOLATE 200 GRS.";"56"
"7506195143834";"800003690";"SUAVIZANTE DOWNY BRISA DE VERANO 500 ML";"9"
"2007781000562";"5011412";"BOMBON-TRUFA SURTIDA 140G TRADICION DEL SUR ";"15"
"7804658020402";"800005949";"JUGO AMA ORG MANZANA PERA 200 CC";"34"
"6922516326785";"800007017";"AROMATIZANTE AUTO SPARCO CASCO VAINILLA ";"1"
"8001665700054";"5011464";"TORTELLINI JAMON CR&QUESO RANA 250G";"15"
"7801620010386";"800005980";"AGUA MAS LIM FRAMB 1.6CC";"202"
"5060229011565";"800007282";"TE PUKKA ELEGANT ENGLISH BREAKFAST 20 BLS";"2"
"7803908004445";"5011527";"AGUA GUALLARAUCO PERA 500CC ";"26"
"6301618100071";"800006032";"CAFE TERRANUT NICARAGUA GRANO MOLIDO 250G";"10"
"4000417626011";"800007594";"CHOCOLATE RITTER AMARGO EXTRA FINO 100 GRS";"4"
"7802920010861";"5011548";"YOG BAT COLUN LIGHT S/LACT CHIRIMOYA 900ML";"47"
"7804661490414";"800006037";"ACEITE DE COCO KOE 500 GRS";"6"
"799192659324";"800008138";"LATA CAFE TALLER BRASIL GRANO 185GR";"1"
"7804343004175";"5011563";"RESERVA PETIRROJO SAUV/BLANC 750CC";"34"
"7804676650872";"800006058";"BOLSAS HERMETICAS DOÑA GABY 20X20.5 CM";"27"
"7801230005079";"800008249";"FOUR PACK DURAZNOS EN CUBITOS HAPPY DREAMS 133 GR";"1"
"7804340909046";"5011692";"VINO TARAPACA RSVA SAUV BLANC 750CC";"17"
"0731416436632";"800006071";"BEBIDA GINGER BEER EWU MAQUI 350 CC";"212"
"35";"35";"PUNTA PICANA TINEO CAT V";"1.74"
"7802500008073";"5011795";"FIDEOS TALLIANI 36 CARACOLES 400GRS";"38"
"7802225640848";"800006096";"GALLETA BON O BON BLANCO 95 GRS";"105"
"7802920008127";"9759";"LECHE CARAMELO 330 CC PRISMA COLUN";"24"
"7809569600347";"5011853";"LONGANIZA  250GRS PACEL";"27"
"7802000018640";"800006103";"PAPAS FRITAS LAY´S ARTESANAS CAPRESE 150 G";"29"
"7809562401118";"14177";"POROTITOS VERDES REBANADOS PERELLO 300 GRS";"2"
"7809569600163";"5011856";"TOCINO AHUMADO 250GRS PACEL ";"37"
"7804603950990";"800006134";"GALLETON AVENA CHOCO CHIPS PETIT";"83"
"6901118707017";"24831";"TE VERDE CHINA BUTTERFLY BRAND 20 BLS";"9"
"7801930015651";"5011915";"PIZZA POLLO CONG BBQ RDA";"34"
"7804646450433";"800006142";"GALLETAS DE ARROZ MIZOS YOGURT FRUTI 150 GRS";"21"
"5014271370422";"25100";"MERMELADA ST DALFOUR DURAZNO 284 ML";"3"
"7804673020005";"5011935";"YOGUR GRIEGO MATICHE 500GRS";"59"
"793969039067";"800006163";"GRANOLA GRANOLERA TRADICION DOYPACK 350 GRS";"24"
"4000417025005";"28248";"CHOCOLATE RITTER SPORT MAZAPAN 100 GRS";"24"
"7809611710994";"5012055";"TIRITAS DE PECHUGA DE POLLO 700GR";"52"
"7804676651497";"800006184";"PAPEL HIGIENICO BLANCO DEL SUR 80 MTS X1";"121"
"7804315001935";"40242";"VINO PINOT CARMENERE 750CC";"8"
"7802420124662";"5012123";"MANI CONFITADO 80G MPOLO";"104"
"7804661491022";"800006207";"TE LANDI NEGRO CEYLAN MNZNA CANELA 20 BLS";"28"
"7804115002408";"60271";"QUESO CREMA RUMAY 170G";"67"
"7802351234003";"5012176";"AJI CHILENO EXTRACTO DON JUAN 100G";"13"
"7802575534620";"800006246";"ALIMET MASTER DOG CARNE CACHORROS 500 GRS";"32"
"78460";"78460";"MECHADA SEITAN DELICIAS DEL RIO 300GR";"5"
"7801420000617";"5012276";"ACEITE DE OLIVA BANQUETE 250 ML";"40"
"7801322000012";"800006262";"PAPAYAS AL JUGO 1000 CC GARCIA";"20"
"7707211631612";"300145";"CAFE JUAN VALDEZ DESCAFEINADO 95 GR";"2"
"7804682060016";"5012408";"DURAZNOS DOS CABALLOS TROCITOS 820 GRS";"12"
"7804615340635";"800006275";"CERVEZA ODISSEA AMBER ALE 470 CC";"222"
"5012074";"5012074";"MERMELADA SRA VIOLA FRAMBUESA C/AZ 500G";"2"
"7809569600415";"5012525";"MORTADELA LISA 125GR PACEL ";"61"
"7804655190405";"800006314";"PAPEL HIGIENICO BLANCO DEL SUR 50 MTS X4";"110"
"7802107000883";"800001972";"CERVEZA KUNSTMANN VALDIVIA 330 CC";"6"
"78025219";"78025219";"KENT IKON MIX X20";"80"
"7861000293600";"800006341";"CAFE COSECHA ROJA BALANCEADO MOLIDO 340GRS";"2"
"7797453000802";"800002245";"SOBRE PEDIGREE ADULTO POLLO 100 GRS";"58"
"7622201693138";"778431159";"GALLETA OREO VAINILLA 126GRS";"72"
"8413481012004";"800006349";"SIDRA ASTURIANA MAYADOR 700CC";"19"
"7803468002523";"800003062";"PAN PITA INTEGRAL CASTANO";"19"
"8001665700085";"778431381";"CAPPELLETI CON CARNE RANA 250G";"44"
"7808304352954";"800006359";"TURRON VALENTTE BLANDO DE MANI  90 GRS";"30"
"7750323000289";"800003369";"DESTILADO BARSOL QUEBRANTA 40  700CC";"4"
"778431403";"778431403";"MIX COCO EL ALMENDRO 100 GR";"31"
"90454707";"800006378";"ENERGETICA RED BULL SUMMER VERDE 250CC";"156"
"5413121361267";"800004279";"CHOCOLATE BELGIAN HARVEST SEASHELLS 195G";"4"
"778431407";"778431407";"PLATANOS EN BOLSA EL ALMENDRO 80 GR";"14"
"7802200840454";"800006384";"CHOCOLATE AMBRONUSS 100 GRS";"120"
"7804615340567";"800004881";"CERVEZA KROSS GOLDEN 470 CC LATA";"29"
"7804647990075";"778431423";"PAPA SOUFLE MALLA 2 KILOS HUERTOS DEL RANCO";"163"
"7803480001436";"800006390";"PAN LINAZA CHIA FUCHS 600GRS";"111"
"4067700027894";"800005572";"LICOR JAGERMEISTER COLD BREW COFFEE 700CC";"1"
"7802410609162";"778431532";"COBERTURA CHOCOLATE DE LECHE GOURMET 500 GRS.";"17"
"7803480001412";"800006393";"PAN MULTIGRANO FUCHS LIGHT 620GRS  ";"91"
"658325429343";"800006234";"SPARKLING MELA LIGHT GINGER DEMISEC 750 CC";"1"
"7802920008073";"778431569";"QUESILLO COLUN S/LACTOSA 320GR";"53"
"7896029052365";"800006906";"PEDIGREE DENTASTIX RAZAS GRANDES X7";"5"
"7613035835986";"778431633";"GALLETA KUKY 2.0 BLANCA 190G";"77"
"7501013107364";"800007477";"NECTAR JUMEX MANGO 460 ML";"15"
"614143233999";"778431755";"YERBA MATE SENSORIAL CHAI 250G TARRO";"5"
"4792252919884";"800008011";"TE BASILUR MAGIC FRUIT 10 BLS";"16"
"7804639510014";"778431819";"CERVEZA SELVA FRIA STOUT 330G";"51"
"7509552928617";"800008226";"ACONDICIONADOR ELVIVE GLYCOLIC GLOSS 370 ML";"3"
"875213000600";"778431828";"CERVEZA PETRUS AGED RED 330CC";"1"
"7791130681384";"800008311";"LIMPIADOR BAÑO 500CC HARPIC";"2"
"7898591453212";"778431990";"GOMITAS DENTADURAS FINI 90G";"40"
"7802150088838";"4632";"JARABE GRANADINA MITJANS 900 ML";"1"
"7898591453243";"778431992";"GOMITAS GUSANO DULCE FINI 90G";"46"
"7801305100258";"14065";"DURAZNOS MITADES WASIL 560GR.abt";"4"
"7803403002304";"778432051";"TIA ROSA TORTILLA GRANDOTA";"88"
"23043";"23043";"BROCOLI UNIDAD";"48"
"7802095181168";"778432139";"TORTILLAS MEXICANAS X8 L PANCHO VILLA 256G";"77"
"7802410206200";"25249";"GLUTAMATO SAZONADOR GOURMET 39 GRS";"1"
"7802100001788";"778432180";"PACK CERVEZA ROYAL LATA X12 UNDS";"478"
"7891000332429";"94598";"ALIEMENT HUMEDO PURINA ONE GAT SUPERNUTRI 85GRS";"22"
"7802225571869";"778432362";"ZANAHORIA DEL CONEJO DEU 90G";"110"
"7801875069092";"5008788";"BOLSA SUPERIOR 50X55";"13"
"7803480020079";"778432372";"PAN FUCHS STUTGAR INTEGRAL 650 IDEAL";"86"
"7804665830001";"778433533";"VINO DESALCOHOLIZADO SINZERO CAB/SAU 750CC ";"1"
"7891024316191";"778432446";"CEPILLO COLGATE 360 MEDIO PACK X2";"5"
"7792640000269";"800002494";"SHAMPOO CAPILATIS CABELLO GRASO 410 ML";"4"
"7800000161410";"778432502";"FIGURAS DE MAZAPAN CONEJO PETIT";"6"
"7798121250970";"800004844";"HEMP WRAP LION ROLLING CIRCUS CHOCOLATE X2 U";"1"
"7800000162585";"778432507";"CONEJA  PETIT";"131"
"8906078266251";"800005504";"GALLETA OLSEN MANTEQUILLA 114 GRS CAJA";"13"
"7614500010013";"28605";"TOBLERONE 100 GRS";"32"
"7802940730701";"778432529";"VINO REQ TORO DE PIEDRA GR RSVA CAB/SAUV 750CC";"44"
"7806500241430";"800006462";"SERVILLETA NOVA CLASICA 150 UNDS";"87"
"7802215101816";"28623";"ROLLS CRISPY BERRIES 120 GRS";"59"
"7802705618411";"778432566";"HELADO BRESLER VIENNETTA CAPUCCINO 1L";"14"
"7804619042450";"800007113";"MALETA MIX VINO COLO COLO 750 CC ";"1"
"7790380270034";"28657";"MANTECOL CLASICO 253 GR";"64"
"7804646540059";"778432652";"QUESO CHANCO RAFULCO LAMI 500 GR";"29"
"8682077009371";"800007951";"BOMBONES RELLENOS VANELLI TOFFEE CON CREMA SABOR CHOCOLATE 120GR (937 MORADO)";"6"
"7803520140194";"28772";"EMPAREDADO DE CIRUELAS/AZUCAR 150G";"6"
"7702084137537";"778432689";"HARINA PRECOCIDA PAN AMARILLA 1KL";"13"
"7891150102972";"800008171";"SHAMPOO DOVE RECONST+AMINOACIDO 370 ML";"7"
"7790520014184";"29187";"DESINFEC.LYSOFORM LAVANDA  360CM";"23"
"7891024183120";"778432761";"HILO DENTAL COLGATE PACK 2X50MT";"4"
"7509552964189";"800008233";"SHAMPOO ELVIVE GLYCOLIC GLOSS CRISTAL 370 ML";"8"
"7802615005103";"29961";"HARINA SELECTA CON POLVO 1 KG";"26"
"7801315000166";"778432855";"GARBANZOS ESMERALDA 400G";"37"
"7804438001553";"800008279";"ALIMENTO CANNES CARNE CEREAL 1,5 KG";"4"
"7896019208451";"29988";"CAFE CRUZEIRO LIOFILIZADO 90 GRS";"39"
"7802420003806";"778432866";"POPCORN CARAMELO MARCO POLO 250G";"79"
"878";"878";"PECHUGA POLLO DESH. AUTO SERV KG";"1.735"
"7802410001430";"29995";"ADEREZO P/ENSALADAS GOURMET AJO CIB 250G";"16"
"7802900001360";"778433005";"QUESO RALLADO PARMESANO SOPROLE 80G RTC";"21"
"7509546003122";"2118";"PASTA DENTAL BARBIE COLGATE 75 ML pqt";"1"
"7793100151224";"30066";"CEPILLO DENTAL COLGATE RABBIT";"14"
"7801510778525";"778433030";"SALMON AHUMADO VONFACH DESMENUZADO 250G";"72"
"7791293044491";"30153";"TALCO P/PIES REXONA EFFICIENT 200 GRS";"4"
"778433060";"778433060";"QUESO CERDO GRAU LAMIN 200GR SACHET";"15"
"6333";"6333";"CHULETA KASSLER A/V BRAUNAU";"5.640000000000001"
"7802900002671";"30227";"YOG 1+1 MINI PILLOWS SOPROLE 150G";"224"
"7802410003618";"778433158";"BICARBONATO GOURMET 100G ZPP";"77"
"7802410005063";"25234";"ANIS ESTRELLA GOURMET 7 GRS";"1"
"7891150094802";"30350";"PASTA DENTAL PEPSODENT TRIPLE 90 GR";"62"
"7792798012923";"778433195";"CERVEZA QUILMES LATA 473CC";"7"
"7805010001510";"27846";"CERA NUGGET CAOBA 340 CC";"7"
"30547";"30547";"PALTA HASS ";"2649.4479999999994"
"7808729601194";"778433329";"VINO CASAS PATRONALES MERLOT RSVA 750CC";"15"
"7802900004804";"29802";"YOG KEFIR FRUTILLA TZ SOPROLE 120G";"36"
"5060033821664";"32545";"ESPUMA THE PINK STUFF LIMPIA INODORO  3 UN";"2"
"7804668160082";"778433341";"CHICHA DE MANZANA TRALCAO 750CC";"6"
"658325670820";"36253";"CEREAL PUFF KUNA MANZANA ARANDANO 10 GRS";"12"
"7802920010595";"35004";"YOG COLUN ORIGEN FRUTILLA 120GR";"406"
"7794612413855";"778433417";"BIGTIME ULTRA GREEN 288 GR";"74"
"659525149420";"36256";"CEREAL PUFF KUNA PLATANO ZAPALLO 10GR";"9"
"90424496";"35648";"ENERGETICA RED BULL SUMMER AMARILLA 250CC";"386"
"7790272001050";"778433421";"ACEITE NATURA 100 MARAVILLA 500ML";"87"
"745853842895";"36261";"SOUFFLE BOMBAS KUNA MEDITERRANEA 20GR";"12"
"041789001925";"40008";"SOPA INSTANTANEA MARUCHAN CARNE DE RES 64GR";"7"
"7801305005232";"778433449";"LENTEJA C/CHORIZO WASIL TTA 380G";"25"
"793969002498";"36263";"GUMIS KUNA BERRIES 4UN 65GR";"2"
"7802175454267";"40035";"PISCO HORCON QUEMADO 35  645CC";"4"
"7803520002485";"778433484";"GALLETAS MINI BISCUIT S/GLU CHIPS 30G";"8"
"793969002528";"36269";"COOKIDS KUNA ORIGINAL 30GR ";"15"
"7802100001719";"40067";"CERVEZA RETORNABLE CRISTAL 1.2 LTS ";"49"
"23045712005";"778433497";"CAFE SANTO GRANO SANTÍSIMO GRANO 250G";"7"
"8445291684607";"64609";"ALIMEN DOGCHOW LONGEVIDAD 3KG ";"3"
"7804454000332";"40107";"VINO DONA DOMINGA CHARDONNAY 750C";"15"
"7891024005064";"778433511";"PASTA COLGATE LUMINOUS WHITE 140GR";"23"
"303319";"303319";"MERMELADA SRA VIOLA DURAZNO ALUL 500G";"2"
"7804673220023";"40110";"CERVEZA CUELLO NEGRO STOUT  330CC";"128"
"7801235276115";"778433547";"CHORITOS SAN JOSE NATURAL 190G";"9"
"7806810252003";"778431430";"SACACORCHO DOBLE PALANCA ILKO";"4"
"7802175455073";"40119";"LICOR AMARETTO FEHRENBERG 700C";"9"
"90446245";"778433571";"ENERGETICA RED BULL ACAI 250 ML";"154"
"715126000727";"778432592";"VINO MONTES ALPHA SPECIAL CUVEE C/SAU 750CC";"2"
"7802107000074";"40121";"CERVEZA KUNSTMANN GRAN TOROBAYO 500CC";"166"
"6301618000005";"778433614";"BARRITA ENERGETICA TERRANUT ANTIOX 55G";"15"
"7702626214931";"778433774";"QUITAMANCHA VANISH LIQUIDO ROSA 450 ML";"3"
"7804602381085";"40167";"ESPUMANTE VINAMAR EXTRA BRUT 750 CC";"37"
"7802820650013";"778433664";"AGUA BENEDICTINO 6.5 LTS";"92"
"8000500009673";"778434038";"BOMBON FERRERO ROCHER 300G ";"1"
"5000267013602";"40268";"WHISKY JOHNNIE WALKER RED 1 LTS 40 ";"14"
"4006581061016";"778433721";"CAFE EN CAPSULAS MOVENPICK INTENSO EXP 10U";"7"
"7804656560122";"800001056";"PASTA DE AJO NEGRO HUERTOS DEL SUR 140GR";"1"
"7802110001952";"40321";"PISCO ALTO DEL CARMEN ESPECIAL 1 LTS";"46"
"7808729601163";"778433739";"VINO CASAS PATRONALES GRAN RSVA CARM 750CC";"23"
"7802337930240";"800001639";"KETCHUP TRAVERSO BARRIL 240 CC";"1"
"7802175455912";"40324";"PISCO MISTRAL ESP 35 GL 1 LTS";"417"
"778433791";"778433791";"BOLSA ECOLOGICA RECICLABLE";"268"
"7804619040265";"800002628";"VINO VERAMONTE GRAN RSVA CAB SAUV 750 CC";"1"
"7802100004178";"40380";"CERVEZA ROYAL GUARD 650 CC ";"728"
"7808760900461";"778433973";"ACEITE OLIVA 1000 CC HUASCO";"25"
"7755120813728";"800003442";"CUCHARA TE/CAFE DE MADERA X 10 UNDS";"2"
"7804315003656";"40527";"ESPUMANTE UNDURRAGA ROSE 750 CC";"8"
"7802107000562";"778433978";"CERVEZA KUNSTMANN TOROBAYO LATA 470CC";"2574"
"0659525280857";"800005401";"YERBA MATE LAYMI DIGESTIVO 350 GRS TUBO";"1"
"7790895001239";"50043";"VITAMIN WATER CITRICO TROPICAL 500 ML";"56"
"7804627651101";"778433993";"PAPAS FRITAS BUKA C/SAL DE MAR 150 GRS";"147"
"67590067";"800006153";"MERMELADA SRA VIOLA MURTA C/AZ 500G";"1"
"7804641960005";"50121";"JUGO CONCENTRADO CRANBERRY 1 LT";"18"
"7702367003917";"778434040";"ATUN EN AGUA VAN CAMPS 160 GR";"358"
"7804675680009";"800006215";"VODKA CIERVO AUSTRAL 750 CC";"1"
"7801620006044";"50166";"AGUA MINERAL PURA VIDA 6 LT";"113"
"7801620006877";"778434042";"BEBIDA PEPSI ZERO 2000CC DESECH";"328"
"085000034361";"800006972";"VINO ELIJAH CAB SAUV 750 CC";"1"
"7613036467339";"50209";"YOG NATURAL GRIEGO NESTLE S/ ENDUL 120G";"466"
"7801235002417";"778434057";"JUREL LOMO SAN JOSE ACEITE 160GRS";"48"
"7809527600686";"800007144";"VINO SELLO DE RAZA CARMENERE 750 CC";"1"
"7802900002039";"50234";"YOG PROTEIN + VAINILLA 155G";"224"
"7801235002424";"778434059";"JUREL LOMO SAN JOSE AHUMADO 160GRS";"95"
"7802410005322";"800007344";"SALSA GOURMET ALGODON DE AZUCAR 280 GRS";"1"
"7802080000672";"50238";"MOZZARELLA LOS TILOS 250G";"23"
"2007786000130";"778434106";"MIEL MAILEN MAPU PRADERA 1 KG";"13"
"7802245000783";"800007479";"CUCHUFLI BLANCO ENTRELAGOS 60GR";"14"
"8445290262738";"50310";"LA CREMERIA COOKIES & CREAM 1LT";"16"
"2007786000178";"778434110";"MIEL MAILEN MAPU PRADERA 500 GRS";"21"
"7804684890628";"800007615";"CHUÑO GESCHMACK 500 GRS";"1"
"7801930016771";"50313";"PIZZA 4 QUESOS RDA";"43"
"7802200361157";"778434216";"JALEA POUCH AMBROSOLI PINA 100 GRS";"53"
"8076800195057";"800007864";"PASTAS SPAGHETTI N°5 BARILLA 500G ";"4"
"7802930005482";"52223";"YOG QUILLAYES KEFIR NATURAL 400G";"32"
"78029361";"778434256";"CHICLE BIGTIME FRESH ICE 11 GR";"119"
"7509552845938";"800008239";"CREMA PARA PEINAR ELVIVE HIALURONICO  300 ML";"1"
"701822709217";"52647";"MANI CONFITADO FRAMBUESA LOS FRUTOS 70GR";"76"
"7802410003755";"778434266";"CALDO GOURMET NATURAL CARNE 6 UN";"13"
"7501035042322";"4754";"TEQUILA JOSE CUERVO SILVER 750CC";"1"
"7802225573092";"54323";"HUEVOS DEU MACIZO X30 UNDS";"151"
"7622201715236";"778434279";"CHOCOLATE MILKA C/LECHE 80 GR ";"93"
"6332";"6332";"CHORIZO PARRILLERO A/V X 4 BRAUNAU";"4.418"
"7613035807464";"55560";"HELADO MEGA FRAMBUESA 90 ML";"19"
"7801620007980";"778434326";"BEBIDA LIMON SODA ZERO 2000CC.DESECH";"85"
"701822709248";"56019";"SUPER MIX FRUTOS SECOS LOS FRUTOS 100G";"22"
"7801620008055";"778434353";"BEBIDA CANADA DRY ZERO 2000CC DESECH";"108"
"701822709361";"56022";"MANI TOSTADO NATURAL LOS FRUTOS 180G";"41"
"7802930004737";"778434429";"YOG QUILLAYES GRIEGO NATURAL 400GR";"36"
"7809562401194";"14384";"CASTANAS ALMIBAR PERELLO FCO 500 GRS";"3"
"701822709262";"56102";"MANI CROCANTE NATURAL LOS FRUTOS70GR";"10"
"7802215502286";"778434453";"GALLETA MINI DONUTS 40GRS";"121"
"7805040313003";"26127";"LUSTRAMUEBLE VIRGINIA TRADICIONAL 250 CC";"2"
"7802920777498";"56565";"QUESO GAUDA COLUN 500 GR";"129"
"7790520990884";"778434468";"DESOD AMB GLADE MINI GEL PLACER FLORAL 70G";"24"
"745853842901";"36250";"CEREAL PUFF KUNA PERA ESPINACA 50GR ";"2"
"7802920011080";"56845";"YOG COLUN KEFIR NARANJA 120 GR";"290"
"78024717";"780455149";"LUCKY STRIKE WILD 20";"23"
"659525149413";"36254";"CEREAL PUFF KUNA PLAT-ZAPALLO 50G";"2"
"041789001956";"60005";"SOPA MARUCHAN CAMARON 64 GR";"46"
"7803525001018";"800000017";"QUEQUE BROWNIE NUTRA BIEN ZANAHORIA 250 GRS";"54"
"7807265136313";"45979";"BOLSA REGALO NAV EX GR 33X45CM";"1"
"041789001888";"60070";"SOPA MARUCHAN CARNE ASADA 64 GR";"57"
"7797453000437";"800000040";"SOBRE WHISKAS PAVO 85 GRS";"41"
"5941021003456";"5009806";"MURTA MEMBRILLO 890CC CALLE CALLE";"7"
"7803600981525";"60148";"SAL LOBOS SALERO 500 GR";"21"
"7802000016394";"800000078";"TWISTOS QUESO 100 GR";"59"
"4719003001346";"800001953";"TERMOMETRO DIGITAL MICROLIFE";"4"
"7803908006197";"60181";"NECTAR GUALLARAUCO NARANJA PET 1L";"341"
"8858135000974";"800000134";"BASE COCO 1000 GRS THAI";"9"
"7804643980292";"800004241";"VINO VIK LA PIU BELLE ENSAMBLAJE 750CC";"1"
"7804635611128";"60214";"CAMARON 31/35 APANADO GLOBAL FR 500G";"68"
"7802100003232";"800000211";"PACK X 12 CERVEZA COORS LATA 350CC";"300"
"8445290398710";"800004853";"CAFE NESCAFE TRADICION 125 GRS";"6"
"7804635611098";"60221";"CAMARON S/C CASC 100/150 ST GLOBAL FROZEN 500G";"218"
"7802410002819";"800000356";"TOMILLO EN HOJAS GOURMET";"27"
"4792252001107";"800005134";"TE BASILUR ASSORTED MAGIC FRUIT 20 BLS";"7"
"7802900239527";"60238";"YOGHITO SOPROLE TETRA FRUTILLA 115G";"304"
"8005121002096";"800001146";"CONCHIGLIONI 87 DIVELLA BRONZO 500 GRS";"3"
"7804652980337";"800006700";"AJI CON PIÑA BY MARIA 430 GRS";"2"
"7802926001764";"60246";"HELADO 0% AZUCAR VAINILLA SN FCO 1LT";"33"
"7804658020280";"800001176";"JUGO AMA ORGANICO MANZANA 300 CC";"26"
"8410113575623";"800006870";"PISCO EL GOBERNADOR PLATINO 700 CC 41 ";"2"
"7802926001795";"60255";"PACK PALETA SAN FCO 0% VAINILLA ALM 5UN";"19"
"7804658020297";"800001179";"JUGO AMA ORGANICO MANZ-PERA 300 CC";"15"
"7622210824721";"800008220";"CHOCOLATE MILKA OREO SANDWICH 92 GRS";"1"
"7802705619012";"60261";"HELADO BRESLER  VIENNETTA MORA CREMA 1L";"11"
"7804454005788";"800001198";"VINO DONA DOMINGA BLACK RSVA MERLOT 750CC";"18"
"7509552845884";"800008234";"SHAMPOO ELVIVE HIALURONICO 370 ML";"4"
"7804646540158";"60302";"QUESO MANTECOSO RAFULCO 250G";"23"
"7804646000584";"800001246";"ENERGETICA MR BIG PANTHER LATA 473 CC";"113"
"7806810251068";"800008315";"ABRIDOR MULTIPLE BASIC ILKO";"2"
"7802926001757";"60315";"HELADO 0% AZUCAR CHOC NUSS SN FCO 1LT";"17"
"7797453972390";"800001249";"WHISKAS POLLO 1 KG";"7"
"8445291684270";"800008328";"ALIMENT DOG CHOW MINI CARNE Y POLLO 3K";"3"
"7804650390077";"60361";"QUESO RUNCA GRANULADO 500G";"137"
"8445291296442";"800001276";"CEREAL TRIX 250 GRS.";"31"
"7501058751355";"2101";"ANTIGRASA GLASSEX LIMON 650 ML GATILLO";"4"
"7804650390169";"60363";"QUESO RUNCA ESP MERKEN 200G";"69"
"7808743602481";"800001332";"ARVEJAS VERDES BONANZA 1 KL";"20"
"7806810002721";"30604";"ESPONJA ACANALADA VIRUTEX GRANDE CLASICA A/BACTER";"8"
"7804650390183";"60365";"QUESO RUNCA ESP ALBAHACA 200G";"99"
"7801230023059";"800001461";"ALCAPARRAS LAS CARABELAS 100GR FRASCO";"11"
"8445291176973";"45165";"CASSATA 0% SAVORY FRAMBUESA A LA CREMA 1LT";"2"
"7622202257599";"60408";"CHOCOLATE MILKA GANSE HASELNUSS 100G";"42"
"2007781001705";"800001466";"ALFAJOR TRADICION DEL SUR BITTER 55%";"29"
"7800000162127";"5009588";"BARRA TURRON MANI 60GR PETIT";"10"
"7808709504569";"60425";"CREMA MB SURLAT S/L 200ML";"78"
"7808743600500";"800001503";"LENTEJAS BONANZA 6MM 1 KG";"56"
"7702010631207";"800000285";"CEPILLO COLGATE TRIPLE ACCION MEDIO PACK X2 ";"1"
"60520";"60520";"CEREGLI FRAMBUESA UND ORIENTAL PRODUCTOS";"56"
"2664697029805";"800001559";"NARCISO MACETERO BLUME";"15"
"7802237001217";"800003349";"7 ESPECIAS SUK 70GRS";"2"
"60523";"60523";"CEREGLI PISTACO UNI ORIENTAL PRODUCTOS";"22"
"7804320750552";"800001643";"VINO DIABLO DARK BLACK 750CC";"8"
"7798121253827";"800004843";"HEMP WRAP LION ROLLING CIRCUS GRAPE  X2 U";"10"
"0745853531799";"60669";"HUEVOS REINHARD GALLINAS PASTORIL X12";"221"
"614143234095";"800001746";"YERBA MATE SENSORIAL MELI MURTA 250G TARRO";"9"
"7501058716552";"800005470";"LIMPIADOR DESINF.HARPIC EXTRA FUERTE 200 ML";"3"
"7802626001651";"60801";"HARINA TUD COLLICO 750 G ";"79"
"0070847035206";"800001841";"ENERGETICA MONSTER ULTRA PARADISE 473CC";"38"
"745853868123";"800006534";"MERKEN CACHO CABRA PREMIUM SACHET 15 GRS";"11"
"7802080000733";"61013";"QUESO CABRA LOS TILOS NAT 200G";"60"
"7613287103529";"800001934";"CHOCOLATE SAHNE- NUSS 90 GR ";"156"
"7804628883259";"800007776";"MERMELADA  CIRUELA SUR NATURALE 370G";"1"
"7802900003357";"61036";"KEFIR SOPROLE NATURAL 1 LT";"105"
"7802100004000";"800002020";"CERVEZA PATAGONIA RED LAGER 470 CC";"264"
"7891150103115";"800008177";"ACONDICIONADOR DOVE NUTRI+TRI OLEOS 370 ML";"4"
"7802705401549";"61050";"HELADO COSTA RAMA POTE 900ML";"21"
"8076809513678";"800002053";"SALSA BARILLA BOLOGNESE 400 GRS";"20"
"7501058715784";"800008260";"AMBIENTAL AIRWICK PURE CITRICO MEDIT 250CC";"2"
"7801220004402";"61099";"CHOCLO TZ MINUTO VERDE 680G";"26"
"8410342003218";"800002085";"CHOCOLATE TORRAS CLASSIC NGR/MENTA 75G";"22"
"7804438003175";"800008280";"ALIMENTO FELINNES SALMON 1KG";"13"
"7802920009391";"61104";"YOG COLUN PROTEIN SQZ VAINLLA 150G";"172"
"8410342005618";"800002089";"CHOCOLATE TORRAS CLASSIC BLANCO 75G";"22"
"7702626302966";"2227";"BETUN PARA ZAPATOS NUGGET NEGRO 65GR PCR";"3"
"7802920009995";"61180";"QUESO RIO BUENO LAM GRUESA 420GR.";"29"
"7891150067707";"800002122";"DETERG OMO LIQ P/DILUIR 500 CC RECARGA";"102"
"7808704700034";"4875";"VINO MISIONES DE RENGO 750 CC CARMENERE";"8"
"7808304351452";"61213";"QUESO LAMINADO CHAPUCO 250G";"18"
"2007785000216";"800002207";"MUESLI FRAMBUESA PLATANO SIEMPRE BERRIES 400G";"6"
"8445291239173";"25149";"CAFE NESCAFE DOBLE MOKA 8 UNDS";"6"
"7802900003203";"61218";"QUESO CAMEMBERT SOPROLE 125G";"29"
"7804602381405";"800002247";"ESPUMANTE VINAMAR DESALC ROSE 750CC";"13"
"7802900005238";"59164";"YOG PROTEIN POWER SOPROLE FRUTILLA 155GR";"49"
"7804647990280";"61235";"BROCOLI FILM HUERTO RANCO";"317"
"7803111002177";"800002284";"SALSA HUANCAINA PERFECT CHOICE 225 GRS";"5"
"7809611719997";"61260";"PECHUGA COCIDA SOPRAVAL LAM 200G";"12"
"7802926001849";"61290";"POSTRE SAN FCO VOLCAN DE CHOCOLATE";"22"
"798190259994";"800002365";"ENERGETICA SCORE BUBBLE GUM 473CC";"118"
"745853443870";"70002";"SUCEDANEO ARROLLADO HUASO C/AJI DELICIAS140G";"3"
"7613037042290";"61316";"GALLETA GRILL CLASICA 140G";"116"
"8003753915050";"800002427";"CAFE ILLY MOLIDO TOST CLASICO P/M LATA 250 GRS";"5"
"7804666810323";"849568";"WAFER NAT NATURAL PIMIENTA 100GR";"2"
"7802900003791";"65024";"LECHE PROTEIN+NITRO VAINILLA SOPROLE 1L";"35"
"7804643650041";"800002489";"SIDRA QUEBRADA DEL CHUCAO BRUT NATURE 750 CC";"2"
"7803520002478";"778433483";"GALLETAS MINI BISCUIT S/AZ CHIPS 30G";"23"
"7801930024585";"65106";"COMPOTA NARANJA Y PLATANO PF 90G";"33"
"7806810007184";"800002513";"PANO MULTIUSO 3 UNI VIRUTEX";"22"
"7804651931910";"800004443";"HIDRATANTE SUEROX NARANJA 630 ML ";"2"
"7802920010939";"65214";"MANJAR COLUN DOYPACK 800 GR";"25"
"7804647990266";"800002549";"LECHUGA COSTINA HUERTOS DEL RANCO";"177"
"8002650001378";"800005616";"CAFE SAQUELLA BAR ITALIA MOLIDO 250G BOLSA";"2"
"7802626001446";"65533";"HARINA COLLICO TUD 3.3K";"36"
"701822709408";"800002652";"PISTACHOS SALADOS LOS FRUTOS 70GR";"39"
"7802409087759";"800006074";"ESPUMANTE BOSIO CUVEE ROSE 750";"13"
"799192075308";"65588";"HUEVOS COPIHUE GALLINA LIBREX12 UN";"867"
"7802337910907";"800002724";"KETCHUP TRAVERSO VINTAGE 450 CC";"11"
"7798121250994";"800006216";"HEMP WRAP LION ROLLING CIRCUS BLUEBERRY X2 U";"10"
"7802960002499";"66561";"CREAM CHEESE LIGHT STA ROSA 200G";"54"
"7803908006227";"800002754";"NECTAR GUALLARAUCO MANGO PINA NRJA PET 1L";"187"
"7804320098807";"4936";"VINO SANTA EMILIANA SYRAH 700ML";"2"
"753153701842";"67701";"PALETA HELADO KREEMS FRUTILLA";"30"
"7896018700628";"800002807";"TOALLITA HUMEDA HUGGIES LIMP EFECT 48U";"53"
"7802410506263";"25223";"SALSA CHOCOLATE LIGHT GOURMET 280 GRS";"2"
"78028944";"67720";"POSTRES DEL SUR BLANCO COLUN 95G";"43"
"070177228491";"800002850";"TE TWININGS PURE GREEN 50 BLS";"11"
"7802615005615";"26841";"HARINA MONT BLANC S/POLVOS 1 KG";"4"
"7802930005352";"67725";"YOG QUILLAYES PROTEIN NAT S/ENDULZ 800G";"81"
"769602364674";"800002879";"CASTANAS DE CAJU LOS FRUTOS 70GRS ";"65"
"7803403000737";"28227";"ALFAJOR LAGUITO 70 GRS X 2 UND";"17"
"7802920011608";"69564";"LECHE COLUN ORIGEN CHOCOLATE 200 ML ";"446"
"798190181738";"800002909";"ENERGETICA SCORE MOJITO 473 CC";"66"
"303545";"303545";"DOG CHOW FOR ADULTO RMG 19.5 K";"1"
"7802920010298";"70120";"MANJAR S/LACTOSA COLUN POTE 380G";"26"
"7755120962709";"800002939";"VASOS BICOLOR ROJO GLOBAL PARTY 500CC 10U";"28"
"7804621470371";"5011074";"TRIPACK ATUN LOMITO LIMON ROBINSON CRUSOE 240 GR";"1"
"7802920010502";"70218";"YOG DEL SUR COLUN F ROJOS SUR 120G";"370"
"8411640001371";"800003002";"COCTEL SPIRIT VODKA BERRY 275 ML";"26"
"4792252920149";"800005145";"TE BASILUR EARL GREY 10 BLS";"3"
"70550";"70550";"MIX CHARCUTERIA CZISCHKE";"6.612"
"7801320000007";"800003036";"ACEITE MIRAFLORES 900 ML MARAVILLA";"75"
"7801305005522";"800005538";"SALSA LISTA WASIL POMODORO 340 GRS TETRA";"11"
"7802910007079";"70605";"YOG LONCO PROTEIN FRUTILLA 140 GR";"34"
"7500435182225";"800003055";"DETERGENTE LIQ.1.8 LTS. ARIEL DOWNY";"19"
"7644518293528";"800005662";"MERKEN CACHO CABRA AHUMADO 50 GRS";"3"
"7802910007338";"70612";"YOG LONCO PROTEIN VAINILLA 140G";"152"
"7802940014269";"800003080";"VINO REQ TORO DE PIEDRA GR RSVA SAUV/BLANC 750CC";"28"
"7804945012455";"800006959";"SHAMPOO SIMONDS SMILLE MANZANILLA 400 ML";"3"
"701822709286";"70928";"MANI CON CHOCOLATE NEGRO LOS FRUTOS 80GR";"43"
"7802215504570";"800003102";"GALLETA NIK BLOCK 130 GRS";"16"
"730170653217";"800007481";"GIN BROUWERSHAWEN MURTA 750 CC";"1"
"7802920010663 ";"74412";"YOG BAT COLUN LIGHT S/AZUCAR FRUTILLA 120G";"203"
"0781159937408";"800003105";"MULTIFLORA CHILE ORCHIDS";"10"
"800007993";"800007993";"SALSA TEREYAKI 460 CC";"2"
"799192427763";"74510";"MIX GALLETAS S/ GLUTEN 250GR";"53"
"7805000321581";"800003121";"MAYONESA HELLM SUPREME ARTESANA POTE 380G";"35"
"7891150103160";"800008176";"ACONDICIONADOR DOVE HUMECT+COCO ANTIOX 370 ML";"1"
"7802626001903";"77200";"HARINA TUD COLLICO TRIPLE 0 BOLSA 1K";"21"
"7801620340155";"800003129";"BEBIDA LATA LIMON SODA 350 CC";"101"
"7801230005314";"800008248";"ESPARRAGO VERDE LAS CARABELAS 330 GRS";"6"
"78410";"78410";"TOFU 500 GRS HAILSEINTAN";"14"
"7806500962823";"800003140";"TOALLA LADYSOFT NOCT ULTRAD SUAVE X7";"42"
"7804688170023";"800008330";"TOALLITA HUMEDA RITMO CLEAN C/TAPA 80 UN";"8"
"736372719393";"78454";"MIEL MULTIFLORAL CHILOE CAHUALA 500GR";"7"
"7806500406730";"800003215";"TOALLA ELITE MAXIROLLO DECO X 1";"55"
"7804688170078";"800008332";"BOLSAS DE BASURA RITMO CLEAN 50 X 70";"11"
"7801970002109";"78516";"SALCHICHA LLANQUIHUE ORIGEN SUREÑA 250GR ";"104"
"7801505003045";"800003282";"POROTOS NEGROS IANSA TETRA 390 GRS";"39"
"7804688170108";"800008335";"BOLSAS DE BASURA RITMO CLEAN 90 X 120";"4"
"7802705410909";"79846";"POSTRE SAN FCO PIE DE LIMON 900 ML";"8"
"7804635950012";"800003299";"ACEITE DE OLIVA ZEITUN 500 ML";"18"
"6";"6";"ASADO TIRA 4CM TINEO CAT V";"6.208"
"701822709354";"82270";"PASAS RUBIAS LOS FRUTOS 90GR";"10"
"7802940002013";"800003337";"VINO REQ TORO DE PIEDRA GR RSVA CAB/CARM 750CC";"21"
"7802920011288";"84650";"YOG COLUN PROTEIN SQZ CHIRIMOYA  S/A 150GR";"187"
"7802940024268";"800003339";"VINO REQ TORO DE PIEDRA GR RSVA PET VERD/C.S.750CC";"2"
"7804687060004";"84950";"HELADO VAINILLA FRANCESA BRUMA 473 ML";"14"
"7801620000738";"800003353";"NECTAR WATTS DURAZNO ZERO 1.5 LT";"18"
"7806810010085";"26363";"PLUMERO PVC VIRUTEX ELECTROESTATICO ";"2"
"7804687060042";"84952";"HELADO COOKIE CREAM BRUMA 473 ML";"13"
"78414";"800003401";"CHICHARRON VEGANO HAIL SEITAN 150GR";"3"
"7805010001534";"29148";"CERA NUGGET AMARILLA 340 CC";"4"
"7801970001676";"85546";"TIRITAS LLANQUIHUE VACUNO 300GR";"17"
"7755120931712";"800003411";"BOMBILLAS ECO POLIPAPEL X 10 UNDS GLOBAL P.";"24"
"7802000020872";"778433461";"SNACK DORITOS SWITCH CREMA Y CEBOLLA 180 GR";"18"
